file,line,type,commit,author,date,time,timezone,datetime,depth,length
style.css,1,css,8540341,JingwenGu0829,2026-04-10,22:38:49,-07:00,2026-04-10T22:38:49-07:00,0,5
style.css,2,css,8540341,JingwenGu0829,2026-04-10,22:38:49,-07:00,2026-04-10T22:38:49-07:00,1,34
style.css,3,css,4ba20847,JingwenGu0829,2026-04-13,14:30:06,-07:00,2026-04-13T14:30:06-07:00,1,72
style.css,4,css,4ba20847,JingwenGu0829,2026-04-13,14:30:06,-07:00,2026-04-13T14:30:06-07:00,1,55
style.css,5,css,4ba20847,JingwenGu0829,2026-04-13,14:30:06,-07:00,2026-04-13T14:30:06-07:00,1,62
style.css,6,css,4ba20847,JingwenGu0829,2026-04-13,14:30:06,-07:00,2026-04-13T14:30:06-07:00,1,23
style.css,7,css,4ba20847,JingwenGu0829,2026-04-13,14:30:06,-07:00,2026-04-13T14:30:06-07:00,1,61
style.css,8,css,4ba20847,JingwenGu0829,2026-04-13,14:30:06,-07:00,2026-04-13T14:30:06-07:00,1,71
style.css,9,css,8540341,JingwenGu0829,2026-04-10,22:38:49,-07:00,2026-04-10T22:38:49-07:00,0,0
style.css,10,css,8540341,JingwenGu0829,2026-04-10,22:38:49,-07:00,2026-04-10T22:38:49-07:00,0,0
style.css,11,css,8540341,JingwenGu0829,2026-04-10,22:38:49,-07:00,2026-04-10T22:38:49-07:00,0,4
style.css,12,css,4ba20847,JingwenGu0829,2026-04-13,14:30:06,-07:00,2026-04-13T14:30:06-07:00,1,23
style.css,13,css,8540341,JingwenGu0829,2026-04-10,22:38:49,-07:00,2026-04-10T22:38:49-07:00,1,32
style.css,14,css,8540341,JingwenGu0829,2026-04-10,22:38:49,-07:00,2026-04-10T22:38:49-07:00,1,9
style.css,15,css,4ba20847,JingwenGu0829,2026-04-13,14:30:06,-07:00,2026-04-13T14:30:06-07:00,2,14
style.css,16,css,4ba20847,JingwenGu0829,2026-04-13,14:30:06,-07:00,2026-04-13T14:30:06-07:00,3,17
style.css,17,css,4ba20847,JingwenGu0829,2026-04-13,14:30:06,-07:00,2026-04-13T14:30:06-07:00,3,50
style.css,18,css,4ba20847,JingwenGu0829,2026-04-13,14:30:06,-07:00,2026-04-13T14:30:06-07:00,3,15
style.css,19,css,4ba20847,JingwenGu0829,2026-04-13,14:30:06,-07:00,2026-04-13T14:30:06-07:00,2,0
style.css,20,css,4ba20847,JingwenGu0829,2026-04-13,14:30:06,-07:00,2026-04-13T14:30:06-07:00,2,14
style.css,21,css,4ba20847,JingwenGu0829,2026-04-13,14:30:06,-07:00,2026-04-13T14:30:06-07:00,3,18
style.css,22,css,4ba20847,JingwenGu0829,2026-04-13,14:30:06,-07:00,2026-04-13T14:30:06-07:00,3,51
style.css,23,css,4ba20847,JingwenGu0829,2026-04-13,14:30:06,-07:00,2026-04-13T14:30:06-07:00,3,15
style.css,24,css,4ba20847,JingwenGu0829,2026-04-13,14:30:06,-07:00,2026-04-13T14:30:06-07:00,2,0
style.css,25,css,4ba20847,JingwenGu0829,2026-04-13,14:30:06,-07:00,2026-04-13T14:30:06-07:00,2,14
style.css,26,css,4ba20847,JingwenGu0829,2026-04-13,14:30:06,-07:00,2026-04-13T14:30:06-07:00,3,5
style.css,27,css,4ba20847,JingwenGu0829,2026-04-13,14:30:06,-07:00,2026-04-13T14:30:06-07:00,3,54
style.css,28,css,4ba20847,JingwenGu0829,2026-04-13,14:30:06,-07:00,2026-04-13T14:30:06-07:00,3,53
style.css,29,css,4ba20847,JingwenGu0829,2026-04-13,14:30:06,-07:00,2026-04-13T14:30:06-07:00,2,0
style.css,30,css,8540341,JingwenGu0829,2026-04-10,22:38:49,-07:00,2026-04-10T22:38:49-07:00,0,0
style.css,31,css,8540341,JingwenGu0829,2026-04-10,22:38:49,-07:00,2026-04-10T22:38:49-07:00,0,0
style.css,32,css,8540341,JingwenGu0829,2026-04-10,22:38:49,-07:00,2026-04-10T22:38:49-07:00,0,4
style.css,33,css,8540341,JingwenGu0829,2026-04-10,22:38:49,-07:00,2026-04-10T22:38:49-07:00,1,18
style.css,34,css,8540341,JingwenGu0829,2026-04-10,22:38:49,-07:00,2026-04-10T22:38:49-07:00,1,15
style.css,35,css,8540341,JingwenGu0829,2026-04-10,22:38:49,-07:00,2026-04-10T22:38:49-07:00,1,14
style.css,36,css,8540341,JingwenGu0829,2026-04-10,22:38:49,-07:00,2026-04-10T22:38:49-07:00,1,67
style.css,37,css,8540341,JingwenGu0829,2026-04-10,22:38:49,-07:00,2026-04-10T22:38:49-07:00,1,23
style.css,38,css,8540341,JingwenGu0829,2026-04-10,22:38:49,-07:00,2026-04-10T22:38:49-07:00,1,29
style.css,39,css,4ba20847,JingwenGu0829,2026-04-13,14:30:06,-07:00,2026-04-13T14:30:06-07:00,1,68
style.css,40,css,8540341,JingwenGu0829,2026-04-10,22:38:49,-07:00,2026-04-10T22:38:49-07:00,1,20
style.css,41,css,8540341,JingwenGu0829,2026-04-10,22:38:49,-07:00,2026-04-10T22:38:49-07:00,1,45
style.css,42,css,4ba20847,JingwenGu0829,2026-04-13,14:30:06,-07:00,2026-04-13T14:30:06-07:00,1,17
style.css,43,css,8540341,JingwenGu0829,2026-04-10,22:38:49,-07:00,2026-04-10T22:38:49-07:00,0,0
style.css,44,css,8540341,JingwenGu0829,2026-04-10,22:38:49,-07:00,2026-04-10T22:38:49-07:00,0,0
style.css,45,css,8540341,JingwenGu0829,2026-04-10,22:38:49,-07:00,2026-04-10T22:38:49-07:00,0,4
style.css,46,css,8540341,JingwenGu0829,2026-04-10,22:38:49,-07:00,2026-04-10T22:38:49-07:00,1,12
style.css,47,css,8540341,JingwenGu0829,2026-04-10,22:38:49,-07:00,2026-04-10T22:38:49-07:00,1,10
style.css,48,css,8540341,JingwenGu0829,2026-04-10,22:38:49,-07:00,2026-04-10T22:38:49-07:00,0,0
style.css,49,css,8540341,JingwenGu0829,2026-04-10,22:38:49,-07:00,2026-04-10T22:38:49-07:00,0,0
style.css,50,css,8540341,JingwenGu0829,2026-04-10,22:38:49,-07:00,2026-04-10T22:38:49-07:00,0,1
style.css,51,css,8540341,JingwenGu0829,2026-04-10,22:38:49,-07:00,2026-04-10T22:38:49-07:00,0,1
style.css,52,css,8540341,JingwenGu0829,2026-04-10,22:38:49,-07:00,2026-04-10T22:38:49-07:00,0,1
style.css,53,css,8540341,JingwenGu0829,2026-04-10,22:38:49,-07:00,2026-04-10T22:38:49-07:00,0,1
style.css,54,css,8540341,JingwenGu0829,2026-04-10,22:38:49,-07:00,2026-04-10T22:38:49-07:00,0,1
style.css,55,css,8540341,JingwenGu0829,2026-04-10,22:38:49,-07:00,2026-04-10T22:38:49-07:00,0,2
style.css,56,css,8540341,JingwenGu0829,2026-04-10,22:38:49,-07:00,2026-04-10T22:38:49-07:00,1,21
style.css,57,css,8540341,JingwenGu0829,2026-04-10,22:38:49,-07:00,2026-04-10T22:38:49-07:00,1,78
style.css,58,css,8540341,JingwenGu0829,2026-04-10,22:38:49,-07:00,2026-04-10T22:38:49-07:00,1,15
style.css,59,css,8540341,JingwenGu0829,2026-04-10,22:38:49,-07:00,2026-04-10T22:38:49-07:00,1,17
style.css,60,css,8540341,JingwenGu0829,2026-04-10,22:38:49,-07:00,2026-04-10T22:38:49-07:00,0,0
style.css,61,css,8540341,JingwenGu0829,2026-04-10,22:38:49,-07:00,2026-04-10T22:38:49-07:00,0,0
style.css,62,css,8540341,JingwenGu0829,2026-04-10,22:38:49,-07:00,2026-04-10T22:38:49-07:00,0,2
style.css,63,css,8540341,JingwenGu0829,2026-04-10,22:38:49,-07:00,2026-04-10T22:38:49-07:00,1,36
style.css,64,css,8540341,JingwenGu0829,2026-04-10,22:38:49,-07:00,2026-04-10T22:38:49-07:00,0,0
style.css,65,css,8540341,JingwenGu0829,2026-04-10,22:38:49,-07:00,2026-04-10T22:38:49-07:00,0,0
style.css,66,css,8540341,JingwenGu0829,2026-04-10,22:38:49,-07:00,2026-04-10T22:38:49-07:00,0,2
style.css,67,css,8540341,JingwenGu0829,2026-04-10,22:38:49,-07:00,2026-04-10T22:38:49-07:00,1,16
style.css,68,css,8540341,JingwenGu0829,2026-04-10,22:38:49,-07:00,2026-04-10T22:38:49-07:00,0,0
style.css,69,css,8540341,JingwenGu0829,2026-04-10,22:38:49,-07:00,2026-04-10T22:38:49-07:00,0,0
style.css,70,css,8540341,JingwenGu0829,2026-04-10,22:38:49,-07:00,2026-04-10T22:38:49-07:00,0,2
style.css,71,css,8540341,JingwenGu0829,2026-04-10,22:38:49,-07:00,2026-04-10T22:38:49-07:00,1,17
style.css,72,css,8540341,JingwenGu0829,2026-04-10,22:38:49,-07:00,2026-04-10T22:38:49-07:00,0,0
style.css,73,css,8540341,JingwenGu0829,2026-04-10,22:38:49,-07:00,2026-04-10T22:38:49-07:00,0,0
style.css,74,css,8540341,JingwenGu0829,2026-04-10,22:38:49,-07:00,2026-04-10T22:38:49-07:00,0,1
style.css,75,css,8540341,JingwenGu0829,2026-04-10,22:38:49,-07:00,2026-04-10T22:38:49-07:00,1,19
style.css,76,css,8540341,JingwenGu0829,2026-04-10,22:38:49,-07:00,2026-04-10T22:38:49-07:00,0,0
style.css,77,css,8540341,JingwenGu0829,2026-04-10,22:38:49,-07:00,2026-04-10T22:38:49-07:00,0,0
style.css,78,css,8540341,JingwenGu0829,2026-04-10,22:38:49,-07:00,2026-04-10T22:38:49-07:00,0,1
style.css,79,css,8540341,JingwenGu0829,2026-04-10,22:38:49,-07:00,2026-04-10T22:38:49-07:00,1,13
style.css,80,css,8540341,JingwenGu0829,2026-04-10,22:38:49,-07:00,2026-04-10T22:38:49-07:00,0,0
style.css,81,css,8540341,JingwenGu0829,2026-04-10,22:38:49,-07:00,2026-04-10T22:38:49-07:00,0,0
style.css,82,css,8540341,JingwenGu0829,2026-04-10,22:38:49,-07:00,2026-04-10T22:38:49-07:00,0,3
style.css,83,css,8540341,JingwenGu0829,2026-04-10,22:38:49,-07:00,2026-04-10T22:38:49-07:00,1,13
style.css,84,css,8540341,JingwenGu0829,2026-04-10,22:38:49,-07:00,2026-04-10T22:38:49-07:00,1,14
style.css,85,css,8540341,JingwenGu0829,2026-04-10,22:38:49,-07:00,2026-04-10T22:38:49-07:00,0,0
style.css,86,css,8540341,JingwenGu0829,2026-04-10,22:38:49,-07:00,2026-04-10T22:38:49-07:00,0,0
style.css,87,css,8540341,JingwenGu0829,2026-04-10,22:38:49,-07:00,2026-04-10T22:38:49-07:00,0,3
style.css,88,css,4ba20847,JingwenGu0829,2026-04-13,14:30:06,-07:00,2026-04-13T14:30:06-07:00,1,40
style.css,89,css,4ba20847,JingwenGu0829,2026-04-13,14:30:06,-07:00,2026-04-13T14:30:06-07:00,1,18
style.css,90,css,8540341,JingwenGu0829,2026-04-10,22:38:49,-07:00,2026-04-10T22:38:49-07:00,1,18
style.css,91,css,4ba20847,JingwenGu0829,2026-04-13,14:30:06,-07:00,2026-04-13T14:30:06-07:00,1,43
style.css,92,css,8540341,JingwenGu0829,2026-04-10,22:38:49,-07:00,2026-04-10T22:38:49-07:00,0,0
style.css,93,css,8540341,JingwenGu0829,2026-04-10,22:38:49,-07:00,2026-04-10T22:38:49-07:00,0,0
style.css,94,css,8540341,JingwenGu0829,2026-04-10,22:38:49,-07:00,2026-04-10T22:38:49-07:00,0,5
style.css,95,css,8540341,JingwenGu0829,2026-04-10,22:38:49,-07:00,2026-04-10T22:38:49-07:00,0,6
style.css,96,css,8540341,JingwenGu0829,2026-04-10,22:38:49,-07:00,2026-04-10T22:38:49-07:00,1,16
style.css,97,css,8540341,JingwenGu0829,2026-04-10,22:38:49,-07:00,2026-04-10T22:38:49-07:00,0,0
style.css,98,css,8540341,JingwenGu0829,2026-04-10,22:38:49,-07:00,2026-04-10T22:38:49-07:00,0,0
style.css,99,css,8540341,JingwenGu0829,2026-04-10,22:38:49,-07:00,2026-04-10T22:38:49-07:00,0,5
style.css,100,css,8540341,JingwenGu0829,2026-04-10,22:38:49,-07:00,2026-04-10T22:38:49-07:00,1,6
style.css,101,css,8540341,JingwenGu0829,2026-04-10,22:38:49,-07:00,2026-04-10T22:38:49-07:00,1,17
style.css,102,css,8540341,JingwenGu0829,2026-04-10,22:38:49,-07:00,2026-04-10T22:38:49-07:00,1,20
style.css,103,css,8540341,JingwenGu0829,2026-04-10,22:38:49,-07:00,2026-04-10T22:38:49-07:00,1,27
style.css,104,css,8540341,JingwenGu0829,2026-04-10,22:38:49,-07:00,2026-04-10T22:38:49-07:00,1,37
style.css,105,css,8540341,JingwenGu0829,2026-04-10,22:38:49,-07:00,2026-04-10T22:38:49-07:00,1,9
style.css,106,css,8540341,JingwenGu0829,2026-04-10,22:38:49,-07:00,2026-04-10T22:38:49-07:00,2,26
style.css,107,css,8540341,JingwenGu0829,2026-04-10,22:38:49,-07:00,2026-04-10T22:38:49-07:00,2,22
style.css,108,css,8540341,JingwenGu0829,2026-04-10,22:38:49,-07:00,2026-04-10T22:38:49-07:00,2,15
style.css,109,css,8540341,JingwenGu0829,2026-04-10,22:38:49,-07:00,2026-04-10T22:38:49-07:00,0,0
style.css,110,css,8540341,JingwenGu0829,2026-04-10,22:38:49,-07:00,2026-04-10T22:38:49-07:00,0,0
style.css,111,css,8540341,JingwenGu0829,2026-04-10,22:38:49,-07:00,2026-04-10T22:38:49-07:00,0,13
style.css,112,css,4ba20847,JingwenGu0829,2026-04-13,14:30:06,-07:00,2026-04-13T14:30:06-07:00,1,72
style.css,113,css,8540341,JingwenGu0829,2026-04-10,22:38:49,-07:00,2026-04-10T22:38:49-07:00,0,0
style.css,114,css,8540341,JingwenGu0829,2026-04-10,22:38:49,-07:00,2026-04-10T22:38:49-07:00,0,0
style.css,115,css,8540341,JingwenGu0829,2026-04-10,22:38:49,-07:00,2026-04-10T22:38:49-07:00,0,11
style.css,116,css,8540341,JingwenGu0829,2026-04-10,22:38:49,-07:00,2026-04-10T22:38:49-07:00,1,39
style.css,117,css,8540341,JingwenGu0829,2026-04-10,22:38:49,-07:00,2026-04-10T22:38:49-07:00,1,41
style.css,118,css,8540341,JingwenGu0829,2026-04-10,22:38:49,-07:00,2026-04-10T22:38:49-07:00,0,0
style.css,119,css,8540341,JingwenGu0829,2026-04-10,22:38:49,-07:00,2026-04-10T22:38:49-07:00,0,0
style.css,120,css,8540341,JingwenGu0829,2026-04-10,22:38:49,-07:00,2026-04-10T22:38:49-07:00,0,2
style.css,121,css,8540341,JingwenGu0829,2026-04-10,22:38:49,-07:00,2026-04-10T22:38:49-07:00,0,12
style.css,122,css,8540341,JingwenGu0829,2026-04-10,22:38:49,-07:00,2026-04-10T22:38:49-07:00,0,14
style.css,123,css,8540341,JingwenGu0829,2026-04-10,22:38:49,-07:00,2026-04-10T22:38:49-07:00,0,15
style.css,124,css,8540341,JingwenGu0829,2026-04-10,22:38:49,-07:00,2026-04-10T22:38:49-07:00,1,12
style.css,125,css,8540341,JingwenGu0829,2026-04-10,22:38:49,-07:00,2026-04-10T22:38:49-07:00,1,8
style.css,126,css,8540341,JingwenGu0829,2026-04-10,22:38:49,-07:00,2026-04-10T22:38:49-07:00,0,0
style.css,127,css,8540341,JingwenGu0829,2026-04-10,22:38:49,-07:00,2026-04-10T22:38:49-07:00,0,0
style.css,128,css,8540341,JingwenGu0829,2026-04-10,22:38:49,-07:00,2026-04-10T22:38:49-07:00,0,5
style.css,129,css,8540341,JingwenGu0829,2026-04-10,22:38:49,-07:00,2026-04-10T22:38:49-07:00,1,12
style.css,130,css,8540341,JingwenGu0829,2026-04-10,22:38:49,-07:00,2026-04-10T22:38:49-07:00,1,59
style.css,131,css,8540341,JingwenGu0829,2026-04-10,22:38:49,-07:00,2026-04-10T22:38:49-07:00,1,8
style.css,132,css,8540341,JingwenGu0829,2026-04-10,22:38:49,-07:00,2026-04-10T22:38:49-07:00,1,18
style.css,133,css,8540341,JingwenGu0829,2026-04-10,22:38:49,-07:00,2026-04-10T22:38:49-07:00,0,0
style.css,134,css,8540341,JingwenGu0829,2026-04-10,22:38:49,-07:00,2026-04-10T22:38:49-07:00,0,0
style.css,135,css,8540341,JingwenGu0829,2026-04-10,22:38:49,-07:00,2026-04-10T22:38:49-07:00,0,24
style.css,136,css,8540341,JingwenGu0829,2026-04-10,22:38:49,-07:00,2026-04-10T22:38:49-07:00,1,15
style.css,137,css,8540341,JingwenGu0829,2026-04-10,22:38:49,-07:00,2026-04-10T22:38:49-07:00,0,0
style.css,138,css,8540341,JingwenGu0829,2026-04-10,22:38:49,-07:00,2026-04-10T22:38:49-07:00,0,0
style.css,139,css,8540341,JingwenGu0829,2026-04-10,22:38:49,-07:00,2026-04-10T22:38:49-07:00,0,10
style.css,140,css,8540341,JingwenGu0829,2026-04-10,22:38:49,-07:00,2026-04-10T22:38:49-07:00,0,13
style.css,141,css,8540341,JingwenGu0829,2026-04-10,22:38:49,-07:00,2026-04-10T22:38:49-07:00,1,14
style.css,142,css,8540341,JingwenGu0829,2026-04-10,22:38:49,-07:00,2026-04-10T22:38:49-07:00,1,16
style.css,143,css,8540341,JingwenGu0829,2026-04-10,22:38:49,-07:00,2026-04-10T22:38:49-07:00,1,17
style.css,144,css,4ba20847,JingwenGu0829,2026-04-13,14:30:06,-07:00,2026-04-13T14:30:06-07:00,1,63
style.css,145,css,8540341,JingwenGu0829,2026-04-10,22:38:49,-07:00,2026-04-10T22:38:49-07:00,1,44
style.css,146,css,4ba20847,JingwenGu0829,2026-04-13,14:30:06,-07:00,2026-04-13T14:30:06-07:00,1,26
style.css,147,css,4ba20847,JingwenGu0829,2026-04-13,14:30:06,-07:00,2026-04-13T14:30:06-07:00,2,5
style.css,148,css,4ba20847,JingwenGu0829,2026-04-13,14:30:06,-07:00,2026-04-13T14:30:06-07:00,2,40
style.css,149,css,4ba20847,JingwenGu0829,2026-04-13,14:30:06,-07:00,2026-04-13T14:30:06-07:00,2,54
style.css,150,css,4ba20847,JingwenGu0829,2026-04-13,14:30:06,-07:00,2026-04-13T14:30:06-07:00,1,0
style.css,151,css,8540341,JingwenGu0829,2026-04-10,22:38:49,-07:00,2026-04-10T22:38:49-07:00,0,0
style.css,152,css,8540341,JingwenGu0829,2026-04-10,22:38:49,-07:00,2026-04-10T22:38:49-07:00,0,0
style.css,153,css,8540341,JingwenGu0829,2026-04-10,22:38:49,-07:00,2026-04-10T22:38:49-07:00,0,14
style.css,154,css,8540341,JingwenGu0829,2026-04-10,22:38:49,-07:00,2026-04-10T22:38:49-07:00,1,12
style.css,155,css,8540341,JingwenGu0829,2026-04-10,22:38:49,-07:00,2026-04-10T22:38:49-07:00,1,44
style.css,156,css,8540341,JingwenGu0829,2026-04-10,22:38:49,-07:00,2026-04-10T22:38:49-07:00,1,10
style.css,157,css,8540341,JingwenGu0829,2026-04-10,22:38:49,-07:00,2026-04-10T22:38:49-07:00,1,18
style.css,158,css,8540341,JingwenGu0829,2026-04-10,22:38:49,-07:00,2026-04-10T22:38:49-07:00,0,0
style.css,159,css,8540341,JingwenGu0829,2026-04-10,22:38:49,-07:00,2026-04-10T22:38:49-07:00,0,0
style.css,160,css,8540341,JingwenGu0829,2026-04-10,22:38:49,-07:00,2026-04-10T22:38:49-07:00,0,12
style.css,161,css,8540341,JingwenGu0829,2026-04-10,22:38:49,-07:00,2026-04-10T22:38:49-07:00,1,21
style.css,162,css,8540341,JingwenGu0829,2026-04-10,22:38:49,-07:00,2026-04-10T22:38:49-07:00,0,0
style.css,163,css,8540341,JingwenGu0829,2026-04-10,22:38:49,-07:00,2026-04-10T22:38:49-07:00,0,0
style.css,164,css,8540341,JingwenGu0829,2026-04-10,22:38:49,-07:00,2026-04-10T22:38:49-07:00,0,8
style.css,165,css,8540341,JingwenGu0829,2026-04-10,22:38:49,-07:00,2026-04-10T22:38:49-07:00,1,20
style.css,166,css,8540341,JingwenGu0829,2026-04-10,22:38:49,-07:00,2026-04-10T22:38:49-07:00,1,17
style.css,167,css,8540341,JingwenGu0829,2026-04-10,22:38:49,-07:00,2026-04-10T22:38:49-07:00,1,15
style.css,168,css,8540341,JingwenGu0829,2026-04-10,22:38:49,-07:00,2026-04-10T22:38:49-07:00,1,21
style.css,169,css,8540341,JingwenGu0829,2026-04-10,22:38:49,-07:00,2026-04-10T22:38:49-07:00,1,24
style.css,170,css,8540341,JingwenGu0829,2026-04-10,22:38:49,-07:00,2026-04-10T22:38:49-07:00,1,24
style.css,171,css,8540341,JingwenGu0829,2026-04-10,22:38:49,-07:00,2026-04-10T22:38:49-07:00,0,0
style.css,172,css,8540341,JingwenGu0829,2026-04-10,22:38:49,-07:00,2026-04-10T22:38:49-07:00,0,0
style.css,173,css,8540341,JingwenGu0829,2026-04-10,22:38:49,-07:00,2026-04-10T22:38:49-07:00,0,5
style.css,174,css,8540341,JingwenGu0829,2026-04-10,22:38:49,-07:00,2026-04-10T22:38:49-07:00,1,17
style.css,175,css,4ba20847,JingwenGu0829,2026-04-13,14:30:06,-07:00,2026-04-13T14:30:06-07:00,1,66
style.css,176,css,8540341,JingwenGu0829,2026-04-10,22:38:49,-07:00,2026-04-10T22:38:49-07:00,0,0
style.css,177,css,8540341,JingwenGu0829,2026-04-10,22:38:49,-07:00,2026-04-10T22:38:49-07:00,0,0
style.css,178,css,8540341,JingwenGu0829,2026-04-10,22:38:49,-07:00,2026-04-10T22:38:49-07:00,0,12
style.css,179,css,8540341,JingwenGu0829,2026-04-10,22:38:49,-07:00,2026-04-10T22:38:49-07:00,1,20
style.css,180,css,8540341,JingwenGu0829,2026-04-10,22:38:49,-07:00,2026-04-10T22:38:49-07:00,1,22
style.css,181,css,8540341,JingwenGu0829,2026-04-10,22:38:49,-07:00,2026-04-10T22:38:49-07:00,1,19
style.css,182,css,8540341,JingwenGu0829,2026-04-10,22:38:49,-07:00,2026-04-10T22:38:49-07:00,1,15
style.css,183,css,8540341,JingwenGu0829,2026-04-10,22:38:49,-07:00,2026-04-10T22:38:49-07:00,1,20
style.css,184,css,8540341,JingwenGu0829,2026-04-10,22:38:49,-07:00,2026-04-10T22:38:49-07:00,1,30
style.css,185,css,8540341,JingwenGu0829,2026-04-10,22:38:49,-07:00,2026-04-10T22:38:49-07:00,1,11
style.css,186,css,8540341,JingwenGu0829,2026-04-10,22:38:49,-07:00,2026-04-10T22:38:49-07:00,0,0
style.css,187,css,8540341,JingwenGu0829,2026-04-10,22:38:49,-07:00,2026-04-10T22:38:49-07:00,0,0
style.css,188,css,8540341,JingwenGu0829,2026-04-10,22:38:49,-07:00,2026-04-10T22:38:49-07:00,0,22
style.css,189,css,4ba20847,JingwenGu0829,2026-04-13,14:30:06,-07:00,2026-04-13T14:30:06-07:00,1,17
style.css,190,css,8540341,JingwenGu0829,2026-04-10,22:38:49,-07:00,2026-04-10T22:38:49-07:00,1,23
style.css,191,css,8540341,JingwenGu0829,2026-04-10,22:38:49,-07:00,2026-04-10T22:38:49-07:00,1,36
style.css,192,css,8540341,JingwenGu0829,2026-04-10,22:38:49,-07:00,2026-04-10T22:38:49-07:00,0,0
style.css,193,css,8540341,JingwenGu0829,2026-04-10,22:38:49,-07:00,2026-04-10T22:38:49-07:00,0,0
style.css,194,css,8540341,JingwenGu0829,2026-04-10,22:38:49,-07:00,2026-04-10T22:38:49-07:00,0,6
style.css,195,css,8540341,JingwenGu0829,2026-04-10,22:38:49,-07:00,2026-04-10T22:38:49-07:00,1,15
style.css,196,css,8540341,JingwenGu0829,2026-04-10,22:38:49,-07:00,2026-04-10T22:38:49-07:00,1,9
style.css,197,css,4ba20847,JingwenGu0829,2026-04-13,14:30:06,-07:00,2026-04-13T14:30:06-07:00,2,14
style.css,198,css,4ba20847,JingwenGu0829,2026-04-13,14:30:06,-07:00,2026-04-13T14:30:06-07:00,3,5
style.css,199,css,4ba20847,JingwenGu0829,2026-04-13,14:30:06,-07:00,2026-04-13T14:30:06-07:00,3,40
style.css,200,css,4ba20847,JingwenGu0829,2026-04-13,14:30:06,-07:00,2026-04-13T14:30:06-07:00,3,54
style.css,201,css,4ba20847,JingwenGu0829,2026-04-13,14:30:06,-07:00,2026-04-13T14:30:06-07:00,2,0
style.css,202,css,8540341,JingwenGu0829,2026-04-10,22:38:49,-07:00,2026-04-10T22:38:49-07:00,1,36
style.css,203,css,8540341,JingwenGu0829,2026-04-10,22:38:49,-07:00,2026-04-10T22:38:49-07:00,1,21
style.css,204,css,8540341,JingwenGu0829,2026-04-10,22:38:49,-07:00,2026-04-10T22:38:49-07:00,0,0
style.css,205,css,8540341,JingwenGu0829,2026-04-10,22:38:49,-07:00,2026-04-10T22:38:49-07:00,0,0
style.css,206,css,8540341,JingwenGu0829,2026-04-10,22:38:49,-07:00,2026-04-10T22:38:49-07:00,0,9
style.css,207,css,8540341,JingwenGu0829,2026-04-10,22:38:49,-07:00,2026-04-10T22:38:49-07:00,0,15
style.css,208,css,8540341,JingwenGu0829,2026-04-10,22:38:49,-07:00,2026-04-10T22:38:49-07:00,1,12
style.css,209,css,8540341,JingwenGu0829,2026-04-10,22:38:49,-07:00,2026-04-10T22:38:49-07:00,1,47
style.css,210,css,8540341,JingwenGu0829,2026-04-10,22:38:49,-07:00,2026-04-10T22:38:49-07:00,1,10
style.css,211,css,8540341,JingwenGu0829,2026-04-10,22:38:49,-07:00,2026-04-10T22:38:49-07:00,0,0
style.css,212,css,8540341,JingwenGu0829,2026-04-10,22:38:49,-07:00,2026-04-10T22:38:49-07:00,0,0
style.css,213,css,8540341,JingwenGu0829,2026-04-10,22:38:49,-07:00,2026-04-10T22:38:49-07:00,0,13
style.css,214,css,8540341,JingwenGu0829,2026-04-10,22:38:49,-07:00,2026-04-10T22:38:49-07:00,1,8
style.css,215,css,8540341,JingwenGu0829,2026-04-10,22:38:49,-07:00,2026-04-10T22:38:49-07:00,1,20
style.css,216,css,8540341,JingwenGu0829,2026-04-10,22:38:49,-07:00,2026-04-10T22:38:49-07:00,0,0
style.css,217,css,8540341,JingwenGu0829,2026-04-10,22:38:49,-07:00,2026-04-10T22:38:49-07:00,0,0
style.css,218,css,8540341,JingwenGu0829,2026-04-10,22:38:49,-07:00,2026-04-10T22:38:49-07:00,0,21
style.css,219,css,8540341,JingwenGu0829,2026-04-10,22:38:49,-07:00,2026-04-10T22:38:49-07:00,1,17
style.css,220,css,8540341,JingwenGu0829,2026-04-10,22:38:49,-07:00,2026-04-10T22:38:49-07:00,0,0
style.css,221,css,8540341,JingwenGu0829,2026-04-10,22:38:49,-07:00,2026-04-10T22:38:49-07:00,0,0
style.css,222,css,8540341,JingwenGu0829,2026-04-10,22:38:49,-07:00,2026-04-10T22:38:49-07:00,0,4
style.css,223,css,8540341,JingwenGu0829,2026-04-10,22:38:49,-07:00,2026-04-10T22:38:49-07:00,0,7
style.css,224,css,4ba20847,JingwenGu0829,2026-04-13,14:30:06,-07:00,2026-04-13T14:30:06-07:00,0,5
style.css,225,css,8540341,JingwenGu0829,2026-04-10,22:38:49,-07:00,2026-04-10T22:38:49-07:00,0,6
style.css,226,css,8540341,JingwenGu0829,2026-04-10,22:38:49,-07:00,2026-04-10T22:38:49-07:00,1,12
style.css,227,css,8540341,JingwenGu0829,2026-04-10,22:38:49,-07:00,2026-04-10T22:38:49-07:00,0,0
style.css,228,css,8540341,JingwenGu0829,2026-04-10,22:38:49,-07:00,2026-04-10T22:38:49-07:00,0,0
style.css,229,css,8540341,JingwenGu0829,2026-04-10,22:38:49,-07:00,2026-04-10T22:38:49-07:00,0,4
style.css,230,css,8540341,JingwenGu0829,2026-04-10,22:38:49,-07:00,2026-04-10T22:38:49-07:00,1,12
style.css,231,css,8540341,JingwenGu0829,2026-04-10,22:38:49,-07:00,2026-04-10T22:38:49-07:00,1,30
style.css,232,css,8540341,JingwenGu0829,2026-04-10,22:38:49,-07:00,2026-04-10T22:38:49-07:00,1,8
style.css,233,css,8540341,JingwenGu0829,2026-04-10,22:38:49,-07:00,2026-04-10T22:38:49-07:00,0,0
style.css,234,css,8540341,JingwenGu0829,2026-04-10,22:38:49,-07:00,2026-04-10T22:38:49-07:00,0,0
style.css,235,css,4ba20847,JingwenGu0829,2026-04-13,14:30:06,-07:00,2026-04-13T14:30:06-07:00,0,10
style.css,236,css,8540341,JingwenGu0829,2026-04-10,22:38:49,-07:00,2026-04-10T22:38:49-07:00,1,18
style.css,237,css,8540341,JingwenGu0829,2026-04-10,22:38:49,-07:00,2026-04-10T22:38:49-07:00,1,12
style.css,238,css,8540341,JingwenGu0829,2026-04-10,22:38:49,-07:00,2026-04-10T22:38:49-07:00,1,30
style.css,239,css,8540341,JingwenGu0829,2026-04-10,22:38:49,-07:00,2026-04-10T22:38:49-07:00,1,8
style.css,240,css,8540341,JingwenGu0829,2026-04-10,22:38:49,-07:00,2026-04-10T22:38:49-07:00,1,17
style.css,241,css,8540341,JingwenGu0829,2026-04-10,22:38:49,-07:00,2026-04-10T22:38:49-07:00,0,0
style.css,242,css,8540341,JingwenGu0829,2026-04-10,22:38:49,-07:00,2026-04-10T22:38:49-07:00,0,0
style.css,243,css,4ba20847,JingwenGu0829,2026-04-13,14:30:06,-07:00,2026-04-13T14:30:06-07:00,0,17
style.css,244,css,8540341,JingwenGu0829,2026-04-10,22:38:49,-07:00,2026-04-10T22:38:49-07:00,1,18
style.css,245,css,8540341,JingwenGu0829,2026-04-10,22:38:49,-07:00,2026-04-10T22:38:49-07:00,1,15
style.css,246,css,8540341,JingwenGu0829,2026-04-10,22:38:49,-07:00,2026-04-10T22:38:49-07:00,0,0
style.css,247,css,8540341,JingwenGu0829,2026-04-10,22:38:49,-07:00,2026-04-10T22:38:49-07:00,0,0
style.css,248,css,8540341,JingwenGu0829,2026-04-10,22:38:49,-07:00,2026-04-10T22:38:49-07:00,0,4
style.css,249,css,4ba20847,JingwenGu0829,2026-04-13,14:30:06,-07:00,2026-04-13T14:30:06-07:00,0,7
style.css,250,css,4ba20847,JingwenGu0829,2026-04-13,14:30:06,-07:00,2026-04-13T14:30:06-07:00,0,6
style.css,251,css,8540341,JingwenGu0829,2026-04-10,22:38:49,-07:00,2026-04-10T22:38:49-07:00,1,10
style.css,252,css,8540341,JingwenGu0829,2026-04-10,22:38:49,-07:00,2026-04-10T22:38:49-07:00,1,21
style.css,253,css,8540341,JingwenGu0829,2026-04-10,22:38:49,-07:00,2026-04-10T22:38:49-07:00,1,21
style.css,254,css,8540341,JingwenGu0829,2026-04-10,22:38:49,-07:00,2026-04-10T22:38:49-07:00,1,36
style.css,255,css,8540341,JingwenGu0829,2026-04-10,22:38:49,-07:00,2026-04-10T22:38:49-07:00,1,21
style.css,256,css,4ba20847,JingwenGu0829,2026-04-13,14:30:06,-07:00,2026-04-13T14:30:06-07:00,1,17
style.css,257,css,4ba20847,JingwenGu0829,2026-04-13,14:30:06,-07:00,2026-04-13T14:30:06-07:00,1,16
style.css,258,css,8540341,JingwenGu0829,2026-04-10,22:38:49,-07:00,2026-04-10T22:38:49-07:00,0,0
style.css,259,css,8540341,JingwenGu0829,2026-04-10,22:38:49,-07:00,2026-04-10T22:38:49-07:00,0,0
style.css,260,css,8540341,JingwenGu0829,2026-04-10,22:38:49,-07:00,2026-04-10T22:38:49-07:00,0,8
style.css,261,css,8540341,JingwenGu0829,2026-04-10,22:38:49,-07:00,2026-04-10T22:38:49-07:00,1,16
style.css,262,css,8540341,JingwenGu0829,2026-04-10,22:38:49,-07:00,2026-04-10T22:38:49-07:00,1,15
style.css,263,css,8540341,JingwenGu0829,2026-04-10,22:38:49,-07:00,2026-04-10T22:38:49-07:00,0,0
style.css,264,css,8540341,JingwenGu0829,2026-04-10,22:38:49,-07:00,2026-04-10T22:38:49-07:00,0,0
style.css,265,css,8540341,JingwenGu0829,2026-04-10,22:38:49,-07:00,2026-04-10T22:38:49-07:00,0,6
style.css,266,css,8540341,JingwenGu0829,2026-04-10,22:38:49,-07:00,2026-04-10T22:38:49-07:00,1,18
style.css,267,css,8540341,JingwenGu0829,2026-04-10,22:38:49,-07:00,2026-04-10T22:38:49-07:00,1,18
style.css,268,css,8540341,JingwenGu0829,2026-04-10,22:38:49,-07:00,2026-04-10T22:38:49-07:00,1,22
style.css,269,css,8540341,JingwenGu0829,2026-04-10,22:38:49,-07:00,2026-04-10T22:38:49-07:00,1,8
style.css,270,css,8540341,JingwenGu0829,2026-04-10,22:38:49,-07:00,2026-04-10T22:38:49-07:00,1,19
style.css,271,css,8540341,JingwenGu0829,2026-04-10,22:38:49,-07:00,2026-04-10T22:38:49-07:00,1,15
style.css,272,css,8540341,JingwenGu0829,2026-04-10,22:38:49,-07:00,2026-04-10T22:38:49-07:00,1,11
style.css,273,css,8540341,JingwenGu0829,2026-04-10,22:38:49,-07:00,2026-04-10T22:38:49-07:00,1,75
style.css,274,css,8540341,JingwenGu0829,2026-04-10,22:38:49,-07:00,2026-04-10T22:38:49-07:00,1,14
style.css,275,css,8540341,JingwenGu0829,2026-04-10,22:38:49,-07:00,2026-04-10T22:38:49-07:00,0,0
style.css,276,css,8540341,JingwenGu0829,2026-04-10,22:38:49,-07:00,2026-04-10T22:38:49-07:00,0,0
style.css,277,css,8540341,JingwenGu0829,2026-04-10,22:38:49,-07:00,2026-04-10T22:38:49-07:00,0,15
style.css,278,css,8540341,JingwenGu0829,2026-04-10,22:38:49,-07:00,2026-04-10T22:38:49-07:00,1,17
style.css,279,css,8540341,JingwenGu0829,2026-04-10,22:38:49,-07:00,2026-04-10T22:38:49-07:00,0,0
style.css,280,css,8540341,JingwenGu0829,2026-04-10,22:38:49,-07:00,2026-04-10T22:38:49-07:00,0,0
style.css,281,css,8540341,JingwenGu0829,2026-04-10,22:38:49,-07:00,2026-04-10T22:38:49-07:00,0,19
style.css,282,css,8540341,JingwenGu0829,2026-04-10,22:38:49,-07:00,2026-04-10T22:38:49-07:00,1,6
style.css,283,css,8540341,JingwenGu0829,2026-04-10,22:38:49,-07:00,2026-04-10T22:38:49-07:00,0,0
style.css,284,css,8540341,JingwenGu0829,2026-04-10,22:38:49,-07:00,2026-04-10T22:38:49-07:00,0,0
style.css,285,css,8540341,JingwenGu0829,2026-04-10,22:38:49,-07:00,2026-04-10T22:38:49-07:00,0,9
style.css,286,css,8540341,JingwenGu0829,2026-04-10,22:38:49,-07:00,2026-04-10T22:38:49-07:00,1,12
style.css,287,css,8540341,JingwenGu0829,2026-04-10,22:38:49,-07:00,2026-04-10T22:38:49-07:00,1,58
style.css,288,css,8540341,JingwenGu0829,2026-04-10,22:38:49,-07:00,2026-04-10T22:38:49-07:00,1,11
style.css,289,css,8540341,JingwenGu0829,2026-04-10,22:38:49,-07:00,2026-04-10T22:38:49-07:00,0,0
style.css,290,css,8540341,JingwenGu0829,2026-04-10,22:38:49,-07:00,2026-04-10T22:38:49-07:00,0,0
style.css,291,css,a02418f1,JingwenGu0829,2026-05-01,00:30:06,-07:00,2026-05-01T00:30:06-07:00,0,23
style.css,292,css,a02418f1,JingwenGu0829,2026-05-01,00:30:06,-07:00,2026-05-01T00:30:06-07:00,1,12
style.css,293,css,a02418f1,JingwenGu0829,2026-05-01,00:30:06,-07:00,2026-05-01T00:30:06-07:00,1,8
style.css,294,css,a02418f1,JingwenGu0829,2026-05-01,00:30:06,-07:00,2026-05-01T00:30:06-07:00,0,0
style.css,295,css,a02418f1,JingwenGu0829,2026-05-01,00:30:06,-07:00,2026-05-01T00:30:06-07:00,0,0
style.css,296,css,a02418f1,JingwenGu0829,2026-05-01,00:30:06,-07:00,2026-05-01T00:30:06-07:00,0,13
style.css,297,css,a02418f1,JingwenGu0829,2026-05-01,00:30:06,-07:00,2026-05-01T00:30:06-07:00,1,12
style.css,298,css,a02418f1,JingwenGu0829,2026-05-01,00:30:06,-07:00,2026-05-01T00:30:06-07:00,1,18
style.css,299,css,a02418f1,JingwenGu0829,2026-05-01,00:30:06,-07:00,2026-05-01T00:30:06-07:00,1,29
style.css,300,css,a02418f1,JingwenGu0829,2026-05-01,00:30:06,-07:00,2026-05-01T00:30:06-07:00,1,8
style.css,301,css,a02418f1,JingwenGu0829,2026-05-01,00:30:06,-07:00,2026-05-01T00:30:06-07:00,0,0
style.css,302,css,a02418f1,JingwenGu0829,2026-05-01,00:30:06,-07:00,2026-05-01T00:30:06-07:00,0,0
style.css,303,css,a02418f1,JingwenGu0829,2026-05-01,00:30:06,-07:00,2026-05-01T00:30:06-07:00,0,16
style.css,304,css,a02418f1,JingwenGu0829,2026-05-01,00:30:06,-07:00,2026-05-01T00:30:06-07:00,1,8
style.css,305,css,a02418f1,JingwenGu0829,2026-05-01,00:30:06,-07:00,2026-05-01T00:30:06-07:00,0,0
style.css,306,css,a02418f1,JingwenGu0829,2026-05-01,00:30:06,-07:00,2026-05-01T00:30:06-07:00,0,0
style.css,307,css,a02418f1,JingwenGu0829,2026-05-01,00:30:06,-07:00,2026-05-01T00:30:06-07:00,0,18
style.css,308,css,a02418f1,JingwenGu0829,2026-05-01,00:30:06,-07:00,2026-05-01T00:30:06-07:00,1,16
style.css,309,css,a02418f1,JingwenGu0829,2026-05-01,00:30:06,-07:00,2026-05-01T00:30:06-07:00,1,17
style.css,310,css,a02418f1,JingwenGu0829,2026-05-01,00:30:06,-07:00,2026-05-01T00:30:06-07:00,1,22
style.css,311,css,a02418f1,JingwenGu0829,2026-05-01,00:30:06,-07:00,2026-05-01T00:30:06-07:00,1,36
style.css,312,css,a02418f1,JingwenGu0829,2026-05-01,00:30:06,-07:00,2026-05-01T00:30:06-07:00,1,19
style.css,313,css,a02418f1,JingwenGu0829,2026-05-01,00:30:06,-07:00,2026-05-01T00:30:06-07:00,1,17
style.css,314,css,a02418f1,JingwenGu0829,2026-05-01,00:30:06,-07:00,2026-05-01T00:30:06-07:00,1,23
style.css,315,css,a02418f1,JingwenGu0829,2026-05-01,00:30:06,-07:00,2026-05-01T00:30:06-07:00,1,16
style.css,316,css,a02418f1,JingwenGu0829,2026-05-01,00:30:06,-07:00,2026-05-01T00:30:06-07:00,1,15
style.css,317,css,a02418f1,JingwenGu0829,2026-05-01,00:30:06,-07:00,2026-05-01T00:30:06-07:00,1,14
style.css,318,css,a02418f1,JingwenGu0829,2026-05-01,00:30:06,-07:00,2026-05-01T00:30:06-07:00,0,0
style.css,319,css,a02418f1,JingwenGu0829,2026-05-01,00:30:06,-07:00,2026-05-01T00:30:06-07:00,0,0
style.css,320,css,a02418f1,JingwenGu0829,2026-05-01,00:30:06,-07:00,2026-05-01T00:30:06-07:00,0,27
style.css,321,css,a02418f1,JingwenGu0829,2026-05-01,00:30:06,-07:00,2026-05-01T00:30:06-07:00,1,14
style.css,322,css,a02418f1,JingwenGu0829,2026-05-01,00:30:06,-07:00,2026-05-01T00:30:06-07:00,1,12
style.css,323,css,a02418f1,JingwenGu0829,2026-05-01,00:30:06,-07:00,2026-05-01T00:30:06-07:00,0,0
style.css,324,css,a02418f1,JingwenGu0829,2026-05-01,00:30:06,-07:00,2026-05-01T00:30:06-07:00,0,0
style.css,325,css,a02418f1,JingwenGu0829,2026-05-01,00:30:06,-07:00,2026-05-01T00:30:06-07:00,0,39
style.css,326,css,a02418f1,JingwenGu0829,2026-05-01,00:30:06,-07:00,2026-05-01T00:30:06-07:00,1,32
style.css,327,css,a02418f1,JingwenGu0829,2026-05-01,00:30:06,-07:00,2026-05-01T00:30:06-07:00,1,35
style.css,328,css,a02418f1,JingwenGu0829,2026-05-01,00:30:06,-07:00,2026-05-01T00:30:06-07:00,0,0
style.css,329,css,a02418f1,JingwenGu0829,2026-05-01,00:30:06,-07:00,2026-05-01T00:30:06-07:00,0,0
style.css,330,css,a02418f1,JingwenGu0829,2026-05-01,00:30:06,-07:00,2026-05-01T00:30:06-07:00,0,16
style.css,331,css,a02418f1,JingwenGu0829,2026-05-01,00:30:06,-07:00,2026-05-01T00:30:06-07:00,1,12
style.css,332,css,a02418f1,JingwenGu0829,2026-05-01,00:30:06,-07:00,2026-05-01T00:30:06-07:00,1,18
style.css,333,css,a02418f1,JingwenGu0829,2026-05-01,00:30:06,-07:00,2026-05-01T00:30:06-07:00,1,8
style.css,334,css,a02418f1,JingwenGu0829,2026-05-01,00:30:06,-07:00,2026-05-01T00:30:06-07:00,0,0
style.css,335,css,a02418f1,JingwenGu0829,2026-05-01,00:30:06,-07:00,2026-05-01T00:30:06-07:00,0,0
style.css,336,css,a02418f1,JingwenGu0829,2026-05-01,00:30:06,-07:00,2026-05-01T00:30:06-07:00,0,18
style.css,337,css,a02418f1,JingwenGu0829,2026-05-01,00:30:06,-07:00,2026-05-01T00:30:06-07:00,1,14
style.css,338,css,a02418f1,JingwenGu0829,2026-05-01,00:30:06,-07:00,2026-05-01T00:30:06-07:00,1,14
style.css,339,css,a02418f1,JingwenGu0829,2026-05-01,00:30:06,-07:00,2026-05-01T00:30:06-07:00,1,15
style.css,340,css,a02418f1,JingwenGu0829,2026-05-01,00:30:06,-07:00,2026-05-01T00:30:06-07:00,1,17
style.css,341,css,a02418f1,JingwenGu0829,2026-05-01,00:30:06,-07:00,2026-05-01T00:30:06-07:00,1,16
style.css,342,css,a02418f1,JingwenGu0829,2026-05-01,00:30:06,-07:00,2026-05-01T00:30:06-07:00,0,0
style.css,343,css,a02418f1,JingwenGu0829,2026-05-01,00:30:06,-07:00,2026-05-01T00:30:06-07:00,0,0
style.css,344,css,a02418f1,JingwenGu0829,2026-05-01,00:30:06,-07:00,2026-05-01T00:30:06-07:00,0,23
style.css,345,css,a02418f1,JingwenGu0829,2026-05-01,00:30:06,-07:00,2026-05-01T00:30:06-07:00,1,14
style.css,346,css,a02418f1,JingwenGu0829,2026-05-01,00:30:06,-07:00,2026-05-01T00:30:06-07:00,1,9
style.css,347,css,a02418f1,JingwenGu0829,2026-05-01,00:30:06,-07:00,2026-05-01T00:30:06-07:00,2,17
style.css,348,css,a02418f1,JingwenGu0829,2026-05-01,00:30:06,-07:00,2026-05-01T00:30:06-07:00,2,14
style.css,349,css,a02418f1,JingwenGu0829,2026-05-01,00:30:06,-07:00,2026-05-01T00:30:06-07:00,0,0
style.css,350,css,a02418f1,JingwenGu0829,2026-05-01,00:30:06,-07:00,2026-05-01T00:30:06-07:00,0,0
style.css,351,css,a02418f1,JingwenGu0829,2026-05-01,00:30:06,-07:00,2026-05-01T00:30:06-07:00,0,51
style.css,352,css,a02418f1,JingwenGu0829,2026-05-01,00:30:06,-07:00,2026-05-01T00:30:06-07:00,1,11
style.css,353,css,a02418f1,JingwenGu0829,2026-05-01,00:30:06,-07:00,2026-05-01T00:30:06-07:00,0,0
style.css,354,css,a02418f1,JingwenGu0829,2026-05-01,00:30:06,-07:00,2026-05-01T00:30:06-07:00,0,0
style.css,355,css,a02418f1,JingwenGu0829,2026-05-01,00:30:06,-07:00,2026-05-01T00:30:06-07:00,0,32
style.css,356,css,a02418f1,JingwenGu0829,2026-05-01,00:30:06,-07:00,2026-05-01T00:30:06-07:00,1,23
style.css,357,css,a02418f1,JingwenGu0829,2026-05-01,00:30:06,-07:00,2026-05-01T00:30:06-07:00,0,0
style.css,358,css,a02418f1,JingwenGu0829,2026-05-01,00:30:06,-07:00,2026-05-01T00:30:06-07:00,0,0
style.css,359,css,a02418f1,JingwenGu0829,2026-05-01,00:30:06,-07:00,2026-05-01T00:30:06-07:00,0,11
style.css,360,css,a02418f1,JingwenGu0829,2026-05-01,00:30:06,-07:00,2026-05-01T00:30:06-07:00,1,23
style.css,361,css,a02418f1,JingwenGu0829,2026-05-01,00:30:06,-07:00,2026-05-01T00:30:06-07:00,1,17
style.css,362,css,a02418f1,JingwenGu0829,2026-05-01,00:30:06,-07:00,2026-05-01T00:30:06-07:00,1,15
style.css,363,css,a02418f1,JingwenGu0829,2026-05-01,00:30:06,-07:00,2026-05-01T00:30:06-07:00,0,0
style.css,364,css,a02418f1,JingwenGu0829,2026-05-01,00:30:06,-07:00,2026-05-01T00:30:06-07:00,0,0
style.css,365,css,a02418f1,JingwenGu0829,2026-05-01,00:30:06,-07:00,2026-05-01T00:30:06-07:00,0,7
style.css,366,css,a02418f1,JingwenGu0829,2026-05-01,00:30:06,-07:00,2026-05-01T00:30:06-07:00,1,6
style.css,367,css,a02418f1,JingwenGu0829,2026-05-01,00:30:06,-07:00,2026-05-01T00:30:06-07:00,1,12
style.css,368,css,a02418f1,JingwenGu0829,2026-05-01,00:30:06,-07:00,2026-05-01T00:30:06-07:00,1,58
style.css,369,css,a02418f1,JingwenGu0829,2026-05-01,00:30:06,-07:00,2026-05-01T00:30:06-07:00,1,19
style.css,370,css,a02418f1,JingwenGu0829,2026-05-01,00:30:06,-07:00,2026-05-01T00:30:06-07:00,1,8
style.css,371,css,a02418f1,JingwenGu0829,2026-05-01,00:30:06,-07:00,2026-05-01T00:30:06-07:00,1,12
style.css,372,css,a02418f1,JingwenGu0829,2026-05-01,00:30:06,-07:00,2026-05-01T00:30:06-07:00,1,15
style.css,373,css,a02418f1,JingwenGu0829,2026-05-01,00:30:06,-07:00,2026-05-01T00:30:06-07:00,1,36
style.css,374,css,a02418f1,JingwenGu0829,2026-05-01,00:30:06,-07:00,2026-05-01T00:30:06-07:00,1,18
style.css,375,css,a02418f1,JingwenGu0829,2026-05-01,00:30:06,-07:00,2026-05-01T00:30:06-07:00,1,52
style.css,376,css,a02418f1,JingwenGu0829,2026-05-01,00:30:06,-07:00,2026-05-01T00:30:06-07:00,0,0
style.css,377,css,a02418f1,JingwenGu0829,2026-05-01,00:30:06,-07:00,2026-05-01T00:30:06-07:00,0,0
style.css,378,css,a02418f1,JingwenGu0829,2026-05-01,00:30:06,-07:00,2026-05-01T00:30:06-07:00,0,12
style.css,379,css,a02418f1,JingwenGu0829,2026-05-01,00:30:06,-07:00,2026-05-01T00:30:06-07:00,1,12
style.css,380,css,a02418f1,JingwenGu0829,2026-05-01,00:30:06,-07:00,2026-05-01T00:30:06-07:00,1,18
style.css,381,css,a02418f1,JingwenGu0829,2026-05-01,00:30:06,-07:00,2026-05-01T00:30:06-07:00,1,11
style.css,382,css,a02418f1,JingwenGu0829,2026-05-01,00:30:06,-07:00,2026-05-01T00:30:06-07:00,1,11
style.css,383,css,a02418f1,JingwenGu0829,2026-05-01,00:30:06,-07:00,2026-05-01T00:30:06-07:00,1,21
style.css,384,css,a02418f1,JingwenGu0829,2026-05-01,00:30:06,-07:00,2026-05-01T00:30:06-07:00,1,28
style.css,385,css,a02418f1,JingwenGu0829,2026-05-01,00:30:06,-07:00,2026-05-01T00:30:06-07:00,1,20
style.css,386,css,a02418f1,JingwenGu0829,2026-05-01,00:30:06,-07:00,2026-05-01T00:30:06-07:00,1,14
style.css,387,css,a02418f1,JingwenGu0829,2026-05-01,00:30:06,-07:00,2026-05-01T00:30:06-07:00,1,9
style.css,388,css,a02418f1,JingwenGu0829,2026-05-01,00:30:06,-07:00,2026-05-01T00:30:06-07:00,2,26
style.css,389,css,a02418f1,JingwenGu0829,2026-05-01,00:30:06,-07:00,2026-05-01T00:30:06-07:00,2,22
style.css,390,css,a02418f1,JingwenGu0829,2026-05-01,00:30:06,-07:00,2026-05-01T00:30:06-07:00,2,15
style.css,391,css,a02418f1,JingwenGu0829,2026-05-01,00:30:06,-07:00,2026-05-01T00:30:06-07:00,0,0
style.css,392,css,a02418f1,JingwenGu0829,2026-05-01,00:30:06,-07:00,2026-05-01T00:30:06-07:00,0,0
style.css,393,css,a02418f1,JingwenGu0829,2026-05-01,00:30:06,-07:00,2026-05-01T00:30:06-07:00,0,17
style.css,394,css,a02418f1,JingwenGu0829,2026-05-01,00:30:06,-07:00,2026-05-01T00:30:06-07:00,0,26
style.css,395,css,a02418f1,JingwenGu0829,2026-05-01,00:30:06,-07:00,2026-05-01T00:30:06-07:00,1,62
style.css,396,css,a02418f1,JingwenGu0829,2026-05-01,00:30:06,-07:00,2026-05-01T00:30:06-07:00,1,56
style.css,397,css,a02418f1,JingwenGu0829,2026-05-01,00:30:06,-07:00,2026-05-01T00:30:06-07:00,0,0
style.css,398,css,a02418f1,JingwenGu0829,2026-05-01,00:30:06,-07:00,2026-05-01T00:30:06-07:00,0,0
style.css,399,css,a02418f1,JingwenGu0829,2026-05-01,00:30:06,-07:00,2026-05-01T00:30:06-07:00,0,21
style.css,400,css,a02418f1,JingwenGu0829,2026-05-01,00:30:06,-07:00,2026-05-01T00:30:06-07:00,1,37
style.css,401,css,a02418f1,JingwenGu0829,2026-05-01,00:30:06,-07:00,2026-05-01T00:30:06-07:00,1,25
style.css,402,css,a02418f1,JingwenGu0829,2026-05-01,00:30:06,-07:00,2026-05-01T00:30:06-07:00,1,56
style.css,403,css,a02418f1,JingwenGu0829,2026-05-01,00:30:06,-07:00,2026-05-01T00:30:06-07:00,0,0
style.css,404,css,a02418f1,JingwenGu0829,2026-05-01,00:30:06,-07:00,2026-05-01T00:30:06-07:00,0,0
style.css,405,css,a02418f1,JingwenGu0829,2026-05-01,00:30:06,-07:00,2026-05-01T00:30:06-07:00,0,20
style.css,406,css,a02418f1,JingwenGu0829,2026-05-01,00:30:06,-07:00,2026-05-01T00:30:06-07:00,1,13
style.css,407,css,a02418f1,JingwenGu0829,2026-05-01,00:30:06,-07:00,2026-05-01T00:30:06-07:00,1,12
style.css,408,css,a02418f1,JingwenGu0829,2026-05-01,00:30:06,-07:00,2026-05-01T00:30:06-07:00,1,14
style.css,409,css,a02418f1,JingwenGu0829,2026-05-01,00:30:06,-07:00,2026-05-01T00:30:06-07:00,1,21
style.css,410,css,a02418f1,JingwenGu0829,2026-05-01,00:30:06,-07:00,2026-05-01T00:30:06-07:00,1,23
style.css,411,css,a02418f1,JingwenGu0829,2026-05-01,00:30:06,-07:00,2026-05-01T00:30:06-07:00,0,0
style.css,412,css,a02418f1,JingwenGu0829,2026-05-01,00:30:06,-07:00,2026-05-01T00:30:06-07:00,0,0
style.css,413,css,a02418f1,JingwenGu0829,2026-05-01,00:30:06,-07:00,2026-05-01T00:30:06-07:00,0,15
style.css,414,css,a02418f1,JingwenGu0829,2026-05-01,00:30:06,-07:00,2026-05-01T00:30:06-07:00,1,16
style.css,415,css,a02418f1,JingwenGu0829,2026-05-01,00:30:06,-07:00,2026-05-01T00:30:06-07:00,1,24
style.css,416,css,a02418f1,JingwenGu0829,2026-05-01,00:30:06,-07:00,2026-05-01T00:30:06-07:00,1,17
style.css,417,css,a02418f1,JingwenGu0829,2026-05-01,00:30:06,-07:00,2026-05-01T00:30:06-07:00,0,0
style.css,418,css,a02418f1,JingwenGu0829,2026-05-01,00:30:06,-07:00,2026-05-01T00:30:06-07:00,0,0
style.css,419,css,a02418f1,JingwenGu0829,2026-05-01,00:30:06,-07:00,2026-05-01T00:30:06-07:00,0,10
style.css,420,css,a02418f1,JingwenGu0829,2026-05-01,00:30:06,-07:00,2026-05-01T00:30:06-07:00,1,10
style.css,421,css,a02418f1,JingwenGu0829,2026-05-01,00:30:06,-07:00,2026-05-01T00:30:06-07:00,1,21
style.css,422,css,a02418f1,JingwenGu0829,2026-05-01,00:30:06,-07:00,2026-05-01T00:30:06-07:00,1,20
style.css,423,css,a02418f1,JingwenGu0829,2026-05-01,00:30:06,-07:00,2026-05-01T00:30:06-07:00,1,36
style.css,424,css,a02418f1,JingwenGu0829,2026-05-01,00:30:06,-07:00,2026-05-01T00:30:06-07:00,1,19
style.css,425,css,a02418f1,JingwenGu0829,2026-05-01,00:30:06,-07:00,2026-05-01T00:30:06-07:00,1,17
style.css,426,css,a02418f1,JingwenGu0829,2026-05-01,00:30:06,-07:00,2026-05-01T00:30:06-07:00,1,16
style.css,427,css,a02418f1,JingwenGu0829,2026-05-01,00:30:06,-07:00,2026-05-01T00:30:06-07:00,0,0
style.css,428,css,a02418f1,JingwenGu0829,2026-05-01,00:30:06,-07:00,2026-05-01T00:30:06-07:00,0,0
style.css,429,css,8540341,JingwenGu0829,2026-04-10,22:38:49,-07:00,2026-04-10T22:38:49-07:00,0,17
style.css,430,css,8540341,JingwenGu0829,2026-04-10,22:38:49,-07:00,2026-04-10T22:38:49-07:00,1,12
style.css,431,css,8540341,JingwenGu0829,2026-04-10,22:38:49,-07:00,2026-04-10T22:38:49-07:00,1,32
style.css,432,css,8540341,JingwenGu0829,2026-04-10,22:38:49,-07:00,2026-04-10T22:38:49-07:00,1,8
style.css,433,css,8540341,JingwenGu0829,2026-04-10,22:38:49,-07:00,2026-04-10T22:38:49-07:00,1,12
style.css,434,css,8540341,JingwenGu0829,2026-04-10,22:38:49,-07:00,2026-04-10T22:38:49-07:00,1,9
style.css,435,css,4ba20847,JingwenGu0829,2026-04-13,14:30:06,-07:00,2026-04-13T14:30:06-07:00,2,14
style.css,436,css,4ba20847,JingwenGu0829,2026-04-13,14:30:06,-07:00,2026-04-13T14:30:06-07:00,3,5
style.css,437,css,4ba20847,JingwenGu0829,2026-04-13,14:30:06,-07:00,2026-04-13T14:30:06-07:00,3,40
style.css,438,css,4ba20847,JingwenGu0829,2026-04-13,14:30:06,-07:00,2026-04-13T14:30:06-07:00,3,54
style.css,439,css,4ba20847,JingwenGu0829,2026-04-13,14:30:06,-07:00,2026-04-13T14:30:06-07:00,2,0
style.css,440,css,8540341,JingwenGu0829,2026-04-10,22:38:49,-07:00,2026-04-10T22:38:49-07:00,1,36
style.css,441,css,8540341,JingwenGu0829,2026-04-10,22:38:49,-07:00,2026-04-10T22:38:49-07:00,1,20
style.css,442,css,4ba20847,JingwenGu0829,2026-04-13,14:30:06,-07:00,2026-04-13T14:30:06-07:00,1,84
style.css,443,css,8540341,JingwenGu0829,2026-04-10,22:38:49,-07:00,2026-04-10T22:38:49-07:00,0,0
style.css,444,css,8540341,JingwenGu0829,2026-04-10,22:38:49,-07:00,2026-04-10T22:38:49-07:00,0,0
style.css,445,css,a02418f1,JingwenGu0829,2026-05-01,00:30:06,-07:00,2026-05-01T00:30:06-07:00,0,11
style.css,446,css,a02418f1,JingwenGu0829,2026-05-01,00:30:06,-07:00,2026-05-01T00:30:06-07:00,0,12
style.css,447,css,8540341,JingwenGu0829,2026-04-10,22:38:49,-07:00,2026-04-10T22:38:49-07:00,1,8
style.css,448,css,8540341,JingwenGu0829,2026-04-10,22:38:49,-07:00,2026-04-10T22:38:49-07:00,0,0
style.css,449,css,8540341,JingwenGu0829,2026-04-10,22:38:49,-07:00,2026-04-10T22:38:49-07:00,0,0
style.css,450,css,8540341,JingwenGu0829,2026-04-10,22:38:49,-07:00,2026-04-10T22:38:49-07:00,0,13
style.css,451,css,8540341,JingwenGu0829,2026-04-10,22:38:49,-07:00,2026-04-10T22:38:49-07:00,1,10
style.css,452,css,8540341,JingwenGu0829,2026-04-10,22:38:49,-07:00,2026-04-10T22:38:49-07:00,1,20
style.css,453,css,8540341,JingwenGu0829,2026-04-10,22:38:49,-07:00,2026-04-10T22:38:49-07:00,1,18
style.css,454,css,8540341,JingwenGu0829,2026-04-10,22:38:49,-07:00,2026-04-10T22:38:49-07:00,1,16
style.css,455,css,8540341,JingwenGu0829,2026-04-10,22:38:49,-07:00,2026-04-10T22:38:49-07:00,0,0
style.css,456,css,8540341,JingwenGu0829,2026-04-10,22:38:49,-07:00,2026-04-10T22:38:49-07:00,0,0
style.css,457,css,8540341,JingwenGu0829,2026-04-10,22:38:49,-07:00,2026-04-10T22:38:49-07:00,0,11
style.css,458,css,8540341,JingwenGu0829,2026-04-10,22:38:49,-07:00,2026-04-10T22:38:49-07:00,1,8
style.css,459,css,8540341,JingwenGu0829,2026-04-10,22:38:49,-07:00,2026-04-10T22:38:49-07:00,0,0
style.css,460,css,8540341,JingwenGu0829,2026-04-10,22:38:49,-07:00,2026-04-10T22:38:49-07:00,0,0
style.css,461,css,a02418f1,JingwenGu0829,2026-05-01,00:30:06,-07:00,2026-05-01T00:30:06-07:00,0,16
style.css,462,css,a02418f1,JingwenGu0829,2026-05-01,00:30:06,-07:00,2026-05-01T00:30:06-07:00,1,12
style.css,463,css,a02418f1,JingwenGu0829,2026-05-01,00:30:06,-07:00,2026-05-01T00:30:06-07:00,1,19
style.css,464,css,a02418f1,JingwenGu0829,2026-05-01,00:30:06,-07:00,2026-05-01T00:30:06-07:00,1,10
style.css,465,css,a02418f1,JingwenGu0829,2026-05-01,00:30:06,-07:00,2026-05-01T00:30:06-07:00,0,0
style.css,466,css,a02418f1,JingwenGu0829,2026-05-01,00:30:06,-07:00,2026-05-01T00:30:06-07:00,0,0
style.css,467,css,a02418f1,JingwenGu0829,2026-05-01,00:30:06,-07:00,2026-05-01T00:30:06-07:00,0,13
style.css,468,css,a02418f1,JingwenGu0829,2026-05-01,00:30:06,-07:00,2026-05-01T00:30:06-07:00,1,17
style.css,469,css,a02418f1,JingwenGu0829,2026-05-01,00:30:06,-07:00,2026-05-01T00:30:06-07:00,1,23
style.css,470,css,a02418f1,JingwenGu0829,2026-05-01,00:30:06,-07:00,2026-05-01T00:30:06-07:00,1,19
style.css,471,css,a02418f1,JingwenGu0829,2026-05-01,00:30:06,-07:00,2026-05-01T00:30:06-07:00,1,62
style.css,472,css,a02418f1,JingwenGu0829,2026-05-01,00:30:06,-07:00,2026-05-01T00:30:06-07:00,1,35
style.css,473,css,a02418f1,JingwenGu0829,2026-05-01,00:30:06,-07:00,2026-05-01T00:30:06-07:00,1,17
style.css,474,css,a02418f1,JingwenGu0829,2026-05-01,00:30:06,-07:00,2026-05-01T00:30:06-07:00,1,15
style.css,475,css,a02418f1,JingwenGu0829,2026-05-01,00:30:06,-07:00,2026-05-01T00:30:06-07:00,0,0
style.css,476,css,a02418f1,JingwenGu0829,2026-05-01,00:30:06,-07:00,2026-05-01T00:30:06-07:00,0,0
style.css,477,css,a02418f1,JingwenGu0829,2026-05-01,00:30:06,-07:00,2026-05-01T00:30:06-07:00,0,14
style.css,478,css,a02418f1,JingwenGu0829,2026-05-01,00:30:06,-07:00,2026-05-01T00:30:06-07:00,1,24
style.css,479,css,a02418f1,JingwenGu0829,2026-05-01,00:30:06,-07:00,2026-05-01T00:30:06-07:00,0,0
style.css,480,css,a02418f1,JingwenGu0829,2026-05-01,00:30:06,-07:00,2026-05-01T00:30:06-07:00,0,0
style.css,481,css,a02418f1,JingwenGu0829,2026-05-01,00:30:06,-07:00,2026-05-01T00:30:06-07:00,0,17
style.css,482,css,a02418f1,JingwenGu0829,2026-05-01,00:30:06,-07:00,2026-05-01T00:30:06-07:00,1,12
style.css,483,css,a02418f1,JingwenGu0829,2026-05-01,00:30:06,-07:00,2026-05-01T00:30:06-07:00,1,47
style.css,484,css,a02418f1,JingwenGu0829,2026-05-01,00:30:06,-07:00,2026-05-01T00:30:06-07:00,1,15
style.css,485,css,a02418f1,JingwenGu0829,2026-05-01,00:30:06,-07:00,2026-05-01T00:30:06-07:00,1,8
style.css,486,css,a02418f1,JingwenGu0829,2026-05-01,00:30:06,-07:00,2026-05-01T00:30:06-07:00,1,17
style.css,487,css,a02418f1,JingwenGu0829,2026-05-01,00:30:06,-07:00,2026-05-01T00:30:06-07:00,0,0
style.css,488,css,a02418f1,JingwenGu0829,2026-05-01,00:30:06,-07:00,2026-05-01T00:30:06-07:00,0,0
style.css,489,css,a02418f1,JingwenGu0829,2026-05-01,00:30:06,-07:00,2026-05-01T00:30:06-07:00,0,17
style.css,490,css,a02418f1,JingwenGu0829,2026-05-01,00:30:06,-07:00,2026-05-01T00:30:06-07:00,1,10
style.css,491,css,a02418f1,JingwenGu0829,2026-05-01,00:30:06,-07:00,2026-05-01T00:30:06-07:00,1,24
style.css,492,css,a02418f1,JingwenGu0829,2026-05-01,00:30:06,-07:00,2026-05-01T00:30:06-07:00,1,17
style.css,493,css,a02418f1,JingwenGu0829,2026-05-01,00:30:06,-07:00,2026-05-01T00:30:06-07:00,1,15
style.css,494,css,a02418f1,JingwenGu0829,2026-05-01,00:30:06,-07:00,2026-05-01T00:30:06-07:00,0,0
style.css,495,css,a02418f1,JingwenGu0829,2026-05-01,00:30:06,-07:00,2026-05-01T00:30:06-07:00,0,0
style.css,496,css,a02418f1,JingwenGu0829,2026-05-01,00:30:06,-07:00,2026-05-01T00:30:06-07:00,0,17
style.css,497,css,a02418f1,JingwenGu0829,2026-05-01,00:30:06,-07:00,2026-05-01T00:30:06-07:00,1,10
style.css,498,css,a02418f1,JingwenGu0829,2026-05-01,00:30:06,-07:00,2026-05-01T00:30:06-07:00,1,8
style.css,499,css,a02418f1,JingwenGu0829,2026-05-01,00:30:06,-07:00,2026-05-01T00:30:06-07:00,1,16
style.css,500,css,a02418f1,JingwenGu0829,2026-05-01,00:30:06,-07:00,2026-05-01T00:30:06-07:00,1,15
style.css,501,css,a02418f1,JingwenGu0829,2026-05-01,00:30:06,-07:00,2026-05-01T00:30:06-07:00,1,62
style.css,502,css,a02418f1,JingwenGu0829,2026-05-01,00:30:06,-07:00,2026-05-01T00:30:06-07:00,0,0
style.css,503,css,a02418f1,JingwenGu0829,2026-05-01,00:30:06,-07:00,2026-05-01T00:30:06-07:00,0,0
style.css,504,css,8540341,JingwenGu0829,2026-04-10,22:38:49,-07:00,2026-04-10T22:38:49-07:00,0,27
style.css,505,css,8540341,JingwenGu0829,2026-04-10,22:38:49,-07:00,2026-04-10T22:38:49-07:00,1,15
style.css,506,css,8540341,JingwenGu0829,2026-04-10,22:38:49,-07:00,2026-04-10T22:38:49-07:00,0,0
style.css,507,css,8540341,JingwenGu0829,2026-04-10,22:38:49,-07:00,2026-04-10T22:38:49-07:00,0,0
style.css,508,css,8540341,JingwenGu0829,2026-04-10,22:38:49,-07:00,2026-04-10T22:38:49-07:00,0,19
style.css,509,css,8540341,JingwenGu0829,2026-04-10,22:38:49,-07:00,2026-04-10T22:38:49-07:00,1,12
style.css,510,css,8540341,JingwenGu0829,2026-04-10,22:38:49,-07:00,2026-04-10T22:38:49-07:00,1,29
style.css,511,css,8540341,JingwenGu0829,2026-04-10,22:38:49,-07:00,2026-04-10T22:38:49-07:00,1,17
style.css,512,css,8540341,JingwenGu0829,2026-04-10,22:38:49,-07:00,2026-04-10T22:38:49-07:00,1,8
style.css,513,css,8540341,JingwenGu0829,2026-04-10,22:38:49,-07:00,2026-04-10T22:38:49-07:00,0,0
style.css,514,css,8540341,JingwenGu0829,2026-04-10,22:38:49,-07:00,2026-04-10T22:38:49-07:00,0,0
style.css,515,css,8540341,JingwenGu0829,2026-04-10,22:38:49,-07:00,2026-04-10T22:38:49-07:00,0,20
style.css,516,css,8540341,JingwenGu0829,2026-04-10,22:38:49,-07:00,2026-04-10T22:38:49-07:00,0,22
style.css,517,css,8540341,JingwenGu0829,2026-04-10,22:38:49,-07:00,2026-04-10T22:38:49-07:00,1,8
style.css,518,css,8540341,JingwenGu0829,2026-04-10,22:38:49,-07:00,2026-04-10T22:38:49-07:00,0,0
style.css,519,css,8540341,JingwenGu0829,2026-04-10,22:38:49,-07:00,2026-04-10T22:38:49-07:00,0,0
style.css,520,css,e93c1c5b,JingwenGu0829,2026-04-28,21:59:12,-07:00,2026-04-28T21:59:12-07:00,0,12
style.css,521,css,e93c1c5b,JingwenGu0829,2026-04-28,21:59:12,-07:00,2026-04-28T21:59:12-07:00,1,15
style.css,522,css,e93c1c5b,JingwenGu0829,2026-04-28,21:59:12,-07:00,2026-04-28T21:59:12-07:00,0,0
style.css,523,css,e93c1c5b,JingwenGu0829,2026-04-28,21:59:12,-07:00,2026-04-28T21:59:12-07:00,0,0
style.css,524,css,e93c1c5b,JingwenGu0829,2026-04-28,21:59:12,-07:00,2026-04-28T21:59:12-07:00,0,12
style.css,525,css,e93c1c5b,JingwenGu0829,2026-04-28,21:59:12,-07:00,2026-04-28T21:59:12-07:00,1,17
style.css,526,css,e93c1c5b,JingwenGu0829,2026-04-28,21:59:12,-07:00,2026-04-28T21:59:12-07:00,1,18
style.css,527,css,e93c1c5b,JingwenGu0829,2026-04-28,21:59:12,-07:00,2026-04-28T21:59:12-07:00,0,0
style.css,528,css,e93c1c5b,JingwenGu0829,2026-04-28,21:59:12,-07:00,2026-04-28T21:59:12-07:00,0,0
style.css,529,css,e93c1c5b,JingwenGu0829,2026-04-28,21:59:12,-07:00,2026-04-28T21:59:12-07:00,0,15
style.css,530,css,e93c1c5b,JingwenGu0829,2026-04-28,21:59:12,-07:00,2026-04-28T21:59:12-07:00,1,20
style.css,531,css,e93c1c5b,JingwenGu0829,2026-04-28,21:59:12,-07:00,2026-04-28T21:59:12-07:00,0,0
style.css,532,css,e93c1c5b,JingwenGu0829,2026-04-28,21:59:12,-07:00,2026-04-28T21:59:12-07:00,0,0
style.css,533,css,e93c1c5b,JingwenGu0829,2026-04-28,21:59:12,-07:00,2026-04-28T21:59:12-07:00,0,15
style.css,534,css,e93c1c5b,JingwenGu0829,2026-04-28,21:59:12,-07:00,2026-04-28T21:59:12-07:00,1,21
style.css,535,css,e93c1c5b,JingwenGu0829,2026-04-28,21:59:12,-07:00,2026-04-28T21:59:12-07:00,1,14
style.css,536,css,e93c1c5b,JingwenGu0829,2026-04-28,21:59:12,-07:00,2026-04-28T21:59:12-07:00,0,0
style.css,537,css,e93c1c5b,JingwenGu0829,2026-04-28,21:59:12,-07:00,2026-04-28T21:59:12-07:00,0,0
style.css,538,css,e93c1c5b,JingwenGu0829,2026-04-28,21:59:12,-07:00,2026-04-28T21:59:12-07:00,0,6
style.css,539,css,e93c1c5b,JingwenGu0829,2026-04-28,21:59:12,-07:00,2026-04-28T21:59:12-07:00,1,15
style.css,540,css,e93c1c5b,JingwenGu0829,2026-04-28,21:59:12,-07:00,2026-04-28T21:59:12-07:00,1,62
style.css,541,css,e93c1c5b,JingwenGu0829,2026-04-28,21:59:12,-07:00,2026-04-28T21:59:12-07:00,0,0
style.css,542,css,e93c1c5b,JingwenGu0829,2026-04-28,21:59:12,-07:00,2026-04-28T21:59:12-07:00,0,0
style.css,543,css,e93c1c5b,JingwenGu0829,2026-04-28,21:59:12,-07:00,2026-04-28T21:59:12-07:00,0,12
style.css,544,css,e93c1c5b,JingwenGu0829,2026-04-28,21:59:12,-07:00,2026-04-28T21:59:12-07:00,1,24
style.css,545,css,e93c1c5b,JingwenGu0829,2026-04-28,21:59:12,-07:00,2026-04-28T21:59:12-07:00,1,17
style.css,546,css,e93c1c5b,JingwenGu0829,2026-04-28,21:59:12,-07:00,2026-04-28T21:59:12-07:00,0,0
style.css,547,css,e93c1c5b,JingwenGu0829,2026-04-28,21:59:12,-07:00,2026-04-28T21:59:12-07:00,0,0
style.css,548,css,e93c1c5b,JingwenGu0829,2026-04-28,21:59:12,-07:00,2026-04-28T21:59:12-07:00,0,12
style.css,549,css,e93c1c5b,JingwenGu0829,2026-04-28,21:59:12,-07:00,2026-04-28T21:59:12-07:00,1,12
style.css,550,css,e93c1c5b,JingwenGu0829,2026-04-28,21:59:12,-07:00,2026-04-28T21:59:12-07:00,1,47
style.css,551,css,e93c1c5b,JingwenGu0829,2026-04-28,21:59:12,-07:00,2026-04-28T21:59:12-07:00,1,10
style.css,552,css,e93c1c5b,JingwenGu0829,2026-04-28,21:59:12,-07:00,2026-04-28T21:59:12-07:00,0,0
style.css,553,css,e93c1c5b,JingwenGu0829,2026-04-28,21:59:12,-07:00,2026-04-28T21:59:12-07:00,0,0
style.css,554,css,e93c1c5b,JingwenGu0829,2026-04-28,21:59:12,-07:00,2026-04-28T21:59:12-07:00,0,15
style.css,555,css,e93c1c5b,JingwenGu0829,2026-04-28,21:59:12,-07:00,2026-04-28T21:59:12-07:00,1,12
style.css,556,css,e93c1c5b,JingwenGu0829,2026-04-28,21:59:12,-07:00,2026-04-28T21:59:12-07:00,1,8
style.css,557,css,e93c1c5b,JingwenGu0829,2026-04-28,21:59:12,-07:00,2026-04-28T21:59:12-07:00,1,19
style.css,558,css,e93c1c5b,JingwenGu0829,2026-04-28,21:59:12,-07:00,2026-04-28T21:59:12-07:00,0,0
style.css,559,css,e93c1c5b,JingwenGu0829,2026-04-28,21:59:12,-07:00,2026-04-28T21:59:12-07:00,0,0
style.css,560,css,e93c1c5b,JingwenGu0829,2026-04-28,21:59:12,-07:00,2026-04-28T21:59:12-07:00,0,29
style.css,561,css,e93c1c5b,JingwenGu0829,2026-04-28,21:59:12,-07:00,2026-04-28T21:59:12-07:00,1,15
style.css,562,css,e93c1c5b,JingwenGu0829,2026-04-28,21:59:12,-07:00,2026-04-28T21:59:12-07:00,0,0
style.css,563,css,e93c1c5b,JingwenGu0829,2026-04-28,21:59:12,-07:00,2026-04-28T21:59:12-07:00,0,0
style.css,564,css,e93c1c5b,JingwenGu0829,2026-04-28,21:59:12,-07:00,2026-04-28T21:59:12-07:00,0,11
style.css,565,css,e93c1c5b,JingwenGu0829,2026-04-28,21:59:12,-07:00,2026-04-28T21:59:12-07:00,1,19
style.css,566,css,e93c1c5b,JingwenGu0829,2026-04-28,21:59:12,-07:00,2026-04-28T21:59:12-07:00,1,18
style.css,567,css,e93c1c5b,JingwenGu0829,2026-04-28,21:59:12,-07:00,2026-04-28T21:59:12-07:00,1,22
style.css,568,css,e93c1c5b,JingwenGu0829,2026-04-28,21:59:12,-07:00,2026-04-28T21:59:12-07:00,1,17
style.css,569,css,e93c1c5b,JingwenGu0829,2026-04-28,21:59:12,-07:00,2026-04-28T21:59:12-07:00,1,21
style.css,570,css,e93c1c5b,JingwenGu0829,2026-04-28,21:59:12,-07:00,2026-04-28T21:59:12-07:00,1,19
style.css,571,css,e93c1c5b,JingwenGu0829,2026-04-28,21:59:12,-07:00,2026-04-28T21:59:12-07:00,1,17
style.css,572,css,e93c1c5b,JingwenGu0829,2026-04-28,21:59:12,-07:00,2026-04-28T21:59:12-07:00,1,15
style.css,573,css,e93c1c5b,JingwenGu0829,2026-04-28,21:59:12,-07:00,2026-04-28T21:59:12-07:00,1,21
style.css,574,css,e93c1c5b,JingwenGu0829,2026-04-28,21:59:12,-07:00,2026-04-28T21:59:12-07:00,0,0
style.css,575,css,e93c1c5b,JingwenGu0829,2026-04-28,21:59:12,-07:00,2026-04-28T21:59:12-07:00,0,0
style.css,576,css,e93c1c5b,JingwenGu0829,2026-04-28,21:59:12,-07:00,2026-04-28T21:59:12-07:00,0,19
style.css,577,css,e93c1c5b,JingwenGu0829,2026-04-28,21:59:12,-07:00,2026-04-28T21:59:12-07:00,1,24
style.css,578,css,e93c1c5b,JingwenGu0829,2026-04-28,21:59:12,-07:00,2026-04-28T21:59:12-07:00,1,62
style.css,579,css,e93c1c5b,JingwenGu0829,2026-04-28,21:59:12,-07:00,2026-04-28T21:59:12-07:00,0,0
style.css,580,css,e93c1c5b,JingwenGu0829,2026-04-28,21:59:12,-07:00,2026-04-28T21:59:12-07:00,0,0
style.css,581,css,e93c1c5b,JingwenGu0829,2026-04-28,21:59:12,-07:00,2026-04-28T21:59:12-07:00,0,21
style.css,582,css,e93c1c5b,JingwenGu0829,2026-04-28,21:59:12,-07:00,2026-04-28T21:59:12-07:00,1,25
style.css,583,css,e93c1c5b,JingwenGu0829,2026-04-28,21:59:12,-07:00,2026-04-28T21:59:12-07:00,1,62
style.css,584,css,e93c1c5b,JingwenGu0829,2026-04-28,21:59:12,-07:00,2026-04-28T21:59:12-07:00,0,0
style.css,585,css,e93c1c5b,JingwenGu0829,2026-04-28,21:59:12,-07:00,2026-04-28T21:59:12-07:00,0,0
style.css,586,css,e93c1c5b,JingwenGu0829,2026-04-28,21:59:12,-07:00,2026-04-28T21:59:12-07:00,0,14
style.css,587,css,e93c1c5b,JingwenGu0829,2026-04-28,21:59:12,-07:00,2026-04-28T21:59:12-07:00,1,8
style.css,588,css,e93c1c5b,JingwenGu0829,2026-04-28,21:59:12,-07:00,2026-04-28T21:59:12-07:00,1,12
style.css,589,css,e93c1c5b,JingwenGu0829,2026-04-28,21:59:12,-07:00,2026-04-28T21:59:12-07:00,1,9
style.css,590,css,e93c1c5b,JingwenGu0829,2026-04-28,21:59:12,-07:00,2026-04-28T21:59:12-07:00,2,14
style.css,591,css,e93c1c5b,JingwenGu0829,2026-04-28,21:59:12,-07:00,2026-04-28T21:59:12-07:00,3,5
style.css,592,css,e93c1c5b,JingwenGu0829,2026-04-28,21:59:12,-07:00,2026-04-28T21:59:12-07:00,3,40
style.css,593,css,e93c1c5b,JingwenGu0829,2026-04-28,21:59:12,-07:00,2026-04-28T21:59:12-07:00,3,53
style.css,594,css,e93c1c5b,JingwenGu0829,2026-04-28,21:59:12,-07:00,2026-04-28T21:59:12-07:00,2,0
style.css,595,css,e93c1c5b,JingwenGu0829,2026-04-28,21:59:12,-07:00,2026-04-28T21:59:12-07:00,1,36
style.css,596,css,e93c1c5b,JingwenGu0829,2026-04-28,21:59:12,-07:00,2026-04-28T21:59:12-07:00,1,18
style.css,597,css,e93c1c5b,JingwenGu0829,2026-04-28,21:59:12,-07:00,2026-04-28T21:59:12-07:00,1,84
style.css,598,css,e93c1c5b,JingwenGu0829,2026-04-28,21:59:12,-07:00,2026-04-28T21:59:12-07:00,0,0
style.css,599,css,e93c1c5b,JingwenGu0829,2026-04-28,21:59:12,-07:00,2026-04-28T21:59:12-07:00,0,0
style.css,600,css,e93c1c5b,JingwenGu0829,2026-04-28,21:59:12,-07:00,2026-04-28T21:59:12-07:00,0,18
style.css,601,css,e93c1c5b,JingwenGu0829,2026-04-28,21:59:12,-07:00,2026-04-28T21:59:12-07:00,1,10
style.css,602,css,e93c1c5b,JingwenGu0829,2026-04-28,21:59:12,-07:00,2026-04-28T21:59:12-07:00,1,20
style.css,603,css,e93c1c5b,JingwenGu0829,2026-04-28,21:59:12,-07:00,2026-04-28T21:59:12-07:00,1,68
style.css,604,css,e93c1c5b,JingwenGu0829,2026-04-28,21:59:12,-07:00,2026-04-28T21:59:12-07:00,0,0
style.css,605,css,e93c1c5b,JingwenGu0829,2026-04-28,21:59:12,-07:00,2026-04-28T21:59:12-07:00,0,0
style.css,606,css,e93c1c5b,JingwenGu0829,2026-04-28,21:59:12,-07:00,2026-04-28T21:59:12-07:00,0,25
style.css,607,css,e93c1c5b,JingwenGu0829,2026-04-28,21:59:12,-07:00,2026-04-28T21:59:12-07:00,1,18
style.css,608,css,e93c1c5b,JingwenGu0829,2026-04-28,21:59:12,-07:00,2026-04-28T21:59:12-07:00,1,24
style.css,609,css,e93c1c5b,JingwenGu0829,2026-04-28,21:59:12,-07:00,2026-04-28T21:59:12-07:00,1,17
style.css,610,css,e93c1c5b,JingwenGu0829,2026-04-28,21:59:12,-07:00,2026-04-28T21:59:12-07:00,0,0
style.css,611,css,e93c1c5b,JingwenGu0829,2026-04-28,21:59:12,-07:00,2026-04-28T21:59:12-07:00,0,0
style.css,612,css,e93c1c5b,JingwenGu0829,2026-04-28,21:59:12,-07:00,2026-04-28T21:59:12-07:00,0,13
style.css,613,css,e93c1c5b,JingwenGu0829,2026-04-28,21:59:12,-07:00,2026-04-28T21:59:12-07:00,1,8
style.css,614,css,e93c1c5b,JingwenGu0829,2026-04-28,21:59:12,-07:00,2026-04-28T21:59:12-07:00,1,20
style.css,615,css,e93c1c5b,JingwenGu0829,2026-04-28,21:59:12,-07:00,2026-04-28T21:59:12-07:00,0,0
style.css,616,css,e93c1c5b,JingwenGu0829,2026-04-28,21:59:12,-07:00,2026-04-28T21:59:12-07:00,0,0
style.css,617,css,e93c1c5b,JingwenGu0829,2026-04-28,21:59:12,-07:00,2026-04-28T21:59:12-07:00,0,21
style.css,618,css,e93c1c5b,JingwenGu0829,2026-04-28,21:59:12,-07:00,2026-04-28T21:59:12-07:00,1,18
style.css,619,css,e93c1c5b,JingwenGu0829,2026-04-28,21:59:12,-07:00,2026-04-28T21:59:12-07:00,0,0
style.css,620,css,e93c1c5b,JingwenGu0829,2026-04-28,21:59:12,-07:00,2026-04-28T21:59:12-07:00,0,0
style.css,621,css,4ba20847,JingwenGu0829,2026-04-13,14:30:06,-07:00,2026-04-13T14:30:06-07:00,0,13
style.css,622,css,4ba20847,JingwenGu0829,2026-04-13,14:30:06,-07:00,2026-04-13T14:30:06-07:00,1,17
style.css,623,css,4ba20847,JingwenGu0829,2026-04-13,14:30:06,-07:00,2026-04-13T14:30:06-07:00,1,8
style.css,624,css,4ba20847,JingwenGu0829,2026-04-13,14:30:06,-07:00,2026-04-13T14:30:06-07:00,1,12
style.css,625,css,4ba20847,JingwenGu0829,2026-04-13,14:30:06,-07:00,2026-04-13T14:30:06-07:00,1,12
style.css,626,css,4ba20847,JingwenGu0829,2026-04-13,14:30:06,-07:00,2026-04-13T14:30:06-07:00,1,18
style.css,627,css,4ba20847,JingwenGu0829,2026-04-13,14:30:06,-07:00,2026-04-13T14:30:06-07:00,1,10
style.css,628,css,4ba20847,JingwenGu0829,2026-04-13,14:30:06,-07:00,2026-04-13T14:30:06-07:00,1,17
style.css,629,css,4ba20847,JingwenGu0829,2026-04-13,14:30:06,-07:00,2026-04-13T14:30:06-07:00,1,15
style.css,630,css,4ba20847,JingwenGu0829,2026-04-13,14:30:06,-07:00,2026-04-13T14:30:06-07:00,1,24
style.css,631,css,4ba20847,JingwenGu0829,2026-04-13,14:30:06,-07:00,2026-04-13T14:30:06-07:00,0,0
style.css,632,css,4ba20847,JingwenGu0829,2026-04-13,14:30:06,-07:00,2026-04-13T14:30:06-07:00,0,0
style.css,633,css,4ba20847,JingwenGu0829,2026-04-13,14:30:06,-07:00,2026-04-13T14:30:06-07:00,0,20
style.css,634,css,4ba20847,JingwenGu0829,2026-04-13,14:30:06,-07:00,2026-04-13T14:30:06-07:00,1,10
style.css,635,css,4ba20847,JingwenGu0829,2026-04-13,14:30:06,-07:00,2026-04-13T14:30:06-07:00,1,16
style.css,636,css,4ba20847,JingwenGu0829,2026-04-13,14:30:06,-07:00,2026-04-13T14:30:06-07:00,1,22
style.css,637,css,4ba20847,JingwenGu0829,2026-04-13,14:30:06,-07:00,2026-04-13T14:30:06-07:00,0,0
style.css,638,css,4ba20847,JingwenGu0829,2026-04-13,14:30:06,-07:00,2026-04-13T14:30:06-07:00,0,0
style.css,639,css,8540341,JingwenGu0829,2026-04-10,22:38:49,-07:00,2026-04-10T22:38:49-07:00,0,6
style.css,640,css,8540341,JingwenGu0829,2026-04-10,22:38:49,-07:00,2026-04-10T22:38:49-07:00,1,15
style.css,641,css,8540341,JingwenGu0829,2026-04-10,22:38:49,-07:00,2026-04-10T22:38:49-07:00,1,24
style.css,642,css,8540341,JingwenGu0829,2026-04-10,22:38:49,-07:00,2026-04-10T22:38:49-07:00,1,17
style.css,643,css,8540341,JingwenGu0829,2026-04-10,22:38:49,-07:00,2026-04-10T22:38:49-07:00,1,17
style.css,644,css,8540341,JingwenGu0829,2026-04-10,22:38:49,-07:00,2026-04-10T22:38:49-07:00,0,0
style.css,645,css,8540341,JingwenGu0829,2026-04-10,22:38:49,-07:00,2026-04-10T22:38:49-07:00,0,0
style.css,646,css,8540341,JingwenGu0829,2026-04-10,22:38:49,-07:00,2026-04-10T22:38:49-07:00,0,42
style.css,647,css,8540341,JingwenGu0829,2026-04-10,22:38:49,-07:00,2026-04-10T22:38:49-07:00,1,4
style.css,648,css,8540341,JingwenGu0829,2026-04-10,22:38:49,-07:00,2026-04-10T22:38:49-07:00,2,30
style.css,649,css,8540341,JingwenGu0829,2026-04-10,22:38:49,-07:00,2026-04-10T22:38:49-07:00,1,0
style.css,650,css,8540341,JingwenGu0829,2026-04-10,22:38:49,-07:00,2026-04-10T22:38:49-07:00,0,0
style.css,651,css,4ba20847,JingwenGu0829,2026-04-13,14:30:06,-07:00,2026-04-13T14:30:06-07:00,1,10
style.css,652,css,8540341,JingwenGu0829,2026-04-10,22:38:49,-07:00,2026-04-10T22:38:49-07:00,2,29
style.css,653,css,8540341,JingwenGu0829,2026-04-10,22:38:49,-07:00,2026-04-10T22:38:49-07:00,1,0
style.css,654,css,8540341,JingwenGu0829,2026-04-10,22:38:49,-07:00,2026-04-10T22:38:49-07:00,0,0
style.css,655,css,8540341,JingwenGu0829,2026-04-10,22:38:49,-07:00,2026-04-10T22:38:49-07:00,0,0
style.css,656,css,8540341,JingwenGu0829,2026-04-10,22:38:49,-07:00,2026-04-10T22:38:49-07:00,0,39
style.css,657,css,8540341,JingwenGu0829,2026-04-10,22:38:49,-07:00,2026-04-10T22:38:49-07:00,1,17
style.css,658,css,8540341,JingwenGu0829,2026-04-10,22:38:49,-07:00,2026-04-10T22:38:49-07:00,2,15
style.css,659,css,8540341,JingwenGu0829,2026-04-10,22:38:49,-07:00,2026-04-10T22:38:49-07:00,2,26
style.css,660,css,8540341,JingwenGu0829,2026-04-10,22:38:49,-07:00,2026-04-10T22:38:49-07:00,1,0
style.css,661,css,8540341,JingwenGu0829,2026-04-10,22:38:49,-07:00,2026-04-10T22:38:49-07:00,0,0
style.css,662,css,8540341,JingwenGu0829,2026-04-10,22:38:49,-07:00,2026-04-10T22:38:49-07:00,0,0
style.css,663,css,8540341,JingwenGu0829,2026-04-10,22:38:49,-07:00,2026-04-10T22:38:49-07:00,0,25
style.css,664,css,8540341,JingwenGu0829,2026-04-10,22:38:49,-07:00,2026-04-10T22:38:49-07:00,1,4
style.css,665,css,8540341,JingwenGu0829,2026-04-10,22:38:49,-07:00,2026-04-10T22:38:49-07:00,2,8
style.css,666,css,8540341,JingwenGu0829,2026-04-10,22:38:49,-07:00,2026-04-10T22:38:49-07:00,2,12
style.css,667,css,8540341,JingwenGu0829,2026-04-10,22:38:49,-07:00,2026-04-10T22:38:49-07:00,2,15
style.css,668,css,8540341,JingwenGu0829,2026-04-10,22:38:49,-07:00,2026-04-10T22:38:49-07:00,1,0
style.css,669,css,8540341,JingwenGu0829,2026-04-10,22:38:49,-07:00,2026-04-10T22:38:49-07:00,0,0
style.css,670,css,8540341,JingwenGu0829,2026-04-10,22:38:49,-07:00,2026-04-10T22:38:49-07:00,1,3
style.css,671,css,8540341,JingwenGu0829,2026-04-10,22:38:49,-07:00,2026-04-10T22:38:49-07:00,2,12
style.css,672,css,8540341,JingwenGu0829,2026-04-10,22:38:49,-07:00,2026-04-10T22:38:49-07:00,1,0
style.css,673,css,8540341,JingwenGu0829,2026-04-10,22:38:49,-07:00,2026-04-10T22:38:49-07:00,0,0
style.css,674,css,8540341,JingwenGu0829,2026-04-10,22:38:49,-07:00,2026-04-10T22:38:49-07:00,1,4
style.css,675,css,8540341,JingwenGu0829,2026-04-10,22:38:49,-07:00,2026-04-10T22:38:49-07:00,1,13
style.css,676,css,8540341,JingwenGu0829,2026-04-10,22:38:49,-07:00,2026-04-10T22:38:49-07:00,1,9
style.css,677,css,8540341,JingwenGu0829,2026-04-10,22:38:49,-07:00,2026-04-10T22:38:49-07:00,1,14
style.css,678,css,e93c1c5b,JingwenGu0829,2026-04-28,21:59:12,-07:00,2026-04-28T21:59:12-07:00,1,14
style.css,679,css,a02418f1,JingwenGu0829,2026-05-01,00:30:06,-07:00,2026-05-01T00:30:06-07:00,1,15
style.css,680,css,e93c1c5b,JingwenGu0829,2026-04-28,21:59:12,-07:00,2026-04-28T21:59:12-07:00,1,12
style.css,681,css,8540341,JingwenGu0829,2026-04-10,22:38:49,-07:00,2026-04-10T22:38:49-07:00,2,25
style.css,682,css,8540341,JingwenGu0829,2026-04-10,22:38:49,-07:00,2026-04-10T22:38:49-07:00,2,21
style.css,683,css,8540341,JingwenGu0829,2026-04-10,22:38:49,-07:00,2026-04-10T22:38:49-07:00,1,0
style.css,684,css,8540341,JingwenGu0829,2026-04-10,22:38:49,-07:00,2026-04-10T22:38:49-07:00,0,0
style.css,685,css,8540341,JingwenGu0829,2026-04-10,22:38:49,-07:00,2026-04-10T22:38:49-07:00,1,10
style.css,686,css,8540341,JingwenGu0829,2026-04-10,22:38:49,-07:00,2026-04-10T22:38:49-07:00,1,13
style.css,687,css,8540341,JingwenGu0829,2026-04-10,22:38:49,-07:00,2026-04-10T22:38:49-07:00,2,15
style.css,688,css,8540341,JingwenGu0829,2026-04-10,22:38:49,-07:00,2026-04-10T22:38:49-07:00,2,18
style.css,689,css,8540341,JingwenGu0829,2026-04-10,22:38:49,-07:00,2026-04-10T22:38:49-07:00,1,0
style.css,690,css,8540341,JingwenGu0829,2026-04-10,22:38:49,-07:00,2026-04-10T22:38:49-07:00,0,0
style.css,691,css,4ba20847,JingwenGu0829,2026-04-13,14:30:06,-07:00,2026-04-13T14:30:06-07:00,1,10
style.css,692,css,8540341,JingwenGu0829,2026-04-10,22:38:49,-07:00,2026-04-10T22:38:49-07:00,2,25
style.css,693,css,8540341,JingwenGu0829,2026-04-10,22:38:49,-07:00,2026-04-10T22:38:49-07:00,1,0
style.css,694,css,8540341,JingwenGu0829,2026-04-10,22:38:49,-07:00,2026-04-10T22:38:49-07:00,0,0
style.css,695,css,4ba20847,JingwenGu0829,2026-04-13,14:30:06,-07:00,2026-04-13T14:30:06-07:00,1,17
style.css,696,css,8540341,JingwenGu0829,2026-04-10,22:38:49,-07:00,2026-04-10T22:38:49-07:00,2,13
style.css,697,css,8540341,JingwenGu0829,2026-04-10,22:38:49,-07:00,2026-04-10T22:38:49-07:00,1,0
style.css,698,css,8540341,JingwenGu0829,2026-04-10,22:38:49,-07:00,2026-04-10T22:38:49-07:00,0,0
style.css,699,css,4ba20847,JingwenGu0829,2026-04-13,14:30:06,-07:00,2026-04-13T14:30:06-07:00,1,13
style.css,700,css,4ba20847,JingwenGu0829,2026-04-13,14:30:06,-07:00,2026-04-13T14:30:06-07:00,2,11
style.css,701,css,4ba20847,JingwenGu0829,2026-04-13,14:30:06,-07:00,2026-04-13T14:30:06-07:00,2,10
style.css,702,css,4ba20847,JingwenGu0829,2026-04-13,14:30:06,-07:00,2026-04-13T14:30:06-07:00,1,0
style.css,703,css,4ba20847,JingwenGu0829,2026-04-13,14:30:06,-07:00,2026-04-13T14:30:06-07:00,0,0
style.css,704,css,a02418f1,JingwenGu0829,2026-05-01,00:30:06,-07:00,2026-05-01T00:30:06-07:00,1,18
style.css,705,css,a02418f1,JingwenGu0829,2026-05-01,00:30:06,-07:00,2026-05-01T00:30:06-07:00,2,22
style.css,706,css,a02418f1,JingwenGu0829,2026-05-01,00:30:06,-07:00,2026-05-01T00:30:06-07:00,2,11
style.css,707,css,a02418f1,JingwenGu0829,2026-05-01,00:30:06,-07:00,2026-05-01T00:30:06-07:00,1,0
style.css,708,css,a02418f1,JingwenGu0829,2026-05-01,00:30:06,-07:00,2026-05-01T00:30:06-07:00,0,0
style.css,709,css,a02418f1,JingwenGu0829,2026-05-01,00:30:06,-07:00,2026-05-01T00:30:06-07:00,1,7
style.css,710,css,a02418f1,JingwenGu0829,2026-05-01,00:30:06,-07:00,2026-05-01T00:30:06-07:00,2,10
style.css,711,css,a02418f1,JingwenGu0829,2026-05-01,00:30:06,-07:00,2026-05-01T00:30:06-07:00,2,21
style.css,712,css,a02418f1,JingwenGu0829,2026-05-01,00:30:06,-07:00,2026-05-01T00:30:06-07:00,1,0
style.css,713,css,a02418f1,JingwenGu0829,2026-05-01,00:30:06,-07:00,2026-05-01T00:30:06-07:00,0,0
style.css,714,css,a02418f1,JingwenGu0829,2026-05-01,00:30:06,-07:00,2026-05-01T00:30:06-07:00,1,13
style.css,715,css,a02418f1,JingwenGu0829,2026-05-01,00:30:06,-07:00,2026-05-01T00:30:06-07:00,2,17
style.css,716,css,a02418f1,JingwenGu0829,2026-05-01,00:30:06,-07:00,2026-05-01T00:30:06-07:00,2,21
style.css,717,css,a02418f1,JingwenGu0829,2026-05-01,00:30:06,-07:00,2026-05-01T00:30:06-07:00,1,0
style.css,718,css,a02418f1,JingwenGu0829,2026-05-01,00:30:06,-07:00,2026-05-01T00:30:06-07:00,0,0
style.css,719,css,a02418f1,JingwenGu0829,2026-05-01,00:30:06,-07:00,2026-05-01T00:30:06-07:00,1,17
style.css,720,css,a02418f1,JingwenGu0829,2026-05-01,00:30:06,-07:00,2026-05-01T00:30:06-07:00,2,47
style.css,721,css,a02418f1,JingwenGu0829,2026-05-01,00:30:06,-07:00,2026-05-01T00:30:06-07:00,2,15
style.css,722,css,a02418f1,JingwenGu0829,2026-05-01,00:30:06,-07:00,2026-05-01T00:30:06-07:00,1,0
style.css,723,css,a02418f1,JingwenGu0829,2026-05-01,00:30:06,-07:00,2026-05-01T00:30:06-07:00,0,0
style.css,724,css,a02418f1,JingwenGu0829,2026-05-01,00:30:06,-07:00,2026-05-01T00:30:06-07:00,1,16
style.css,725,css,a02418f1,JingwenGu0829,2026-05-01,00:30:06,-07:00,2026-05-01T00:30:06-07:00,1,17
style.css,726,css,a02418f1,JingwenGu0829,2026-05-01,00:30:06,-07:00,2026-05-01T00:30:06-07:00,2,13
style.css,727,css,a02418f1,JingwenGu0829,2026-05-01,00:30:06,-07:00,2026-05-01T00:30:06-07:00,1,0
style.css,728,css,a02418f1,JingwenGu0829,2026-05-01,00:30:06,-07:00,2026-05-01T00:30:06-07:00,0,0
style.css,729,css,a02418f1,JingwenGu0829,2026-05-01,00:30:06,-07:00,2026-05-01T00:30:06-07:00,1,17
style.css,730,css,a02418f1,JingwenGu0829,2026-05-01,00:30:06,-07:00,2026-05-01T00:30:06-07:00,2,21
style.css,731,css,a02418f1,JingwenGu0829,2026-05-01,00:30:06,-07:00,2026-05-01T00:30:06-07:00,1,0
style.css,732,css,a02418f1,JingwenGu0829,2026-05-01,00:30:06,-07:00,2026-05-01T00:30:06-07:00,0,0
style.css,733,css,8540341,JingwenGu0829,2026-04-10,22:38:49,-07:00,2026-04-10T22:38:49-07:00,1,19
style.css,734,css,8540341,JingwenGu0829,2026-04-10,22:38:49,-07:00,2026-04-10T22:38:49-07:00,2,21
style.css,735,css,8540341,JingwenGu0829,2026-04-10,22:38:49,-07:00,2026-04-10T22:38:49-07:00,1,0
style.css,736,css,8540341,JingwenGu0829,2026-04-10,22:38:49,-07:00,2026-04-10T22:38:49-07:00,0,0
index.js,1,js,a02418f1,JingwenGu0829,2026-05-01,00:30:06,-07:00,2026-05-01T00:30:06-07:00,0,71
index.js,2,js,a02418f1,JingwenGu0829,2026-05-01,00:30:06,-07:00,2026-05-01T00:30:06-07:00,0,0
index.js,3,js,a02418f1,JingwenGu0829,2026-05-01,00:30:06,-07:00,2026-05-01T00:30:06-07:00,0,48
index.js,4,js,a02418f1,JingwenGu0829,2026-05-01,00:30:06,-07:00,2026-05-01T00:30:06-07:00,1,31
index.js,5,js,a02418f1,JingwenGu0829,2026-05-01,00:30:06,-07:00,2026-05-01T00:30:06-07:00,1,31
index.js,6,js,a02418f1,JingwenGu0829,2026-05-01,00:30:06,-07:00,2026-05-01T00:30:06-07:00,0,1
index.js,7,js,a02418f1,JingwenGu0829,2026-05-01,00:30:06,-07:00,2026-05-01T00:30:06-07:00,0,0
index.js,8,js,a02418f1,JingwenGu0829,2026-05-01,00:30:06,-07:00,2026-05-01T00:30:06-07:00,0,50
index.js,9,js,a02418f1,JingwenGu0829,2026-05-01,00:30:06,-07:00,2026-05-01T00:30:06-07:00,0,60
index.js,10,js,a02418f1,JingwenGu0829,2026-05-01,00:30:06,-07:00,2026-05-01T00:30:06-07:00,0,60
index.js,11,js,a02418f1,JingwenGu0829,2026-05-01,00:30:06,-07:00,2026-05-01T00:30:06-07:00,0,0
index.js,12,js,a02418f1,JingwenGu0829,2026-05-01,00:30:06,-07:00,2026-05-01T00:30:06-07:00,0,54
index.js,13,js,a02418f1,JingwenGu0829,2026-05-01,00:30:06,-07:00,2026-05-01T00:30:06-07:00,0,0
index.js,14,js,a02418f1,JingwenGu0829,2026-05-01,00:30:06,-07:00,2026-05-01T00:30:06-07:00,0,31
index.js,15,js,a02418f1,JingwenGu0829,2026-05-01,00:30:06,-07:00,2026-05-01T00:30:06-07:00,1,24
index.js,16,js,a02418f1,JingwenGu0829,2026-05-01,00:30:06,-07:00,2026-05-01T00:30:06-07:00,2,2
index.js,17,js,a02418f1,JingwenGu0829,2026-05-01,00:30:06,-07:00,2026-05-01T00:30:06-07:00,3,54
index.js,18,js,a02418f1,JingwenGu0829,2026-05-01,00:30:06,-07:00,2026-05-01T00:30:06-07:00,3,54
index.js,19,js,a02418f1,JingwenGu0829,2026-05-01,00:30:06,-07:00,2026-05-01T00:30:06-07:00,3,48
index.js,20,js,a02418f1,JingwenGu0829,2026-05-01,00:30:06,-07:00,2026-05-01T00:30:06-07:00,3,48
index.js,21,js,a02418f1,JingwenGu0829,2026-05-01,00:30:06,-07:00,2026-05-01T00:30:06-07:00,2,3
index.js,22,js,a02418f1,JingwenGu0829,2026-05-01,00:30:06,-07:00,2026-05-01T00:30:06-07:00,1,0
index.js,23,js,a02418f1,JingwenGu0829,2026-05-01,00:30:06,-07:00,2026-05-01T00:30:06-07:00,0,24
index.js,24,js,a02418f1,JingwenGu0829,2026-05-01,00:30:06,-07:00,2026-05-01T00:30:06-07:00,1,75
index.js,25,js,a02418f1,JingwenGu0829,2026-05-01,00:30:06,-07:00,2026-05-01T00:30:06-07:00,0,0
index.html,1,html,8540341,JingwenGu0829,2026-04-10,22:38:49,-07:00,2026-04-10T22:38:49-07:00,0,13
index.html,2,html,8540341,JingwenGu0829,2026-04-10,22:38:49,-07:00,2026-04-10T22:38:49-07:00,0,14
index.html,3,html,8540341,JingwenGu0829,2026-04-10,22:38:49,-07:00,2026-04-10T22:38:49-07:00,1,4
index.html,4,html,8540341,JingwenGu0829,2026-04-10,22:38:49,-07:00,2026-04-10T22:38:49-07:00,2,20
index.html,5,html,8540341,JingwenGu0829,2026-04-10,22:38:49,-07:00,2026-04-10T22:38:49-07:00,2,68
index.html,6,html,8540341,JingwenGu0829,2026-04-10,22:38:49,-07:00,2026-04-10T22:38:49-07:00,2,50
index.html,7,html,8540341,JingwenGu0829,2026-04-10,22:38:49,-07:00,2026-04-10T22:38:49-07:00,2,38
index.html,8,html,8540341,JingwenGu0829,2026-04-10,22:38:49,-07:00,2026-04-10T22:38:49-07:00,1,5
index.html,9,html,8540341,JingwenGu0829,2026-04-10,22:38:49,-07:00,2026-04-10T22:38:49-07:00,1,4
index.html,10,html,8540341,JingwenGu0829,2026-04-10,22:38:49,-07:00,2026-04-10T22:38:49-07:00,2,4
index.html,11,html,8540341,JingwenGu0829,2026-04-10,22:38:49,-07:00,2026-04-10T22:38:49-07:00,3,20
index.html,12,html,8540341,JingwenGu0829,2026-04-10,22:38:49,-07:00,2026-04-10T22:38:49-07:00,4,21
index.html,13,html,8540341,JingwenGu0829,2026-04-10,22:38:49,-07:00,2026-04-10T22:38:49-07:00,5,42
index.html,14,html,8540341,JingwenGu0829,2026-04-10,22:38:49,-07:00,2026-04-10T22:38:49-07:00,5,15
index.html,15,html,8540341,JingwenGu0829,2026-04-10,22:38:49,-07:00,2026-04-10T22:38:49-07:00,5,14
index.html,16,html,8540341,JingwenGu0829,2026-04-10,22:38:49,-07:00,2026-04-10T22:38:49-07:00,6,68
index.html,17,html,8540341,JingwenGu0829,2026-04-10,22:38:49,-07:00,2026-04-10T22:38:49-07:00,6,73
index.html,18,html,8540341,JingwenGu0829,2026-04-10,22:38:49,-07:00,2026-04-10T22:38:49-07:00,5,2
index.html,19,html,8540341,JingwenGu0829,2026-04-10,22:38:49,-07:00,2026-04-10T22:38:49-07:00,5,1
index.html,20,html,8540341,JingwenGu0829,2026-04-10,22:38:49,-07:00,2026-04-10T22:38:49-07:00,6,64
index.html,21,html,8540341,JingwenGu0829,2026-04-10,22:38:49,-07:00,2026-04-10T22:38:49-07:00,6,71
index.html,22,html,8540341,JingwenGu0829,2026-04-10,22:38:49,-07:00,2026-04-10T22:38:49-07:00,6,5
index.html,23,html,8540341,JingwenGu0829,2026-04-10,22:38:49,-07:00,2026-04-10T22:38:49-07:00,5,2
index.html,24,html,8540341,JingwenGu0829,2026-04-10,22:38:49,-07:00,2026-04-10T22:38:49-07:00,5,24
index.html,25,html,8540341,JingwenGu0829,2026-04-10,22:38:49,-07:00,2026-04-10T22:38:49-07:00,6,57
index.html,26,html,8540341,JingwenGu0829,2026-04-10,22:38:49,-07:00,2026-04-10T22:38:49-07:00,6,57
index.html,27,html,8540341,JingwenGu0829,2026-04-10,22:38:49,-07:00,2026-04-10T22:38:49-07:00,5,4
index.html,28,html,8540341,JingwenGu0829,2026-04-10,22:38:49,-07:00,2026-04-10T22:38:49-07:00,4,4
index.html,29,html,8540341,JingwenGu0829,2026-04-10,22:38:49,-07:00,2026-04-10T22:38:49-07:00,0,0
index.html,30,html,8540341,JingwenGu0829,2026-04-10,22:38:49,-07:00,2026-04-10T22:38:49-07:00,4,2
index.html,31,html,8540341,JingwenGu0829,2026-04-10,22:38:49,-07:00,2026-04-10T22:38:49-07:00,5,16
index.html,32,html,8540341,JingwenGu0829,2026-04-10,22:38:49,-07:00,2026-04-10T22:38:49-07:00,5,28
index.html,33,html,8540341,JingwenGu0829,2026-04-10,22:38:49,-07:00,2026-04-10T22:38:49-07:00,5,47
index.html,34,html,8540341,JingwenGu0829,2026-04-10,22:38:49,-07:00,2026-04-10T22:38:49-07:00,4,0
index.html,35,html,8540341,JingwenGu0829,2026-04-10,22:38:49,-07:00,2026-04-10T22:38:49-07:00,3,8
index.html,36,html,8540341,JingwenGu0829,2026-04-10,22:38:49,-07:00,2026-04-10T22:38:49-07:00,0,0
index.html,37,html,8540341,JingwenGu0829,2026-04-10,22:38:49,-07:00,2026-04-10T22:38:49-07:00,3,21
index.html,38,html,8540341,JingwenGu0829,2026-04-10,22:38:49,-07:00,2026-04-10T22:38:49-07:00,4,22
index.html,39,html,8540341,JingwenGu0829,2026-04-10,22:38:49,-07:00,2026-04-10T22:38:49-07:00,4,1
index.html,40,html,8540341,JingwenGu0829,2026-04-10,22:38:49,-07:00,2026-04-10T22:38:49-07:00,5,71
index.html,41,html,8540341,JingwenGu0829,2026-04-10,22:38:49,-07:00,2026-04-10T22:38:49-07:00,5,67
index.html,42,html,8540341,JingwenGu0829,2026-04-10,22:38:49,-07:00,2026-04-10T22:38:49-07:00,5,70
index.html,43,html,8540341,JingwenGu0829,2026-04-10,22:38:49,-07:00,2026-04-10T22:38:49-07:00,5,19
index.html,44,html,8540341,JingwenGu0829,2026-04-10,22:38:49,-07:00,2026-04-10T22:38:49-07:00,4,2
index.html,45,html,8540341,JingwenGu0829,2026-04-10,22:38:49,-07:00,2026-04-10T22:38:49-07:00,3,8
index.html,46,html,8540341,JingwenGu0829,2026-04-10,22:38:49,-07:00,2026-04-10T22:38:49-07:00,0,0
index.html,47,html,a02418f1,JingwenGu0829,2026-05-01,00:30:06,-07:00,2026-05-01T00:30:06-07:00,3,21
index.html,48,html,a02418f1,JingwenGu0829,2026-05-01,00:30:06,-07:00,2026-05-01T00:30:06-07:00,4,22
index.html,49,html,a02418f1,JingwenGu0829,2026-05-01,00:30:06,-07:00,2026-05-01T00:30:06-07:00,4,71
index.html,50,html,a02418f1,JingwenGu0829,2026-05-01,00:30:06,-07:00,2026-05-01T00:30:06-07:00,3,8
index.html,51,html,a02418f1,JingwenGu0829,2026-05-01,00:30:06,-07:00,2026-05-01T00:30:06-07:00,0,0
index.html,52,html,8540341,JingwenGu0829,2026-04-10,22:38:49,-07:00,2026-04-10T22:38:49-07:00,3,25
index.html,53,html,8540341,JingwenGu0829,2026-04-10,22:38:49,-07:00,2026-04-10T22:38:49-07:00,4,21
index.html,54,html,8540341,JingwenGu0829,2026-04-10,22:38:49,-07:00,2026-04-10T22:38:49-07:00,5,23
index.html,55,html,8540341,JingwenGu0829,2026-04-10,22:38:49,-07:00,2026-04-10T22:38:49-07:00,5,23
index.html,56,html,8540341,JingwenGu0829,2026-04-10,22:38:49,-07:00,2026-04-10T22:38:49-07:00,6,67
index.html,57,html,8540341,JingwenGu0829,2026-04-10,22:38:49,-07:00,2026-04-10T22:38:49-07:00,6,69
index.html,58,html,8540341,JingwenGu0829,2026-04-10,22:38:49,-07:00,2026-04-10T22:38:49-07:00,6,49
index.html,59,html,8540341,JingwenGu0829,2026-04-10,22:38:49,-07:00,2026-04-10T22:38:49-07:00,6,54
index.html,60,html,8540341,JingwenGu0829,2026-04-10,22:38:49,-07:00,2026-04-10T22:38:49-07:00,5,3
index.html,61,html,8540341,JingwenGu0829,2026-04-10,22:38:49,-07:00,2026-04-10T22:38:49-07:00,4,8
index.html,62,html,8540341,JingwenGu0829,2026-04-10,22:38:49,-07:00,2026-04-10T22:38:49-07:00,0,0
index.html,63,html,8540341,JingwenGu0829,2026-04-10,22:38:49,-07:00,2026-04-10T22:38:49-07:00,4,21
index.html,64,html,8540341,JingwenGu0829,2026-04-10,22:38:49,-07:00,2026-04-10T22:38:49-07:00,5,22
index.html,65,html,8540341,JingwenGu0829,2026-04-10,22:38:49,-07:00,2026-04-10T22:38:49-07:00,5,23
index.html,66,html,8540341,JingwenGu0829,2026-04-10,22:38:49,-07:00,2026-04-10T22:38:49-07:00,6,55
index.html,67,html,8540341,JingwenGu0829,2026-04-10,22:38:49,-07:00,2026-04-10T22:38:49-07:00,6,55
index.html,68,html,8540341,JingwenGu0829,2026-04-10,22:38:49,-07:00,2026-04-10T22:38:49-07:00,6,57
index.html,69,html,8540341,JingwenGu0829,2026-04-10,22:38:49,-07:00,2026-04-10T22:38:49-07:00,6,67
index.html,70,html,8540341,JingwenGu0829,2026-04-10,22:38:49,-07:00,2026-04-10T22:38:49-07:00,5,3
index.html,71,html,8540341,JingwenGu0829,2026-04-10,22:38:49,-07:00,2026-04-10T22:38:49-07:00,4,8
index.html,72,html,8540341,JingwenGu0829,2026-04-10,22:38:49,-07:00,2026-04-10T22:38:49-07:00,3,8
index.html,73,html,a02418f1,JingwenGu0829,2026-05-01,00:30:06,-07:00,2026-05-01T00:30:06-07:00,0,0
index.html,74,html,a02418f1,JingwenGu0829,2026-05-01,00:30:06,-07:00,2026-05-01T00:30:06-07:00,3,36
index.html,75,html,a02418f1,JingwenGu0829,2026-05-01,00:30:06,-07:00,2026-05-01T00:30:06-07:00,4,27
index.html,76,html,a02418f1,JingwenGu0829,2026-05-01,00:30:06,-07:00,2026-05-01T00:30:06-07:00,4,47
index.html,77,html,a02418f1,JingwenGu0829,2026-05-01,00:30:06,-07:00,2026-05-01T00:30:06-07:00,3,8
index.html,78,html,8540341,JingwenGu0829,2026-04-10,22:38:49,-07:00,2026-04-10T22:38:49-07:00,2,5
index.html,79,html,8540341,JingwenGu0829,2026-04-10,22:38:49,-07:00,2026-04-10T22:38:49-07:00,0,0
index.html,80,html,8540341,JingwenGu0829,2026-04-10,22:38:49,-07:00,2026-04-10T22:38:49-07:00,2,6
index.html,81,html,a02418f1,JingwenGu0829,2026-05-01,00:30:06,-07:00,2026-05-01T00:30:06-07:00,3,75
index.html,82,html,8540341,JingwenGu0829,2026-04-10,22:38:49,-07:00,2026-04-10T22:38:49-07:00,2,7
index.html,83,html,4ba20847,JingwenGu0829,2026-04-13,14:30:06,-07:00,2026-04-13T14:30:06-07:00,0,0
index.html,84,html,4ba20847,JingwenGu0829,2026-04-13,14:30:06,-07:00,2026-04-13T14:30:06-07:00,2,45
index.html,85,html,a02418f1,JingwenGu0829,2026-05-01,00:30:06,-07:00,2026-05-01T00:30:06-07:00,2,44
index.html,86,html,8540341,JingwenGu0829,2026-04-10,22:38:49,-07:00,2026-04-10T22:38:49-07:00,1,5
index.html,87,html,8540341,JingwenGu0829,2026-04-10,22:38:49,-07:00,2026-04-10T22:38:49-07:00,0,5
global.js,1,js,4ba20847,JingwenGu0829,2026-04-13,14:30:06,-07:00,2026-04-13T14:30:06-07:00,0,25
global.js,2,js,4ba20847,JingwenGu0829,2026-04-13,14:30:06,-07:00,2026-04-13T14:30:06-07:00,0,0
global.js,3,js,4ba20847,JingwenGu0829,2026-04-13,14:30:06,-07:00,2026-04-13T14:30:06-07:00,0,41
global.js,4,js,4ba20847,JingwenGu0829,2026-04-13,14:30:06,-07:00,2026-04-13T14:30:06-07:00,1,52
global.js,5,js,4ba20847,JingwenGu0829,2026-04-13,14:30:06,-07:00,2026-04-13T14:30:06-07:00,0,0
global.js,6,js,4ba20847,JingwenGu0829,2026-04-13,14:30:06,-07:00,2026-04-13T14:30:06-07:00,0,0
global.js,7,js,4ba20847,JingwenGu0829,2026-04-13,14:30:06,-07:00,2026-04-13T14:30:06-07:00,0,13
global.js,8,js,4ba20847,JingwenGu0829,2026-04-13,14:30:06,-07:00,2026-04-13T14:30:06-07:00,1,69
global.js,9,js,4ba20847,JingwenGu0829,2026-04-13,14:30:06,-07:00,2026-04-13T14:30:06-07:00,0,47
global.js,10,js,4ba20847,JingwenGu0829,2026-04-13,14:30:06,-07:00,2026-04-13T14:30:06-07:00,0,0
global.js,11,js,4ba20847,JingwenGu0829,2026-04-13,14:30:06,-07:00,2026-04-13T14:30:06-07:00,0,13
global.js,12,js,4ba20847,JingwenGu0829,2026-04-13,14:30:06,-07:00,2026-04-13T14:30:06-07:00,1,25
global.js,13,js,4ba20847,JingwenGu0829,2026-04-13,14:30:06,-07:00,2026-04-13T14:30:06-07:00,1,38
global.js,14,js,e93c1c5b,JingwenGu0829,2026-04-28,21:59:12,-07:00,2026-04-28T21:59:12-07:00,1,52
global.js,15,js,333a5f8a,JingwenGu0829,2026-05-05,20:48:47,-07:00,2026-05-05T20:48:47-07:00,1,32
global.js,16,js,4ba20847,JingwenGu0829,2026-04-13,14:30:06,-07:00,2026-04-13T14:30:06-07:00,1,36
global.js,17,js,4ba20847,JingwenGu0829,2026-04-13,14:30:06,-07:00,2026-04-13T14:30:06-07:00,1,26
global.js,18,js,4ba20847,JingwenGu0829,2026-04-13,14:30:06,-07:00,2026-04-13T14:30:06-07:00,1,59
global.js,19,js,4ba20847,JingwenGu0829,2026-04-13,14:30:06,-07:00,2026-04-13T14:30:06-07:00,0,0
global.js,20,js,4ba20847,JingwenGu0829,2026-04-13,14:30:06,-07:00,2026-04-13T14:30:06-07:00,0,0
global.js,21,js,a02418f1,JingwenGu0829,2026-05-01,00:30:06,-07:00,2026-05-01T00:30:06-07:00,0,30
global.js,22,js,a02418f1,JingwenGu0829,2026-05-01,00:30:06,-07:00,2026-05-01T00:30:06-07:00,1,10
global.js,23,js,a02418f1,JingwenGu0829,2026-05-01,00:30:06,-07:00,2026-05-01T00:30:06-07:00,2,8
global.js,24,js,a02418f1,JingwenGu0829,2026-05-01,00:30:06,-07:00,2026-05-01T00:30:06-07:00,1,0
global.js,25,js,a02418f1,JingwenGu0829,2026-05-01,00:30:06,-07:00,2026-05-01T00:30:06-07:00,0,0
global.js,26,js,a02418f1,JingwenGu0829,2026-05-01,00:30:06,-07:00,2026-05-01T00:30:06-07:00,1,66
global.js,27,js,a02418f1,JingwenGu0829,2026-05-01,00:30:06,-07:00,2026-05-01T00:30:06-07:00,2,10
global.js,28,js,a02418f1,JingwenGu0829,2026-05-01,00:30:06,-07:00,2026-05-01T00:30:06-07:00,1,0
global.js,29,js,a02418f1,JingwenGu0829,2026-05-01,00:30:06,-07:00,2026-05-01T00:30:06-07:00,0,0
global.js,30,js,a02418f1,JingwenGu0829,2026-05-01,00:30:06,-07:00,2026-05-01T00:30:06-07:00,1,43
global.js,31,js,a02418f1,JingwenGu0829,2026-05-01,00:30:06,-07:00,2026-05-01T00:30:06-07:00,0,0
global.js,32,js,a02418f1,JingwenGu0829,2026-05-01,00:30:06,-07:00,2026-05-01T00:30:06-07:00,0,0
global.js,33,js,4ba20847,JingwenGu0829,2026-04-13,14:30:06,-07:00,2026-04-13T14:30:06-07:00,0,32
global.js,34,js,4ba20847,JingwenGu0829,2026-04-13,14:30:06,-07:00,2026-04-13T14:30:06-07:00,1,73
global.js,35,js,4ba20847,JingwenGu0829,2026-04-13,14:30:06,-07:00,2026-04-13T14:30:06-07:00,1,23
global.js,36,js,4ba20847,JingwenGu0829,2026-04-13,14:30:06,-07:00,2026-04-13T14:30:06-07:00,0,0
global.js,37,js,4ba20847,JingwenGu0829,2026-04-13,14:30:06,-07:00,2026-04-13T14:30:06-07:00,0,0
global.js,38,js,4ba20847,JingwenGu0829,2026-04-13,14:30:06,-07:00,2026-04-13T14:30:06-07:00,0,26
global.js,39,js,4ba20847,JingwenGu0829,2026-04-13,14:30:06,-07:00,2026-04-13T14:30:06-07:00,1,40
global.js,40,js,4ba20847,JingwenGu0829,2026-04-13,14:30:06,-07:00,2026-04-13T14:30:06-07:00,1,40
global.js,41,js,4ba20847,JingwenGu0829,2026-04-13,14:30:06,-07:00,2026-04-13T14:30:06-07:00,0,0
global.js,42,js,4ba20847,JingwenGu0829,2026-04-13,14:30:06,-07:00,2026-04-13T14:30:06-07:00,1,25
global.js,43,js,4ba20847,JingwenGu0829,2026-04-13,14:30:06,-07:00,2026-04-13T14:30:06-07:00,2,17
global.js,44,js,4ba20847,JingwenGu0829,2026-04-13,14:30:06,-07:00,2026-04-13T14:30:06-07:00,0,0
global.js,45,js,4ba20847,JingwenGu0829,2026-04-13,14:30:06,-07:00,2026-04-13T14:30:06-07:00,2,28
global.js,46,js,4ba20847,JingwenGu0829,2026-04-13,14:30:06,-07:00,2026-04-13T14:30:06-07:00,3,20
global.js,47,js,4ba20847,JingwenGu0829,2026-04-13,14:30:06,-07:00,2026-04-13T14:30:06-07:00,2,0
global.js,48,js,4ba20847,JingwenGu0829,2026-04-13,14:30:06,-07:00,2026-04-13T14:30:06-07:00,0,0
global.js,49,js,4ba20847,JingwenGu0829,2026-04-13,14:30:06,-07:00,2026-04-13T14:30:06-07:00,2,39
global.js,50,js,4ba20847,JingwenGu0829,2026-04-13,14:30:06,-07:00,2026-04-13T14:30:06-07:00,2,14
global.js,51,js,4ba20847,JingwenGu0829,2026-04-13,14:30:06,-07:00,2026-04-13T14:30:06-07:00,2,28
global.js,52,js,4ba20847,JingwenGu0829,2026-04-13,14:30:06,-07:00,2026-04-13T14:30:06-07:00,0,0
global.js,53,js,4ba20847,JingwenGu0829,2026-04-13,14:30:06,-07:00,2026-04-13T14:30:06-07:00,2,19
global.js,54,js,4ba20847,JingwenGu0829,2026-04-13,14:30:06,-07:00,2026-04-13T14:30:06-07:00,3,28
global.js,55,js,4ba20847,JingwenGu0829,2026-04-13,14:30:06,-07:00,2026-04-13T14:30:06-07:00,3,64
global.js,56,js,4ba20847,JingwenGu0829,2026-04-13,14:30:06,-07:00,2026-04-13T14:30:06-07:00,0,0
global.js,57,js,4ba20847,JingwenGu0829,2026-04-13,14:30:06,-07:00,2026-04-13T14:30:06-07:00,2,46
global.js,58,js,4ba20847,JingwenGu0829,2026-04-13,14:30:06,-07:00,2026-04-13T14:30:06-07:00,0,0
global.js,59,js,4ba20847,JingwenGu0829,2026-04-13,14:30:06,-07:00,2026-04-13T14:30:06-07:00,2,32
global.js,60,js,4ba20847,JingwenGu0829,2026-04-13,14:30:06,-07:00,2026-04-13T14:30:06-07:00,3,21
global.js,61,js,4ba20847,JingwenGu0829,2026-04-13,14:30:06,-07:00,2026-04-13T14:30:06-07:00,3,31
global.js,62,js,4ba20847,JingwenGu0829,2026-04-13,14:30:06,-07:00,2026-04-13T14:30:06-07:00,2,0
global.js,63,js,4ba20847,JingwenGu0829,2026-04-13,14:30:06,-07:00,2026-04-13T14:30:06-07:00,0,0
global.js,64,js,4ba20847,JingwenGu0829,2026-04-13,14:30:06,-07:00,2026-04-13T14:30:06-07:00,2,15
global.js,65,js,4ba20847,JingwenGu0829,2026-04-13,14:30:06,-07:00,2026-04-13T14:30:06-07:00,1,0
global.js,66,js,4ba20847,JingwenGu0829,2026-04-13,14:30:06,-07:00,2026-04-13T14:30:06-07:00,0,0
global.js,67,js,4ba20847,JingwenGu0829,2026-04-13,14:30:06,-07:00,2026-04-13T14:30:06-07:00,1,25
global.js,68,js,4ba20847,JingwenGu0829,2026-04-13,14:30:06,-07:00,2026-04-13T14:30:06-07:00,0,0
global.js,69,js,4ba20847,JingwenGu0829,2026-04-13,14:30:06,-07:00,2026-04-13T14:30:06-07:00,0,0
global.js,70,js,a02418f1,JingwenGu0829,2026-05-01,00:30:06,-07:00,2026-05-01T00:30:06-07:00,0,36
global.js,71,js,a02418f1,JingwenGu0829,2026-05-01,00:30:06,-07:00,2026-05-01T00:30:06-07:00,1,3
global.js,72,js,a02418f1,JingwenGu0829,2026-05-01,00:30:06,-07:00,2026-05-01T00:30:06-07:00,2,32
global.js,73,js,a02418f1,JingwenGu0829,2026-05-01,00:30:06,-07:00,2026-05-01T00:30:06-07:00,0,0
global.js,74,js,a02418f1,JingwenGu0829,2026-05-01,00:30:06,-07:00,2026-05-01T00:30:06-07:00,2,17
global.js,75,js,a02418f1,JingwenGu0829,2026-05-01,00:30:06,-07:00,2026-05-01T00:30:06-07:00,3,14
global.js,76,js,a02418f1,JingwenGu0829,2026-05-01,00:30:06,-07:00,2026-05-01T00:30:06-07:00,4,66
global.js,77,js,a02418f1,JingwenGu0829,2026-05-01,00:30:06,-07:00,2026-05-01T00:30:06-07:00,3,0
global.js,78,js,a02418f1,JingwenGu0829,2026-05-01,00:30:06,-07:00,2026-05-01T00:30:06-07:00,2,0
global.js,79,js,a02418f1,JingwenGu0829,2026-05-01,00:30:06,-07:00,2026-05-01T00:30:06-07:00,0,0
global.js,80,js,a02418f1,JingwenGu0829,2026-05-01,00:30:06,-07:00,2026-05-01T00:30:06-07:00,2,27
global.js,81,js,a02418f1,JingwenGu0829,2026-05-01,00:30:06,-07:00,2026-05-01T00:30:06-07:00,1,15
global.js,82,js,a02418f1,JingwenGu0829,2026-05-01,00:30:06,-07:00,2026-05-01T00:30:06-07:00,2,59
global.js,83,js,a02418f1,JingwenGu0829,2026-05-01,00:30:06,-07:00,2026-05-01T00:30:06-07:00,2,10
global.js,84,js,a02418f1,JingwenGu0829,2026-05-01,00:30:06,-07:00,2026-05-01T00:30:06-07:00,1,0
global.js,85,js,a02418f1,JingwenGu0829,2026-05-01,00:30:06,-07:00,2026-05-01T00:30:06-07:00,0,0
global.js,86,js,a02418f1,JingwenGu0829,2026-05-01,00:30:06,-07:00,2026-05-01T00:30:06-07:00,0,0
global.js,87,js,a02418f1,JingwenGu0829,2026-05-01,00:30:06,-07:00,2026-05-01T00:30:06-07:00,0,79
global.js,88,js,a02418f1,JingwenGu0829,2026-05-01,00:30:06,-07:00,2026-05-01T00:30:06-07:00,1,22
global.js,89,js,a02418f1,JingwenGu0829,2026-05-01,00:30:06,-07:00,2026-05-01T00:30:06-07:00,2,5
global.js,90,js,a02418f1,JingwenGu0829,2026-05-01,00:30:06,-07:00,2026-05-01T00:30:06-07:00,1,0
global.js,91,js,a02418f1,JingwenGu0829,2026-05-01,00:30:06,-07:00,2026-05-01T00:30:06-07:00,0,0
global.js,92,js,a02418f1,JingwenGu0829,2026-05-01,00:30:06,-07:00,2026-05-01T00:30:06-07:00,1,30
global.js,93,js,a02418f1,JingwenGu0829,2026-05-01,00:30:06,-07:00,2026-05-01T00:30:06-07:00,0,0
global.js,94,js,a02418f1,JingwenGu0829,2026-05-01,00:30:06,-07:00,2026-05-01T00:30:06-07:00,1,58
global.js,95,js,a02418f1,JingwenGu0829,2026-05-01,00:30:06,-07:00,2026-05-01T00:30:06-07:00,1,72
global.js,96,js,a02418f1,JingwenGu0829,2026-05-01,00:30:06,-07:00,2026-05-01T00:30:06-07:00,0,0
global.js,97,js,a02418f1,JingwenGu0829,2026-05-01,00:30:06,-07:00,2026-05-01T00:30:06-07:00,1,29
global.js,98,js,a02418f1,JingwenGu0829,2026-05-01,00:30:06,-07:00,2026-05-01T00:30:06-07:00,2,42
global.js,99,js,a02418f1,JingwenGu0829,2026-05-01,00:30:06,-07:00,2026-05-01T00:30:06-07:00,2,34
global.js,100,js,a02418f1,JingwenGu0829,2026-05-01,00:30:06,-07:00,2026-05-01T00:30:06-07:00,2,50
global.js,101,js,a02418f1,JingwenGu0829,2026-05-01,00:30:06,-07:00,2026-05-01T00:30:06-07:00,2,31
global.js,102,js,a02418f1,JingwenGu0829,2026-05-01,00:30:06,-07:00,2026-05-01T00:30:06-07:00,2,5
global.js,103,js,a02418f1,JingwenGu0829,2026-05-01,00:30:06,-07:00,2026-05-01T00:30:06-07:00,1,0
global.js,104,js,a02418f1,JingwenGu0829,2026-05-01,00:30:06,-07:00,2026-05-01T00:30:06-07:00,0,0
global.js,105,js,a02418f1,JingwenGu0829,2026-05-01,00:30:06,-07:00,2026-05-01T00:30:06-07:00,1,34
global.js,106,js,a02418f1,JingwenGu0829,2026-05-01,00:30:06,-07:00,2026-05-01T00:30:06-07:00,2,48
global.js,107,js,a02418f1,JingwenGu0829,2026-05-01,00:30:06,-07:00,2026-05-01T00:30:06-07:00,2,51
global.js,108,js,a02418f1,JingwenGu0829,2026-05-01,00:30:06,-07:00,2026-05-01T00:30:06-07:00,2,42
global.js,109,js,a02418f1,JingwenGu0829,2026-05-01,00:30:06,-07:00,2026-05-01T00:30:06-07:00,2,44
global.js,110,js,a02418f1,JingwenGu0829,2026-05-01,00:30:06,-07:00,2026-05-01T00:30:06-07:00,2,39
global.js,111,js,a02418f1,JingwenGu0829,2026-05-01,00:30:06,-07:00,2026-05-01T00:30:06-07:00,2,46
global.js,112,js,a02418f1,JingwenGu0829,2026-05-01,00:30:06,-07:00,2026-05-01T00:30:06-07:00,0,0
global.js,113,js,a02418f1,JingwenGu0829,2026-05-01,00:30:06,-07:00,2026-05-01T00:30:06-07:00,2,56
global.js,114,js,a02418f1,JingwenGu0829,2026-05-01,00:30:06,-07:00,2026-05-01T00:30:06-07:00,0,0
global.js,115,js,a02418f1,JingwenGu0829,2026-05-01,00:30:06,-07:00,2026-05-01T00:30:06-07:00,2,69
global.js,116,js,a02418f1,JingwenGu0829,2026-05-01,00:30:06,-07:00,2026-05-01T00:30:06-07:00,2,64
global.js,117,js,a02418f1,JingwenGu0829,2026-05-01,00:30:06,-07:00,2026-05-01T00:30:06-07:00,0,0
global.js,118,js,a02418f1,JingwenGu0829,2026-05-01,00:30:06,-07:00,2026-05-01T00:30:06-07:00,2,30
global.js,119,js,a02418f1,JingwenGu0829,2026-05-01,00:30:06,-07:00,2026-05-01T00:30:06-07:00,2,48
global.js,120,js,a02418f1,JingwenGu0829,2026-05-01,00:30:06,-07:00,2026-05-01T00:30:06-07:00,0,0
global.js,121,js,a02418f1,JingwenGu0829,2026-05-01,00:30:06,-07:00,2026-05-01T00:30:06-07:00,2,23
global.js,122,js,a02418f1,JingwenGu0829,2026-05-01,00:30:06,-07:00,2026-05-01T00:30:06-07:00,3,56
global.js,123,js,a02418f1,JingwenGu0829,2026-05-01,00:30:06,-07:00,2026-05-01T00:30:06-07:00,2,36
global.js,124,js,a02418f1,JingwenGu0829,2026-05-01,00:30:06,-07:00,2026-05-01T00:30:06-07:00,2,32
global.js,125,js,a02418f1,JingwenGu0829,2026-05-01,00:30:06,-07:00,2026-05-01T00:30:06-07:00,0,0
global.js,126,js,a02418f1,JingwenGu0829,2026-05-01,00:30:06,-07:00,2026-05-01T00:30:06-07:00,2,38
global.js,127,js,a02418f1,JingwenGu0829,2026-05-01,00:30:06,-07:00,2026-05-01T00:30:06-07:00,2,31
global.js,128,js,a02418f1,JingwenGu0829,2026-05-01,00:30:06,-07:00,2026-05-01T00:30:06-07:00,1,0
global.js,129,js,a02418f1,JingwenGu0829,2026-05-01,00:30:06,-07:00,2026-05-01T00:30:06-07:00,0,0
global.js,130,js,a02418f1,JingwenGu0829,2026-05-01,00:30:06,-07:00,2026-05-01T00:30:06-07:00,0,0
global.js,131,js,a02418f1,JingwenGu0829,2026-05-01,00:30:06,-07:00,2026-05-01T00:30:06-07:00,0,47
global.js,132,js,a02418f1,JingwenGu0829,2026-05-01,00:30:06,-07:00,2026-05-01T00:30:06-07:00,1,59
global.js,133,js,a02418f1,JingwenGu0829,2026-05-01,00:30:06,-07:00,2026-05-01T00:30:06-07:00,0,0
global.js,134,js,a02418f1,JingwenGu0829,2026-05-01,00:30:06,-07:00,2026-05-01T00:30:06-07:00,0,0
global.js,135,js,4ba20847,JingwenGu0829,2026-04-13,14:30:06,-07:00,2026-04-13T14:30:06-07:00,0,36
global.js,136,js,4ba20847,JingwenGu0829,2026-04-13,14:30:06,-07:00,2026-04-13T14:30:06-07:00,1,70
global.js,137,js,4ba20847,JingwenGu0829,2026-04-13,14:30:06,-07:00,2026-04-13T14:30:06-07:00,0,0
global.js,138,js,4ba20847,JingwenGu0829,2026-04-13,14:30:06,-07:00,2026-04-13T14:30:06-07:00,0,0
global.js,139,js,4ba20847,JingwenGu0829,2026-04-13,14:30:06,-07:00,2026-04-13T14:30:06-07:00,0,29
global.js,140,js,4ba20847,JingwenGu0829,2026-04-13,14:30:06,-07:00,2026-04-13T14:30:06-07:00,1,31
global.js,141,js,4ba20847,JingwenGu0829,2026-04-13,14:30:06,-07:00,2026-04-13T14:30:06-07:00,2,11
global.js,142,js,4ba20847,JingwenGu0829,2026-04-13,14:30:06,-07:00,2026-04-13T14:30:06-07:00,2,0
global.js,143,js,4ba20847,JingwenGu0829,2026-04-13,14:30:06,-07:00,2026-04-13T14:30:06-07:00,3,26
global.js,144,js,4ba20847,JingwenGu0829,2026-04-13,14:30:06,-07:00,2026-04-13T14:30:06-07:00,4,4
global.js,145,js,4ba20847,JingwenGu0829,2026-04-13,14:30:06,-07:00,2026-04-13T14:30:06-07:00,4,6
global.js,146,js,4ba20847,JingwenGu0829,2026-04-13,14:30:06,-07:00,2026-04-13T14:30:06-07:00,5,43
global.js,147,js,4ba20847,JingwenGu0829,2026-04-13,14:30:06,-07:00,2026-04-13T14:30:06-07:00,5,34
global.js,148,js,4ba20847,JingwenGu0829,2026-04-13,14:30:06,-07:00,2026-04-13T14:30:06-07:00,5,32
global.js,149,js,4ba20847,JingwenGu0829,2026-04-13,14:30:06,-07:00,2026-04-13T14:30:06-07:00,4,7
global.js,150,js,4ba20847,JingwenGu0829,2026-04-13,14:30:06,-07:00,2026-04-13T14:30:06-07:00,3,6
global.js,151,js,4ba20847,JingwenGu0829,2026-04-13,14:30:06,-07:00,2026-04-13T14:30:06-07:00,2,0
global.js,152,js,4ba20847,JingwenGu0829,2026-04-13,14:30:06,-07:00,2026-04-13T14:30:06-07:00,1,0
global.js,153,js,4ba20847,JingwenGu0829,2026-04-13,14:30:06,-07:00,2026-04-13T14:30:06-07:00,0,0
global.js,154,js,4ba20847,JingwenGu0829,2026-04-13,14:30:06,-07:00,2026-04-13T14:30:06-07:00,1,60
global.js,155,js,4ba20847,JingwenGu0829,2026-04-13,14:30:06,-07:00,2026-04-13T14:30:06-07:00,0,0
global.js,156,js,4ba20847,JingwenGu0829,2026-04-13,14:30:06,-07:00,2026-04-13T14:30:06-07:00,1,43
global.js,157,js,4ba20847,JingwenGu0829,2026-04-13,14:30:06,-07:00,2026-04-13T14:30:06-07:00,2,37
global.js,158,js,4ba20847,JingwenGu0829,2026-04-13,14:30:06,-07:00,2026-04-13T14:30:06-07:00,2,26
global.js,159,js,4ba20847,JingwenGu0829,2026-04-13,14:30:06,-07:00,2026-04-13T14:30:06-07:00,2,37
global.js,160,js,4ba20847,JingwenGu0829,2026-04-13,14:30:06,-07:00,2026-04-13T14:30:06-07:00,1,1
global.js,161,js,4ba20847,JingwenGu0829,2026-04-13,14:30:06,-07:00,2026-04-13T14:30:06-07:00,0,0
global.js,162,js,4ba20847,JingwenGu0829,2026-04-13,14:30:06,-07:00,2026-04-13T14:30:06-07:00,1,34
global.js,163,js,4ba20847,JingwenGu0829,2026-04-13,14:30:06,-07:00,2026-04-13T14:30:06-07:00,2,39
global.js,164,js,4ba20847,JingwenGu0829,2026-04-13,14:30:06,-07:00,2026-04-13T14:30:06-07:00,2,38
global.js,165,js,4ba20847,JingwenGu0829,2026-04-13,14:30:06,-07:00,2026-04-13T14:30:06-07:00,1,6
global.js,166,js,4ba20847,JingwenGu0829,2026-04-13,14:30:06,-07:00,2026-04-13T14:30:06-07:00,2,27
global.js,167,js,4ba20847,JingwenGu0829,2026-04-13,14:30:06,-07:00,2026-04-13T14:30:06-07:00,1,0
global.js,168,js,4ba20847,JingwenGu0829,2026-04-13,14:30:06,-07:00,2026-04-13T14:30:06-07:00,0,0
global.js,169,js,4ba20847,JingwenGu0829,2026-04-13,14:30:06,-07:00,2026-04-13T14:30:06-07:00,0,0
global.js,170,js,4ba20847,JingwenGu0829,2026-04-13,14:30:06,-07:00,2026-04-13T14:30:06-07:00,0,16
global.js,171,js,4ba20847,JingwenGu0829,2026-04-13,14:30:06,-07:00,2026-04-13T14:30:06-07:00,0,19
projects/projects.js,1,js,a02418f1,JingwenGu0829,2026-05-01,00:30:06,-07:00,2026-05-01T00:30:06-07:00,0,63
projects/projects.js,2,js,a02418f1,JingwenGu0829,2026-05-01,00:30:06,-07:00,2026-05-01T00:30:06-07:00,0,55
projects/projects.js,3,js,a02418f1,JingwenGu0829,2026-05-01,00:30:06,-07:00,2026-05-01T00:30:06-07:00,0,0
projects/projects.js,4,js,a02418f1,JingwenGu0829,2026-05-01,00:30:06,-07:00,2026-05-01T00:30:06-07:00,0,55
projects/projects.js,5,js,a02418f1,JingwenGu0829,2026-05-01,00:30:06,-07:00,2026-05-01T00:30:06-07:00,0,33
projects/projects.js,6,js,a02418f1,JingwenGu0829,2026-05-01,00:30:06,-07:00,2026-05-01T00:30:06-07:00,0,60
projects/projects.js,7,js,a02418f1,JingwenGu0829,2026-05-01,00:30:06,-07:00,2026-05-01T00:30:06-07:00,0,62
projects/projects.js,8,js,a02418f1,JingwenGu0829,2026-05-01,00:30:06,-07:00,2026-05-01T00:30:06-07:00,0,55
projects/projects.js,9,js,a02418f1,JingwenGu0829,2026-05-01,00:30:06,-07:00,2026-05-01T00:30:06-07:00,0,67
projects/projects.js,10,js,a02418f1,JingwenGu0829,2026-05-01,00:30:06,-07:00,2026-05-01T00:30:06-07:00,0,42
projects/projects.js,11,js,a02418f1,JingwenGu0829,2026-05-01,00:30:06,-07:00,2026-05-01T00:30:06-07:00,0,34
projects/projects.js,12,js,a02418f1,JingwenGu0829,2026-05-01,00:30:06,-07:00,2026-05-01T00:30:06-07:00,0,0
projects/projects.js,13,js,a02418f1,JingwenGu0829,2026-05-01,00:30:06,-07:00,2026-05-01T00:30:06-07:00,0,49
projects/projects.js,14,js,a02418f1,JingwenGu0829,2026-05-01,00:30:06,-07:00,2026-05-01T00:30:06-07:00,0,58
projects/projects.js,15,js,a02418f1,JingwenGu0829,2026-05-01,00:30:06,-07:00,2026-05-01T00:30:06-07:00,0,0
projects/projects.js,16,js,a02418f1,JingwenGu0829,2026-05-01,00:30:06,-07:00,2026-05-01T00:30:06-07:00,0,13
projects/projects.js,17,js,a02418f1,JingwenGu0829,2026-05-01,00:30:06,-07:00,2026-05-01T00:30:06-07:00,0,22
projects/projects.js,18,js,a02418f1,JingwenGu0829,2026-05-01,00:30:06,-07:00,2026-05-01T00:30:06-07:00,0,0
projects/projects.js,19,js,a02418f1,JingwenGu0829,2026-05-01,00:30:06,-07:00,2026-05-01T00:30:06-07:00,0,35
projects/projects.js,20,js,a02418f1,JingwenGu0829,2026-05-01,00:30:06,-07:00,2026-05-01T00:30:06-07:00,1,28
projects/projects.js,21,js,a02418f1,JingwenGu0829,2026-05-01,00:30:06,-07:00,2026-05-01T00:30:06-07:00,2,12
projects/projects.js,22,js,a02418f1,JingwenGu0829,2026-05-01,00:30:06,-07:00,2026-05-01T00:30:06-07:00,2,14
projects/projects.js,23,js,a02418f1,JingwenGu0829,2026-05-01,00:30:06,-07:00,2026-05-01T00:30:06-07:00,2,20
projects/projects.js,24,js,a02418f1,JingwenGu0829,2026-05-01,00:30:06,-07:00,2026-05-01T00:30:06-07:00,1,0
projects/projects.js,25,js,a02418f1,JingwenGu0829,2026-05-01,00:30:06,-07:00,2026-05-01T00:30:06-07:00,0,0
projects/projects.js,26,js,a02418f1,JingwenGu0829,2026-05-01,00:30:06,-07:00,2026-05-01T00:30:06-07:00,1,15
projects/projects.js,27,js,a02418f1,JingwenGu0829,2026-05-01,00:30:06,-07:00,2026-05-01T00:30:06-07:00,2,54
projects/projects.js,28,js,a02418f1,JingwenGu0829,2026-05-01,00:30:06,-07:00,2026-05-01T00:30:06-07:00,2,63
projects/projects.js,29,js,a02418f1,JingwenGu0829,2026-05-01,00:30:06,-07:00,2026-05-01T00:30:06-07:00,0,0
projects/projects.js,30,js,a02418f1,JingwenGu0829,2026-05-01,00:30:06,-07:00,2026-05-01T00:30:06-07:00,0,0
projects/projects.js,31,js,a02418f1,JingwenGu0829,2026-05-01,00:30:06,-07:00,2026-05-01T00:30:06-07:00,0,36
projects/projects.js,32,js,a02418f1,JingwenGu0829,2026-05-01,00:30:06,-07:00,2026-05-01T00:30:06-07:00,1,49
projects/projects.js,33,js,a02418f1,JingwenGu0829,2026-05-01,00:30:06,-07:00,2026-05-01T00:30:06-07:00,0,0
projects/projects.js,34,js,a02418f1,JingwenGu0829,2026-05-01,00:30:06,-07:00,2026-05-01T00:30:06-07:00,1,21
projects/projects.js,35,js,a02418f1,JingwenGu0829,2026-05-01,00:30:06,-07:00,2026-05-01T00:30:06-07:00,2,17
projects/projects.js,36,js,a02418f1,JingwenGu0829,2026-05-01,00:30:06,-07:00,2026-05-01T00:30:06-07:00,1,0
projects/projects.js,37,js,a02418f1,JingwenGu0829,2026-05-01,00:30:06,-07:00,2026-05-01T00:30:06-07:00,0,0
projects/projects.js,38,js,a02418f1,JingwenGu0829,2026-05-01,00:30:06,-07:00,2026-05-01T00:30:06-07:00,1,38
projects/projects.js,39,js,a02418f1,JingwenGu0829,2026-05-01,00:30:06,-07:00,2026-05-01T00:30:06-07:00,2,61
projects/projects.js,40,js,a02418f1,JingwenGu0829,2026-05-01,00:30:06,-07:00,2026-05-01T00:30:06-07:00,2,38
projects/projects.js,41,js,a02418f1,JingwenGu0829,2026-05-01,00:30:06,-07:00,2026-05-01T00:30:06-07:00,1,1
projects/projects.js,42,js,a02418f1,JingwenGu0829,2026-05-01,00:30:06,-07:00,2026-05-01T00:30:06-07:00,0,0
projects/projects.js,43,js,a02418f1,JingwenGu0829,2026-05-01,00:30:06,-07:00,2026-05-01T00:30:06-07:00,0,0
projects/projects.js,44,js,a02418f1,JingwenGu0829,2026-05-01,00:30:06,-07:00,2026-05-01T00:30:06-07:00,0,51
projects/projects.js,45,js,a02418f1,JingwenGu0829,2026-05-01,00:30:06,-07:00,2026-05-01T00:30:06-07:00,1,18
projects/projects.js,46,js,a02418f1,JingwenGu0829,2026-05-01,00:30:06,-07:00,2026-05-01T00:30:06-07:00,2,28
projects/projects.js,47,js,a02418f1,JingwenGu0829,2026-05-01,00:30:06,-07:00,2026-05-01T00:30:06-07:00,1,0
projects/projects.js,48,js,a02418f1,JingwenGu0829,2026-05-01,00:30:06,-07:00,2026-05-01T00:30:06-07:00,0,0
projects/projects.js,49,js,a02418f1,JingwenGu0829,2026-05-01,00:30:06,-07:00,2026-05-01T00:30:06-07:00,1,35
projects/projects.js,50,js,a02418f1,JingwenGu0829,2026-05-01,00:30:06,-07:00,2026-05-01T00:30:06-07:00,2,49
projects/projects.js,51,js,a02418f1,JingwenGu0829,2026-05-01,00:30:06,-07:00,2026-05-01T00:30:06-07:00,1,0
projects/projects.js,52,js,a02418f1,JingwenGu0829,2026-05-01,00:30:06,-07:00,2026-05-01T00:30:06-07:00,0,0
projects/projects.js,53,js,a02418f1,JingwenGu0829,2026-05-01,00:30:06,-07:00,2026-05-01T00:30:06-07:00,0,0
projects/projects.js,54,js,a02418f1,JingwenGu0829,2026-05-01,00:30:06,-07:00,2026-05-01T00:30:06-07:00,0,44
projects/projects.js,55,js,a02418f1,JingwenGu0829,2026-05-01,00:30:06,-07:00,2026-05-01T00:30:06-07:00,1,19
projects/projects.js,56,js,a02418f1,JingwenGu0829,2026-05-01,00:30:06,-07:00,2026-05-01T00:30:06-07:00,2,5
projects/projects.js,57,js,a02418f1,JingwenGu0829,2026-05-01,00:30:06,-07:00,2026-05-01T00:30:06-07:00,1,0
projects/projects.js,58,js,a02418f1,JingwenGu0829,2026-05-01,00:30:06,-07:00,2026-05-01T00:30:06-07:00,0,0
projects/projects.js,59,js,a02418f1,JingwenGu0829,2026-05-01,00:30:06,-07:00,2026-05-01T00:30:06-07:00,1,72
projects/projects.js,60,js,a02418f1,JingwenGu0829,2026-05-01,00:30:06,-07:00,2026-05-01T00:30:06-07:00,0,0
projects/projects.js,61,js,a02418f1,JingwenGu0829,2026-05-01,00:30:06,-07:00,2026-05-01T00:30:06-07:00,1,33
projects/projects.js,62,js,a02418f1,JingwenGu0829,2026-05-01,00:30:06,-07:00,2026-05-01T00:30:06-07:00,2,78
projects/projects.js,63,js,a02418f1,JingwenGu0829,2026-05-01,00:30:06,-07:00,2026-05-01T00:30:06-07:00,1,6
projects/projects.js,64,js,a02418f1,JingwenGu0829,2026-05-01,00:30:06,-07:00,2026-05-01T00:30:06-07:00,2,65
projects/projects.js,65,js,a02418f1,JingwenGu0829,2026-05-01,00:30:06,-07:00,2026-05-01T00:30:06-07:00,1,0
projects/projects.js,66,js,a02418f1,JingwenGu0829,2026-05-01,00:30:06,-07:00,2026-05-01T00:30:06-07:00,0,0
projects/projects.js,67,js,a02418f1,JingwenGu0829,2026-05-01,00:30:06,-07:00,2026-05-01T00:30:06-07:00,0,0
projects/projects.js,68,js,a02418f1,JingwenGu0829,2026-05-01,00:30:06,-07:00,2026-05-01T00:30:06-07:00,0,28
projects/projects.js,69,js,a02418f1,JingwenGu0829,2026-05-01,00:30:06,-07:00,2026-05-01T00:30:06-07:00,1,21
projects/projects.js,70,js,a02418f1,JingwenGu0829,2026-05-01,00:30:06,-07:00,2026-05-01T00:30:06-07:00,2,5
projects/projects.js,71,js,a02418f1,JingwenGu0829,2026-05-01,00:30:06,-07:00,2026-05-01T00:30:06-07:00,1,0
projects/projects.js,72,js,a02418f1,JingwenGu0829,2026-05-01,00:30:06,-07:00,2026-05-01T00:30:06-07:00,0,0
projects/projects.js,73,js,a02418f1,JingwenGu0829,2026-05-01,00:30:06,-07:00,2026-05-01T00:30:06-07:00,1,39
projects/projects.js,74,js,a02418f1,JingwenGu0829,2026-05-01,00:30:06,-07:00,2026-05-01T00:30:06-07:00,1,40
projects/projects.js,75,js,a02418f1,JingwenGu0829,2026-05-01,00:30:06,-07:00,2026-05-01T00:30:06-07:00,2,16
projects/projects.js,76,js,a02418f1,JingwenGu0829,2026-05-01,00:30:06,-07:00,2026-05-01T00:30:06-07:00,2,20
projects/projects.js,77,js,a02418f1,JingwenGu0829,2026-05-01,00:30:06,-07:00,2026-05-01T00:30:06-07:00,0,0
projects/projects.js,78,js,a02418f1,JingwenGu0829,2026-05-01,00:30:06,-07:00,2026-05-01T00:30:06-07:00,0,0
projects/projects.js,79,js,a02418f1,JingwenGu0829,2026-05-01,00:30:06,-07:00,2026-05-01T00:30:06-07:00,0,33
projects/projects.js,80,js,a02418f1,JingwenGu0829,2026-05-01,00:30:06,-07:00,2026-05-01T00:30:06-07:00,1,49
projects/projects.js,81,js,a02418f1,JingwenGu0829,2026-05-01,00:30:06,-07:00,2026-05-01T00:30:06-07:00,1,13
projects/projects.js,82,js,a02418f1,JingwenGu0829,2026-05-01,00:30:06,-07:00,2026-05-01T00:30:06-07:00,0,0
projects/projects.js,83,js,a02418f1,JingwenGu0829,2026-05-01,00:30:06,-07:00,2026-05-01T00:30:06-07:00,0,0
projects/projects.js,84,js,a02418f1,JingwenGu0829,2026-05-01,00:30:06,-07:00,2026-05-01T00:30:06-07:00,0,28
projects/projects.js,85,js,a02418f1,JingwenGu0829,2026-05-01,00:30:06,-07:00,2026-05-01T00:30:06-07:00,1,18
projects/projects.js,86,js,a02418f1,JingwenGu0829,2026-05-01,00:30:06,-07:00,2026-05-01T00:30:06-07:00,1,13
projects/projects.js,87,js,a02418f1,JingwenGu0829,2026-05-01,00:30:06,-07:00,2026-05-01T00:30:06-07:00,0,0
projects/projects.js,88,js,a02418f1,JingwenGu0829,2026-05-01,00:30:06,-07:00,2026-05-01T00:30:06-07:00,0,0
projects/projects.js,89,js,a02418f1,JingwenGu0829,2026-05-01,00:30:06,-07:00,2026-05-01T00:30:06-07:00,0,39
projects/projects.js,90,js,a02418f1,JingwenGu0829,2026-05-01,00:30:06,-07:00,2026-05-01T00:30:06-07:00,1,47
projects/projects.js,91,js,a02418f1,JingwenGu0829,2026-05-01,00:30:06,-07:00,2026-05-01T00:30:06-07:00,2,5
projects/projects.js,92,js,a02418f1,JingwenGu0829,2026-05-01,00:30:06,-07:00,2026-05-01T00:30:06-07:00,1,0
projects/projects.js,93,js,a02418f1,JingwenGu0829,2026-05-01,00:30:06,-07:00,2026-05-01T00:30:06-07:00,0,0
projects/projects.js,94,js,a02418f1,JingwenGu0829,2026-05-01,00:30:06,-07:00,2026-05-01T00:30:06-07:00,1,21
projects/projects.js,95,js,a02418f1,JingwenGu0829,2026-05-01,00:30:06,-07:00,2026-05-01T00:30:06-07:00,1,23
projects/projects.js,96,js,a02418f1,JingwenGu0829,2026-05-01,00:30:06,-07:00,2026-05-01T00:30:06-07:00,0,0
projects/projects.js,97,js,a02418f1,JingwenGu0829,2026-05-01,00:30:06,-07:00,2026-05-01T00:30:06-07:00,0,0
projects/projects.js,98,js,a02418f1,JingwenGu0829,2026-05-01,00:30:06,-07:00,2026-05-01T00:30:06-07:00,0,38
projects/projects.js,99,js,a02418f1,JingwenGu0829,2026-05-01,00:30:06,-07:00,2026-05-01T00:30:06-07:00,1,38
projects/projects.js,100,js,a02418f1,JingwenGu0829,2026-05-01,00:30:06,-07:00,2026-05-01T00:30:06-07:00,0,0
projects/projects.js,101,js,a02418f1,JingwenGu0829,2026-05-01,00:30:06,-07:00,2026-05-01T00:30:06-07:00,1,26
projects/projects.js,102,js,a02418f1,JingwenGu0829,2026-05-01,00:30:06,-07:00,2026-05-01T00:30:06-07:00,1,29
projects/projects.js,103,js,a02418f1,JingwenGu0829,2026-05-01,00:30:06,-07:00,2026-05-01T00:30:06-07:00,0,0
projects/projects.js,104,js,a02418f1,JingwenGu0829,2026-05-01,00:30:06,-07:00,2026-05-01T00:30:06-07:00,1,22
projects/projects.js,105,js,a02418f1,JingwenGu0829,2026-05-01,00:30:06,-07:00,2026-05-01T00:30:06-07:00,2,1
projects/projects.js,106,js,a02418f1,JingwenGu0829,2026-05-01,00:30:06,-07:00,2026-05-01T00:30:06-07:00,3,13
projects/projects.js,107,js,a02418f1,JingwenGu0829,2026-05-01,00:30:06,-07:00,2026-05-01T00:30:06-07:00,3,28
projects/projects.js,108,js,a02418f1,JingwenGu0829,2026-05-01,00:30:06,-07:00,2026-05-01T00:30:06-07:00,3,34
projects/projects.js,109,js,a02418f1,JingwenGu0829,2026-05-01,00:30:06,-07:00,2026-05-01T00:30:06-07:00,3,26
projects/projects.js,110,js,a02418f1,JingwenGu0829,2026-05-01,00:30:06,-07:00,2026-05-01T00:30:06-07:00,3,18
projects/projects.js,111,js,a02418f1,JingwenGu0829,2026-05-01,00:30:06,-07:00,2026-05-01T00:30:06-07:00,0,0
projects/projects.js,112,js,a02418f1,JingwenGu0829,2026-05-01,00:30:06,-07:00,2026-05-01T00:30:06-07:00,2,4
projects/projects.js,113,js,a02418f1,JingwenGu0829,2026-05-01,00:30:06,-07:00,2026-05-01T00:30:06-07:00,3,11
projects/projects.js,114,js,a02418f1,JingwenGu0829,2026-05-01,00:30:06,-07:00,2026-05-01T00:30:06-07:00,3,41
projects/projects.js,115,js,a02418f1,JingwenGu0829,2026-05-01,00:30:06,-07:00,2026-05-01T00:30:06-07:00,3,25
projects/projects.js,116,js,a02418f1,JingwenGu0829,2026-05-01,00:30:06,-07:00,2026-05-01T00:30:06-07:00,2,5
projects/projects.js,117,js,a02418f1,JingwenGu0829,2026-05-01,00:30:06,-07:00,2026-05-01T00:30:06-07:00,1,0
projects/projects.js,118,js,a02418f1,JingwenGu0829,2026-05-01,00:30:06,-07:00,2026-05-01T00:30:06-07:00,0,0
projects/projects.js,119,js,a02418f1,JingwenGu0829,2026-05-01,00:30:06,-07:00,2026-05-01T00:30:06-07:00,1,59
projects/projects.js,120,js,a02418f1,JingwenGu0829,2026-05-01,00:30:06,-07:00,2026-05-01T00:30:06-07:00,1,63
projects/projects.js,121,js,a02418f1,JingwenGu0829,2026-05-01,00:30:06,-07:00,2026-05-01T00:30:06-07:00,1,35
projects/projects.js,122,js,a02418f1,JingwenGu0829,2026-05-01,00:30:06,-07:00,2026-05-01T00:30:06-07:00,0,0
projects/projects.js,123,js,a02418f1,JingwenGu0829,2026-05-01,00:30:06,-07:00,2026-05-01T00:30:06-07:00,1,1
projects/projects.js,124,js,a02418f1,JingwenGu0829,2026-05-01,00:30:06,-07:00,2026-05-01T00:30:06-07:00,2,16
projects/projects.js,125,js,a02418f1,JingwenGu0829,2026-05-01,00:30:06,-07:00,2026-05-01T00:30:06-07:00,2,12
projects/projects.js,126,js,a02418f1,JingwenGu0829,2026-05-01,00:30:06,-07:00,2026-05-01T00:30:06-07:00,2,11
projects/projects.js,127,js,a02418f1,JingwenGu0829,2026-05-01,00:30:06,-07:00,2026-05-01T00:30:06-07:00,2,22
projects/projects.js,128,js,a02418f1,JingwenGu0829,2026-05-01,00:30:06,-07:00,2026-05-01T00:30:06-07:00,2,40
projects/projects.js,129,js,a02418f1,JingwenGu0829,2026-05-01,00:30:06,-07:00,2026-05-01T00:30:06-07:00,2,54
projects/projects.js,130,js,a02418f1,JingwenGu0829,2026-05-01,00:30:06,-07:00,2026-05-01T00:30:06-07:00,2,72
projects/projects.js,131,js,a02418f1,JingwenGu0829,2026-05-01,00:30:06,-07:00,2026-05-01T00:30:06-07:00,2,21
projects/projects.js,132,js,a02418f1,JingwenGu0829,2026-05-01,00:30:06,-07:00,2026-05-01T00:30:06-07:00,2,18
projects/projects.js,133,js,a02418f1,JingwenGu0829,2026-05-01,00:30:06,-07:00,2026-05-01T00:30:06-07:00,2,4
projects/projects.js,134,js,a02418f1,JingwenGu0829,2026-05-01,00:30:06,-07:00,2026-05-01T00:30:06-07:00,3,11
projects/projects.js,135,js,a02418f1,JingwenGu0829,2026-05-01,00:30:06,-07:00,2026-05-01T00:30:06-07:00,3,4
projects/projects.js,136,js,a02418f1,JingwenGu0829,2026-05-01,00:30:06,-07:00,2026-05-01T00:30:06-07:00,4,69
projects/projects.js,137,js,a02418f1,JingwenGu0829,2026-05-01,00:30:06,-07:00,2026-05-01T00:30:06-07:00,5,10
projects/projects.js,138,js,a02418f1,JingwenGu0829,2026-05-01,00:30:06,-07:00,2026-05-01T00:30:06-07:00,4,1
projects/projects.js,139,js,a02418f1,JingwenGu0829,2026-05-01,00:30:06,-07:00,2026-05-01T00:30:06-07:00,2,0
projects/projects.js,140,js,a02418f1,JingwenGu0829,2026-05-01,00:30:06,-07:00,2026-05-01T00:30:06-07:00,2,57
projects/projects.js,141,js,a02418f1,JingwenGu0829,2026-05-01,00:30:06,-07:00,2026-05-01T00:30:06-07:00,2,58
projects/projects.js,142,js,a02418f1,JingwenGu0829,2026-05-01,00:30:06,-07:00,2026-05-01T00:30:06-07:00,2,67
projects/projects.js,143,js,a02418f1,JingwenGu0829,2026-05-01,00:30:06,-07:00,2026-05-01T00:30:06-07:00,0,0
projects/projects.js,144,js,a02418f1,JingwenGu0829,2026-05-01,00:30:06,-07:00,2026-05-01T00:30:06-07:00,1,4
projects/projects.js,145,js,a02418f1,JingwenGu0829,2026-05-01,00:30:06,-07:00,2026-05-01T00:30:06-07:00,2,14
projects/projects.js,146,js,a02418f1,JingwenGu0829,2026-05-01,00:30:06,-07:00,2026-05-01T00:30:06-07:00,2,9
projects/projects.js,147,js,a02418f1,JingwenGu0829,2026-05-01,00:30:06,-07:00,2026-05-01T00:30:06-07:00,2,9
projects/projects.js,148,js,a02418f1,JingwenGu0829,2026-05-01,00:30:06,-07:00,2026-05-01T00:30:06-07:00,2,4
projects/projects.js,149,js,a02418f1,JingwenGu0829,2026-05-01,00:30:06,-07:00,2026-05-01T00:30:06-07:00,3,6
projects/projects.js,150,js,a02418f1,JingwenGu0829,2026-05-01,00:30:06,-07:00,2026-05-01T00:30:06-07:00,3,65
projects/projects.js,151,js,a02418f1,JingwenGu0829,2026-05-01,00:30:06,-07:00,2026-05-01T00:30:06-07:00,2,0
projects/projects.js,152,js,a02418f1,JingwenGu0829,2026-05-01,00:30:06,-07:00,2026-05-01T00:30:06-07:00,2,49
projects/projects.js,153,js,a02418f1,JingwenGu0829,2026-05-01,00:30:06,-07:00,2026-05-01T00:30:06-07:00,2,21
projects/projects.js,154,js,a02418f1,JingwenGu0829,2026-05-01,00:30:06,-07:00,2026-05-01T00:30:06-07:00,2,18
projects/projects.js,155,js,a02418f1,JingwenGu0829,2026-05-01,00:30:06,-07:00,2026-05-01T00:30:06-07:00,2,52
projects/projects.js,156,js,a02418f1,JingwenGu0829,2026-05-01,00:30:06,-07:00,2026-05-01T00:30:06-07:00,2,53
projects/projects.js,157,js,a02418f1,JingwenGu0829,2026-05-01,00:30:06,-07:00,2026-05-01T00:30:06-07:00,2,61
projects/projects.js,158,js,a02418f1,JingwenGu0829,2026-05-01,00:30:06,-07:00,2026-05-01T00:30:06-07:00,2,4
projects/projects.js,159,js,a02418f1,JingwenGu0829,2026-05-01,00:30:06,-07:00,2026-05-01T00:30:06-07:00,3,4
projects/projects.js,160,js,a02418f1,JingwenGu0829,2026-05-01,00:30:06,-07:00,2026-05-01T00:30:06-07:00,4,73
projects/projects.js,161,js,a02418f1,JingwenGu0829,2026-05-01,00:30:06,-07:00,2026-05-01T00:30:06-07:00,2,0
projects/projects.js,162,js,a02418f1,JingwenGu0829,2026-05-01,00:30:06,-07:00,2026-05-01T00:30:06-07:00,0,0
projects/projects.js,163,js,a02418f1,JingwenGu0829,2026-05-01,00:30:06,-07:00,2026-05-01T00:30:06-07:00,0,0
projects/projects.js,164,js,a02418f1,JingwenGu0829,2026-05-01,00:30:06,-07:00,2026-05-01T00:30:06-07:00,0,23
projects/projects.js,165,js,a02418f1,JingwenGu0829,2026-05-01,00:30:06,-07:00,2026-05-01T00:30:06-07:00,1,57
projects/projects.js,166,js,a02418f1,JingwenGu0829,2026-05-01,00:30:06,-07:00,2026-05-01T00:30:06-07:00,0,0
projects/projects.js,167,js,a02418f1,JingwenGu0829,2026-05-01,00:30:06,-07:00,2026-05-01T00:30:06-07:00,1,2
projects/projects.js,168,js,a02418f1,JingwenGu0829,2026-05-01,00:30:06,-07:00,2026-05-01T00:30:06-07:00,2,13
projects/projects.js,169,js,a02418f1,JingwenGu0829,2026-05-01,00:30:06,-07:00,2026-05-01T00:30:06-07:00,2,78
projects/projects.js,170,js,a02418f1,JingwenGu0829,2026-05-01,00:30:06,-07:00,2026-05-01T00:30:06-07:00,1,1
projects/projects.js,171,js,a02418f1,JingwenGu0829,2026-05-01,00:30:06,-07:00,2026-05-01T00:30:06-07:00,2,18
projects/projects.js,172,js,a02418f1,JingwenGu0829,2026-05-01,00:30:06,-07:00,2026-05-01T00:30:06-07:00,1,0
projects/projects.js,173,js,a02418f1,JingwenGu0829,2026-05-01,00:30:06,-07:00,2026-05-01T00:30:06-07:00,0,0
projects/projects.js,174,js,a02418f1,JingwenGu0829,2026-05-01,00:30:06,-07:00,2026-05-01T00:30:06-07:00,1,65
projects/projects.js,175,js,a02418f1,JingwenGu0829,2026-05-01,00:30:06,-07:00,2026-05-01T00:30:06-07:00,0,0
projects/projects.js,176,js,a02418f1,JingwenGu0829,2026-05-01,00:30:06,-07:00,2026-05-01T00:30:06-07:00,1,55
projects/projects.js,177,js,a02418f1,JingwenGu0829,2026-05-01,00:30:06,-07:00,2026-05-01T00:30:06-07:00,1,37
projects/projects.js,178,js,a02418f1,JingwenGu0829,2026-05-01,00:30:06,-07:00,2026-05-01T00:30:06-07:00,1,34
projects/projects.js,179,js,a02418f1,JingwenGu0829,2026-05-01,00:30:06,-07:00,2026-05-01T00:30:06-07:00,1,18
projects/projects.js,180,js,a02418f1,JingwenGu0829,2026-05-01,00:30:06,-07:00,2026-05-01T00:30:06-07:00,0,0
projects/projects.js,181,js,a02418f1,JingwenGu0829,2026-05-01,00:30:06,-07:00,2026-05-01T00:30:06-07:00,0,0
projects/projects.js,182,js,a02418f1,JingwenGu0829,2026-05-01,00:30:06,-07:00,2026-05-01T00:30:06-07:00,0,16
projects/projects.js,183,js,a02418f1,JingwenGu0829,2026-05-01,00:30:06,-07:00,2026-05-01T00:30:06-07:00,1,48
projects/projects.js,184,js,a02418f1,JingwenGu0829,2026-05-01,00:30:06,-07:00,2026-05-01T00:30:06-07:00,2,25
projects/projects.js,185,js,a02418f1,JingwenGu0829,2026-05-01,00:30:06,-07:00,2026-05-01T00:30:06-07:00,2,13
projects/projects.js,186,js,a02418f1,JingwenGu0829,2026-05-01,00:30:06,-07:00,2026-05-01T00:30:06-07:00,1,1
projects/projects.js,187,js,a02418f1,JingwenGu0829,2026-05-01,00:30:06,-07:00,2026-05-01T00:30:06-07:00,0,0
projects/projects.js,188,js,a02418f1,JingwenGu0829,2026-05-01,00:30:06,-07:00,2026-05-01T00:30:06-07:00,0,0
projects/projects.js,189,js,a02418f1,JingwenGu0829,2026-05-01,00:30:06,-07:00,2026-05-01T00:30:06-07:00,0,20
projects/projects.js,190,js,a02418f1,JingwenGu0829,2026-05-01,00:30:06,-07:00,2026-05-01T00:30:06-07:00,1,59
projects/projects.js,191,js,a02418f1,JingwenGu0829,2026-05-01,00:30:06,-07:00,2026-05-01T00:30:06-07:00,0,0
projects/projects.js,192,js,a02418f1,JingwenGu0829,2026-05-01,00:30:06,-07:00,2026-05-01T00:30:06-07:00,0,0
projects/projects.js,193,js,a02418f1,JingwenGu0829,2026-05-01,00:30:06,-07:00,2026-05-01T00:30:06-07:00,0,13
projects/index.html,1,html,8540341,JingwenGu0829,2026-04-10,22:38:49,-07:00,2026-04-10T22:38:49-07:00,0,13
projects/index.html,2,html,8540341,JingwenGu0829,2026-04-10,22:38:49,-07:00,2026-04-10T22:38:49-07:00,0,14
projects/index.html,3,html,8540341,JingwenGu0829,2026-04-10,22:38:49,-07:00,2026-04-10T22:38:49-07:00,1,4
projects/index.html,4,html,8540341,JingwenGu0829,2026-04-10,22:38:49,-07:00,2026-04-10T22:38:49-07:00,2,20
projects/index.html,5,html,8540341,JingwenGu0829,2026-04-10,22:38:49,-07:00,2026-04-10T22:38:49-07:00,2,68
projects/index.html,6,html,8540341,JingwenGu0829,2026-04-10,22:38:49,-07:00,2026-04-10T22:38:49-07:00,2,30
projects/index.html,7,html,8540341,JingwenGu0829,2026-04-10,22:38:49,-07:00,2026-04-10T22:38:49-07:00,2,41
projects/index.html,8,html,8540341,JingwenGu0829,2026-04-10,22:38:49,-07:00,2026-04-10T22:38:49-07:00,1,5
projects/index.html,9,html,8540341,JingwenGu0829,2026-04-10,22:38:49,-07:00,2026-04-10T22:38:49-07:00,1,4
projects/index.html,10,html,8540341,JingwenGu0829,2026-04-10,22:38:49,-07:00,2026-04-10T22:38:49-07:00,2,4
projects/index.html,11,html,8540341,JingwenGu0829,2026-04-10,22:38:49,-07:00,2026-04-10T22:38:49-07:00,3,26
projects/index.html,12,html,8540341,JingwenGu0829,2026-04-10,22:38:49,-07:00,2026-04-10T22:38:49-07:00,4,47
projects/index.html,13,html,a02418f1,JingwenGu0829,2026-05-01,00:30:06,-07:00,2026-05-01T00:30:06-07:00,4,48
projects/index.html,14,html,8540341,JingwenGu0829,2026-04-10,22:38:49,-07:00,2026-04-10T22:38:49-07:00,4,14
projects/index.html,15,html,8540341,JingwenGu0829,2026-04-10,22:38:49,-07:00,2026-04-10T22:38:49-07:00,5,74
projects/index.html,16,html,8540341,JingwenGu0829,2026-04-10,22:38:49,-07:00,2026-04-10T22:38:49-07:00,4,2
projects/index.html,17,html,8540341,JingwenGu0829,2026-04-10,22:38:49,-07:00,2026-04-10T22:38:49-07:00,3,7
projects/index.html,18,html,8540341,JingwenGu0829,2026-04-10,22:38:49,-07:00,2026-04-10T22:38:49-07:00,0,0
projects/index.html,19,html,a02418f1,JingwenGu0829,2026-05-01,00:30:06,-07:00,2026-05-01T00:30:06-07:00,3,44
projects/index.html,20,html,a02418f1,JingwenGu0829,2026-05-01,00:30:06,-07:00,2026-05-01T00:30:06-07:00,4,24
projects/index.html,21,html,a02418f1,JingwenGu0829,2026-05-01,00:30:06,-07:00,2026-05-01T00:30:06-07:00,5,23
projects/index.html,22,html,a02418f1,JingwenGu0829,2026-05-01,00:30:06,-07:00,2026-05-01T00:30:06-07:00,5,78
projects/index.html,23,html,a02418f1,JingwenGu0829,2026-05-01,00:30:06,-07:00,2026-05-01T00:30:06-07:00,4,4
projects/index.html,24,html,a02418f1,JingwenGu0829,2026-05-01,00:30:06,-07:00,2026-05-01T00:30:06-07:00,4,27
projects/index.html,25,html,a02418f1,JingwenGu0829,2026-05-01,00:30:06,-07:00,2026-05-01T00:30:06-07:00,5,2
projects/index.html,26,html,a02418f1,JingwenGu0829,2026-05-01,00:30:06,-07:00,2026-05-01T00:30:06-07:00,6,20
projects/index.html,27,html,a02418f1,JingwenGu0829,2026-05-01,00:30:06,-07:00,2026-05-01T00:30:06-07:00,6,23
projects/index.html,28,html,a02418f1,JingwenGu0829,2026-05-01,00:30:06,-07:00,2026-05-01T00:30:06-07:00,6,8
projects/index.html,29,html,a02418f1,JingwenGu0829,2026-05-01,00:30:06,-07:00,2026-05-01T00:30:06-07:00,6,48
projects/index.html,30,html,a02418f1,JingwenGu0829,2026-05-01,00:30:06,-07:00,2026-05-01T00:30:06-07:00,5,5
projects/index.html,31,html,a02418f1,JingwenGu0829,2026-05-01,00:30:06,-07:00,2026-05-01T00:30:06-07:00,5,49
projects/index.html,32,html,a02418f1,JingwenGu0829,2026-05-01,00:30:06,-07:00,2026-05-01T00:30:06-07:00,4,4
projects/index.html,33,html,a02418f1,JingwenGu0829,2026-05-01,00:30:06,-07:00,2026-05-01T00:30:06-07:00,3,8
projects/index.html,34,html,8540341,JingwenGu0829,2026-04-10,22:38:49,-07:00,2026-04-10T22:38:49-07:00,0,0
projects/index.html,35,html,a02418f1,JingwenGu0829,2026-05-01,00:30:06,-07:00,2026-05-01T00:30:06-07:00,3,4
projects/index.html,36,html,a02418f1,JingwenGu0829,2026-05-01,00:30:06,-07:00,2026-05-01T00:30:06-07:00,4,15
projects/index.html,37,html,a02418f1,JingwenGu0829,2026-05-01,00:30:06,-07:00,2026-05-01T00:30:06-07:00,4,11
projects/index.html,38,html,a02418f1,JingwenGu0829,2026-05-01,00:30:06,-07:00,2026-05-01T00:30:06-07:00,4,26
projects/index.html,39,html,a02418f1,JingwenGu0829,2026-05-01,00:30:06,-07:00,2026-05-01T00:30:06-07:00,4,30
projects/index.html,40,html,a02418f1,JingwenGu0829,2026-05-01,00:30:06,-07:00,2026-05-01T00:30:06-07:00,3,0
projects/index.html,41,html,8540341,JingwenGu0829,2026-04-10,22:38:49,-07:00,2026-04-10T22:38:49-07:00,0,0
projects/index.html,42,html,a02418f1,JingwenGu0829,2026-05-01,00:30:06,-07:00,2026-05-01T00:30:06-07:00,3,72
projects/index.html,43,html,8540341,JingwenGu0829,2026-04-10,22:38:49,-07:00,2026-04-10T22:38:49-07:00,2,5
projects/index.html,44,html,8540341,JingwenGu0829,2026-04-10,22:38:49,-07:00,2026-04-10T22:38:49-07:00,0,0
projects/index.html,45,html,8540341,JingwenGu0829,2026-04-10,22:38:49,-07:00,2026-04-10T22:38:49-07:00,2,6
projects/index.html,46,html,a02418f1,JingwenGu0829,2026-05-01,00:30:06,-07:00,2026-05-01T00:30:06-07:00,3,81
projects/index.html,47,html,8540341,JingwenGu0829,2026-04-10,22:38:49,-07:00,2026-04-10T22:38:49-07:00,2,7
projects/index.html,48,html,4ba20847,JingwenGu0829,2026-04-13,14:30:06,-07:00,2026-04-13T14:30:06-07:00,0,0
projects/index.html,49,html,4ba20847,JingwenGu0829,2026-04-13,14:30:06,-07:00,2026-04-13T14:30:06-07:00,2,48
projects/index.html,50,html,a02418f1,JingwenGu0829,2026-05-01,00:30:06,-07:00,2026-05-01T00:30:06-07:00,2,47
projects/index.html,51,html,8540341,JingwenGu0829,2026-04-10,22:38:49,-07:00,2026-04-10T22:38:49-07:00,1,5
projects/index.html,52,html,8540341,JingwenGu0829,2026-04-10,22:38:49,-07:00,2026-04-10T22:38:49-07:00,0,5
proj3/project3.js,1,js,333a5f8a,JingwenGu0829,2026-05-05,20:48:47,-07:00,2026-05-05T20:48:47-07:00,0,63
proj3/project3.js,2,js,333a5f8a,JingwenGu0829,2026-05-05,20:48:47,-07:00,2026-05-05T20:48:47-07:00,0,0
proj3/project3.js,3,js,371c900d,JingwenGu0829,2026-05-05,23:39:46,-07:00,2026-05-05T23:39:46-07:00,0,51
proj3/project3.js,4,js,371c900d,JingwenGu0829,2026-05-05,23:39:46,-07:00,2026-05-05T23:39:46-07:00,0,42
proj3/project3.js,5,js,333a5f8a,JingwenGu0829,2026-05-05,20:48:47,-07:00,2026-05-05T20:48:47-07:00,0,0
proj3/project3.js,6,js,333a5f8a,JingwenGu0829,2026-05-05,20:48:47,-07:00,2026-05-05T20:48:47-07:00,0,17
proj3/project3.js,7,js,333a5f8a,JingwenGu0829,2026-05-05,20:48:47,-07:00,2026-05-05T20:48:47-07:00,1,0
proj3/project3.js,8,js,371c900d,JingwenGu0829,2026-05-05,23:39:46,-07:00,2026-05-05T23:39:46-07:00,2,11
proj3/project3.js,9,js,333a5f8a,JingwenGu0829,2026-05-05,20:48:47,-07:00,2026-05-05T20:48:47-07:00,2,11
proj3/project3.js,10,js,333a5f8a,JingwenGu0829,2026-05-05,20:48:47,-07:00,2026-05-05T20:48:47-07:00,2,25
proj3/project3.js,11,js,333a5f8a,JingwenGu0829,2026-05-05,20:48:47,-07:00,2026-05-05T20:48:47-07:00,2,15
proj3/project3.js,12,js,333a5f8a,JingwenGu0829,2026-05-05,20:48:47,-07:00,2026-05-05T20:48:47-07:00,2,34
proj3/project3.js,13,js,333a5f8a,JingwenGu0829,2026-05-05,20:48:47,-07:00,2026-05-05T20:48:47-07:00,1,0
proj3/project3.js,14,js,333a5f8a,JingwenGu0829,2026-05-05,20:48:47,-07:00,2026-05-05T20:48:47-07:00,1,0
proj3/project3.js,15,js,371c900d,JingwenGu0829,2026-05-05,23:39:46,-07:00,2026-05-05T23:39:46-07:00,2,11
proj3/project3.js,16,js,333a5f8a,JingwenGu0829,2026-05-05,20:48:47,-07:00,2026-05-05T20:48:47-07:00,2,14
proj3/project3.js,17,js,333a5f8a,JingwenGu0829,2026-05-05,20:48:47,-07:00,2026-05-05T20:48:47-07:00,2,28
proj3/project3.js,18,js,333a5f8a,JingwenGu0829,2026-05-05,20:48:47,-07:00,2026-05-05T20:48:47-07:00,2,15
proj3/project3.js,19,js,333a5f8a,JingwenGu0829,2026-05-05,20:48:47,-07:00,2026-05-05T20:48:47-07:00,2,29
proj3/project3.js,20,js,333a5f8a,JingwenGu0829,2026-05-05,20:48:47,-07:00,2026-05-05T20:48:47-07:00,1,0
proj3/project3.js,21,js,333a5f8a,JingwenGu0829,2026-05-05,20:48:47,-07:00,2026-05-05T20:48:47-07:00,1,0
proj3/project3.js,22,js,371c900d,JingwenGu0829,2026-05-05,23:39:46,-07:00,2026-05-05T23:39:46-07:00,2,11
proj3/project3.js,23,js,333a5f8a,JingwenGu0829,2026-05-05,20:48:47,-07:00,2026-05-05T20:48:47-07:00,2,12
proj3/project3.js,24,js,333a5f8a,JingwenGu0829,2026-05-05,20:48:47,-07:00,2026-05-05T20:48:47-07:00,2,26
proj3/project3.js,25,js,333a5f8a,JingwenGu0829,2026-05-05,20:48:47,-07:00,2026-05-05T20:48:47-07:00,2,15
proj3/project3.js,26,js,333a5f8a,JingwenGu0829,2026-05-05,20:48:47,-07:00,2026-05-05T20:48:47-07:00,2,31
proj3/project3.js,27,js,333a5f8a,JingwenGu0829,2026-05-05,20:48:47,-07:00,2026-05-05T20:48:47-07:00,1,0
proj3/project3.js,28,js,333a5f8a,JingwenGu0829,2026-05-05,20:48:47,-07:00,2026-05-05T20:48:47-07:00,0,0
proj3/project3.js,29,js,333a5f8a,JingwenGu0829,2026-05-05,20:48:47,-07:00,2026-05-05T20:48:47-07:00,0,0
proj3/project3.js,30,js,333a5f8a,JingwenGu0829,2026-05-05,20:48:47,-07:00,2026-05-05T20:48:47-07:00,0,13
proj3/project3.js,31,js,371c900d,JingwenGu0829,2026-05-05,23:39:46,-07:00,2026-05-05T23:39:46-07:00,1,17
proj3/project3.js,32,js,333a5f8a,JingwenGu0829,2026-05-05,20:48:47,-07:00,2026-05-05T20:48:47-07:00,1,9
proj3/project3.js,33,js,333a5f8a,JingwenGu0829,2026-05-05,20:48:47,-07:00,2026-05-05T20:48:47-07:00,0,0
proj3/project3.js,34,js,333a5f8a,JingwenGu0829,2026-05-05,20:48:47,-07:00,2026-05-05T20:48:47-07:00,0,0
proj3/project3.js,35,js,333a5f8a,JingwenGu0829,2026-05-05,20:48:47,-07:00,2026-05-05T20:48:47-07:00,0,11
proj3/project3.js,36,js,333a5f8a,JingwenGu0829,2026-05-05,20:48:47,-07:00,2026-05-05T20:48:47-07:00,1,45
proj3/project3.js,37,js,333a5f8a,JingwenGu0829,2026-05-05,20:48:47,-07:00,2026-05-05T20:48:47-07:00,1,59
proj3/project3.js,38,js,333a5f8a,JingwenGu0829,2026-05-05,20:48:47,-07:00,2026-05-05T20:48:47-07:00,1,49
proj3/project3.js,39,js,333a5f8a,JingwenGu0829,2026-05-05,20:48:47,-07:00,2026-05-05T20:48:47-07:00,1,49
proj3/project3.js,40,js,333a5f8a,JingwenGu0829,2026-05-05,20:48:47,-07:00,2026-05-05T20:48:47-07:00,1,46
proj3/project3.js,41,js,333a5f8a,JingwenGu0829,2026-05-05,20:48:47,-07:00,2026-05-05T20:48:47-07:00,1,45
proj3/project3.js,42,js,333a5f8a,JingwenGu0829,2026-05-05,20:48:47,-07:00,2026-05-05T20:48:47-07:00,0,0
proj3/project3.js,43,js,333a5f8a,JingwenGu0829,2026-05-05,20:48:47,-07:00,2026-05-05T20:48:47-07:00,0,0
proj3/project3.js,44,js,371c900d,JingwenGu0829,2026-05-05,23:39:46,-07:00,2026-05-05T23:39:46-07:00,0,39
proj3/project3.js,45,js,333a5f8a,JingwenGu0829,2026-05-05,20:48:47,-07:00,2026-05-05T20:48:47-07:00,0,26
proj3/project3.js,46,js,333a5f8a,JingwenGu0829,2026-05-05,20:48:47,-07:00,2026-05-05T20:48:47-07:00,1,67
proj3/project3.js,47,js,333a5f8a,JingwenGu0829,2026-05-05,20:48:47,-07:00,2026-05-05T20:48:47-07:00,0,29
proj3/project3.js,48,js,333a5f8a,JingwenGu0829,2026-05-05,20:48:47,-07:00,2026-05-05T20:48:47-07:00,1,66
proj3/project3.js,49,js,333a5f8a,JingwenGu0829,2026-05-05,20:48:47,-07:00,2026-05-05T20:48:47-07:00,0,22
proj3/project3.js,50,js,371c900d,JingwenGu0829,2026-05-05,23:39:46,-07:00,2026-05-05T23:39:46-07:00,1,45
proj3/project3.js,51,js,333a5f8a,JingwenGu0829,2026-05-05,20:48:47,-07:00,2026-05-05T20:48:47-07:00,1,11
proj3/project3.js,52,js,371c900d,JingwenGu0829,2026-05-05,23:39:46,-07:00,2026-05-05T23:39:46-07:00,0,76
proj3/project3.js,53,js,333a5f8a,JingwenGu0829,2026-05-05,20:48:47,-07:00,2026-05-05T20:48:47-07:00,0,0
proj3/project3.js,54,js,333a5f8a,JingwenGu0829,2026-05-05,20:48:47,-07:00,2026-05-05T20:48:47-07:00,0,12
proj3/project3.js,55,js,371c900d,JingwenGu0829,2026-05-05,23:39:46,-07:00,2026-05-05T23:39:46-07:00,0,16
proj3/project3.js,56,js,333a5f8a,JingwenGu0829,2026-05-05,20:48:47,-07:00,2026-05-05T20:48:47-07:00,0,16
proj3/project3.js,57,js,333a5f8a,JingwenGu0829,2026-05-05,20:48:47,-07:00,2026-05-05T20:48:47-07:00,0,25
proj3/project3.js,58,js,333a5f8a,JingwenGu0829,2026-05-05,20:48:47,-07:00,2026-05-05T20:48:47-07:00,0,0
proj3/project3.js,59,js,333a5f8a,JingwenGu0829,2026-05-05,20:48:47,-07:00,2026-05-05T20:48:47-07:00,0,5
proj3/project3.js,60,js,333a5f8a,JingwenGu0829,2026-05-05,20:48:47,-07:00,2026-05-05T20:48:47-07:00,0,0
proj3/project3.js,61,js,333a5f8a,JingwenGu0829,2026-05-05,20:48:47,-07:00,2026-05-05T20:48:47-07:00,0,21
proj3/project3.js,62,js,333a5f8a,JingwenGu0829,2026-05-05,20:48:47,-07:00,2026-05-05T20:48:47-07:00,1,3
proj3/project3.js,63,js,371c900d,JingwenGu0829,2026-05-05,23:39:46,-07:00,2026-05-05T23:39:46-07:00,2,34
proj3/project3.js,64,js,333a5f8a,JingwenGu0829,2026-05-05,20:48:47,-07:00,2026-05-05T20:48:47-07:00,3,28
proj3/project3.js,65,js,371c900d,JingwenGu0829,2026-05-05,23:39:46,-07:00,2026-05-05T23:39:46-07:00,3,18
proj3/project3.js,66,js,333a5f8a,JingwenGu0829,2026-05-05,20:48:47,-07:00,2026-05-05T20:48:47-07:00,2,1
proj3/project3.js,67,js,333a5f8a,JingwenGu0829,2026-05-05,20:48:47,-07:00,2026-05-05T20:48:47-07:00,2,12
proj3/project3.js,68,js,333a5f8a,JingwenGu0829,2026-05-05,20:48:47,-07:00,2026-05-05T20:48:47-07:00,2,21
proj3/project3.js,69,js,333a5f8a,JingwenGu0829,2026-05-05,20:48:47,-07:00,2026-05-05T20:48:47-07:00,2,51
proj3/project3.js,70,js,333a5f8a,JingwenGu0829,2026-05-05,20:48:47,-07:00,2026-05-05T20:48:47-07:00,3,38
proj3/project3.js,71,js,333a5f8a,JingwenGu0829,2026-05-05,20:48:47,-07:00,2026-05-05T20:48:47-07:00,3,7
proj3/project3.js,72,js,333a5f8a,JingwenGu0829,2026-05-05,20:48:47,-07:00,2026-05-05T20:48:47-07:00,2,1
proj3/project3.js,73,js,333a5f8a,JingwenGu0829,2026-05-05,20:48:47,-07:00,2026-05-05T20:48:47-07:00,2,7
proj3/project3.js,74,js,333a5f8a,JingwenGu0829,2026-05-05,20:48:47,-07:00,2026-05-05T20:48:47-07:00,2,93
proj3/project3.js,75,js,333a5f8a,JingwenGu0829,2026-05-05,20:48:47,-07:00,2026-05-05T20:48:47-07:00,1,15
proj3/project3.js,76,js,333a5f8a,JingwenGu0829,2026-05-05,20:48:47,-07:00,2026-05-05T20:48:47-07:00,2,19
proj3/project3.js,77,js,371c900d,JingwenGu0829,2026-05-05,23:39:46,-07:00,2026-05-05T23:39:46-07:00,2,65
proj3/project3.js,78,js,333a5f8a,JingwenGu0829,2026-05-05,20:48:47,-07:00,2026-05-05T20:48:47-07:00,1,0
proj3/project3.js,79,js,333a5f8a,JingwenGu0829,2026-05-05,20:48:47,-07:00,2026-05-05T20:48:47-07:00,0,0
proj3/project3.js,80,js,333a5f8a,JingwenGu0829,2026-05-05,20:48:47,-07:00,2026-05-05T20:48:47-07:00,0,0
proj3/project3.js,81,js,333a5f8a,JingwenGu0829,2026-05-05,20:48:47,-07:00,2026-05-05T20:48:47-07:00,0,22
proj3/project3.js,82,js,333a5f8a,JingwenGu0829,2026-05-05,20:48:47,-07:00,2026-05-05T20:48:47-07:00,1,9
proj3/project3.js,83,js,371c900d,JingwenGu0829,2026-05-05,23:39:46,-07:00,2026-05-05T23:39:46-07:00,2,75
proj3/project3.js,84,js,333a5f8a,JingwenGu0829,2026-05-05,20:48:47,-07:00,2026-05-05T20:48:47-07:00,2,13
proj3/project3.js,85,js,333a5f8a,JingwenGu0829,2026-05-05,20:48:47,-07:00,2026-05-05T20:48:47-07:00,3,29
proj3/project3.js,86,js,371c900d,JingwenGu0829,2026-05-05,23:39:46,-07:00,2026-05-05T23:39:46-07:00,3,47
proj3/project3.js,87,js,333a5f8a,JingwenGu0829,2026-05-05,20:48:47,-07:00,2026-05-05T20:48:47-07:00,3,27
proj3/project3.js,88,js,333a5f8a,JingwenGu0829,2026-05-05,20:48:47,-07:00,2026-05-05T20:48:47-07:00,2,0
proj3/project3.js,89,js,333a5f8a,JingwenGu0829,2026-05-05,20:48:47,-07:00,2026-05-05T20:48:47-07:00,0,0
proj3/project3.js,90,js,333a5f8a,JingwenGu0829,2026-05-05,20:48:47,-07:00,2026-05-05T20:48:47-07:00,1,19
proj3/project3.js,91,js,371c900d,JingwenGu0829,2026-05-05,23:39:46,-07:00,2026-05-05T23:39:46-07:00,2,61
proj3/project3.js,92,js,333a5f8a,JingwenGu0829,2026-05-05,20:48:47,-07:00,2026-05-05T20:48:47-07:00,1,0
proj3/project3.js,93,js,333a5f8a,JingwenGu0829,2026-05-05,20:48:47,-07:00,2026-05-05T20:48:47-07:00,0,0
proj3/project3.js,94,js,333a5f8a,JingwenGu0829,2026-05-05,20:48:47,-07:00,2026-05-05T20:48:47-07:00,1,20
proj3/project3.js,95,js,333a5f8a,JingwenGu0829,2026-05-05,20:48:47,-07:00,2026-05-05T20:48:47-07:00,2,8
proj3/project3.js,96,js,333a5f8a,JingwenGu0829,2026-05-05,20:48:47,-07:00,2026-05-05T20:48:47-07:00,3,3
proj3/project3.js,97,js,333a5f8a,JingwenGu0829,2026-05-05,20:48:47,-07:00,2026-05-05T20:48:47-07:00,3,11
proj3/project3.js,98,js,333a5f8a,JingwenGu0829,2026-05-05,20:48:47,-07:00,2026-05-05T20:48:47-07:00,4,22
proj3/project3.js,99,js,333a5f8a,JingwenGu0829,2026-05-05,20:48:47,-07:00,2026-05-05T20:48:47-07:00,4,6
proj3/project3.js,100,js,333a5f8a,JingwenGu0829,2026-05-05,20:48:47,-07:00,2026-05-05T20:48:47-07:00,5,15
proj3/project3.js,101,js,371c900d,JingwenGu0829,2026-05-05,23:39:46,-07:00,2026-05-05T23:39:46-07:00,5,17
proj3/project3.js,102,js,333a5f8a,JingwenGu0829,2026-05-05,20:48:47,-07:00,2026-05-05T20:48:47-07:00,5,37
proj3/project3.js,103,js,333a5f8a,JingwenGu0829,2026-05-05,20:48:47,-07:00,2026-05-05T20:48:47-07:00,5,13
proj3/project3.js,104,js,333a5f8a,JingwenGu0829,2026-05-05,20:48:47,-07:00,2026-05-05T20:48:47-07:00,5,13
proj3/project3.js,105,js,333a5f8a,JingwenGu0829,2026-05-05,20:48:47,-07:00,2026-05-05T20:48:47-07:00,5,30
proj3/project3.js,106,js,333a5f8a,JingwenGu0829,2026-05-05,20:48:47,-07:00,2026-05-05T20:48:47-07:00,4,0
proj3/project3.js,107,js,333a5f8a,JingwenGu0829,2026-05-05,20:48:47,-07:00,2026-05-05T20:48:47-07:00,3,0
proj3/project3.js,108,js,333a5f8a,JingwenGu0829,2026-05-05,20:48:47,-07:00,2026-05-05T20:48:47-07:00,3,12
proj3/project3.js,109,js,333a5f8a,JingwenGu0829,2026-05-05,20:48:47,-07:00,2026-05-05T20:48:47-07:00,2,9
proj3/project3.js,110,js,371c900d,JingwenGu0829,2026-05-05,23:39:46,-07:00,2026-05-05T23:39:46-07:00,1,45
proj3/project3.js,111,js,333a5f8a,JingwenGu0829,2026-05-05,20:48:47,-07:00,2026-05-05T20:48:47-07:00,0,0
proj3/project3.js,112,js,371c900d,JingwenGu0829,2026-05-05,23:39:46,-07:00,2026-05-05T23:39:46-07:00,1,60
proj3/project3.js,113,js,371c900d,JingwenGu0829,2026-05-05,23:39:46,-07:00,2026-05-05T23:39:46-07:00,1,92
proj3/project3.js,114,js,333a5f8a,JingwenGu0829,2026-05-05,20:48:47,-07:00,2026-05-05T20:48:47-07:00,0,0
proj3/project3.js,115,js,333a5f8a,JingwenGu0829,2026-05-05,20:48:47,-07:00,2026-05-05T20:48:47-07:00,0,0
proj3/project3.js,116,js,333a5f8a,JingwenGu0829,2026-05-05,20:48:47,-07:00,2026-05-05T20:48:47-07:00,0,31
proj3/project3.js,117,js,333a5f8a,JingwenGu0829,2026-05-05,20:48:47,-07:00,2026-05-05T20:48:47-07:00,1,33
proj3/project3.js,118,js,333a5f8a,JingwenGu0829,2026-05-05,20:48:47,-07:00,2026-05-05T20:48:47-07:00,1,33
proj3/project3.js,119,js,333a5f8a,JingwenGu0829,2026-05-05,20:48:47,-07:00,2026-05-05T20:48:47-07:00,2,46
proj3/project3.js,120,js,333a5f8a,JingwenGu0829,2026-05-05,20:48:47,-07:00,2026-05-05T20:48:47-07:00,2,21
proj3/project3.js,121,js,333a5f8a,JingwenGu0829,2026-05-05,20:48:47,-07:00,2026-05-05T20:48:47-07:00,2,35
proj3/project3.js,122,js,333a5f8a,JingwenGu0829,2026-05-05,20:48:47,-07:00,2026-05-05T20:48:47-07:00,2,36
proj3/project3.js,123,js,333a5f8a,JingwenGu0829,2026-05-05,20:48:47,-07:00,2026-05-05T20:48:47-07:00,2,18
proj3/project3.js,124,js,333a5f8a,JingwenGu0829,2026-05-05,20:48:47,-07:00,2026-05-05T20:48:47-07:00,3,32
proj3/project3.js,125,js,333a5f8a,JingwenGu0829,2026-05-05,20:48:47,-07:00,2026-05-05T20:48:47-07:00,3,27
proj3/project3.js,126,js,333a5f8a,JingwenGu0829,2026-05-05,20:48:47,-07:00,2026-05-05T20:48:47-07:00,3,36
proj3/project3.js,127,js,333a5f8a,JingwenGu0829,2026-05-05,20:48:47,-07:00,2026-05-05T20:48:47-07:00,2,0
proj3/project3.js,128,js,333a5f8a,JingwenGu0829,2026-05-05,20:48:47,-07:00,2026-05-05T20:48:47-07:00,2,38
proj3/project3.js,129,js,333a5f8a,JingwenGu0829,2026-05-05,20:48:47,-07:00,2026-05-05T20:48:47-07:00,3,27
proj3/project3.js,130,js,333a5f8a,JingwenGu0829,2026-05-05,20:48:47,-07:00,2026-05-05T20:48:47-07:00,3,7
proj3/project3.js,131,js,333a5f8a,JingwenGu0829,2026-05-05,20:48:47,-07:00,2026-05-05T20:48:47-07:00,2,1
proj3/project3.js,132,js,333a5f8a,JingwenGu0829,2026-05-05,20:48:47,-07:00,2026-05-05T20:48:47-07:00,2,33
proj3/project3.js,133,js,333a5f8a,JingwenGu0829,2026-05-05,20:48:47,-07:00,2026-05-05T20:48:47-07:00,1,0
proj3/project3.js,134,js,333a5f8a,JingwenGu0829,2026-05-05,20:48:47,-07:00,2026-05-05T20:48:47-07:00,0,0
proj3/project3.js,135,js,333a5f8a,JingwenGu0829,2026-05-05,20:48:47,-07:00,2026-05-05T20:48:47-07:00,0,0
proj3/project3.js,136,js,333a5f8a,JingwenGu0829,2026-05-05,20:48:47,-07:00,2026-05-05T20:48:47-07:00,0,17
proj3/project3.js,137,js,333a5f8a,JingwenGu0829,2026-05-05,20:48:47,-07:00,2026-05-05T20:48:47-07:00,1,32
proj3/project3.js,138,js,333a5f8a,JingwenGu0829,2026-05-05,20:48:47,-07:00,2026-05-05T20:48:47-07:00,1,32
proj3/project3.js,139,js,333a5f8a,JingwenGu0829,2026-05-05,20:48:47,-07:00,2026-05-05T20:48:47-07:00,1,38
proj3/project3.js,140,js,333a5f8a,JingwenGu0829,2026-05-05,20:48:47,-07:00,2026-05-05T20:48:47-07:00,1,22
proj3/project3.js,141,js,333a5f8a,JingwenGu0829,2026-05-05,20:48:47,-07:00,2026-05-05T20:48:47-07:00,1,8
proj3/project3.js,142,js,333a5f8a,JingwenGu0829,2026-05-05,20:48:47,-07:00,2026-05-05T20:48:47-07:00,1,14
proj3/project3.js,143,js,333a5f8a,JingwenGu0829,2026-05-05,20:48:47,-07:00,2026-05-05T20:48:47-07:00,0,0
proj3/project3.js,144,js,333a5f8a,JingwenGu0829,2026-05-05,20:48:47,-07:00,2026-05-05T20:48:47-07:00,0,0
proj3/project3.js,145,js,333a5f8a,JingwenGu0829,2026-05-05,20:48:47,-07:00,2026-05-05T20:48:47-07:00,0,32
proj3/project3.js,146,js,333a5f8a,JingwenGu0829,2026-05-05,20:48:47,-07:00,2026-05-05T20:48:47-07:00,1,66
proj3/project3.js,147,js,333a5f8a,JingwenGu0829,2026-05-05,20:48:47,-07:00,2026-05-05T20:48:47-07:00,2,86
proj3/project3.js,148,js,333a5f8a,JingwenGu0829,2026-05-05,20:48:47,-07:00,2026-05-05T20:48:47-07:00,1,1
proj3/project3.js,149,js,333a5f8a,JingwenGu0829,2026-05-05,20:48:47,-07:00,2026-05-05T20:48:47-07:00,0,0
proj3/project3.js,150,js,333a5f8a,JingwenGu0829,2026-05-05,20:48:47,-07:00,2026-05-05T20:48:47-07:00,0,0
proj3/project3.js,151,js,333a5f8a,JingwenGu0829,2026-05-05,20:48:47,-07:00,2026-05-05T20:48:47-07:00,0,18
proj3/project3.js,152,js,333a5f8a,JingwenGu0829,2026-05-05,20:48:47,-07:00,2026-05-05T20:48:47-07:00,1,16
proj3/project3.js,153,js,333a5f8a,JingwenGu0829,2026-05-05,20:48:47,-07:00,2026-05-05T20:48:47-07:00,1,17
proj3/project3.js,154,js,371c900d,JingwenGu0829,2026-05-05,23:39:46,-07:00,2026-05-05T23:39:46-07:00,1,58
proj3/project3.js,155,js,333a5f8a,JingwenGu0829,2026-05-05,20:48:47,-07:00,2026-05-05T20:48:47-07:00,1,43
proj3/project3.js,156,js,333a5f8a,JingwenGu0829,2026-05-05,20:48:47,-07:00,2026-05-05T20:48:47-07:00,0,0
proj3/project3.js,157,js,333a5f8a,JingwenGu0829,2026-05-05,20:48:47,-07:00,2026-05-05T20:48:47-07:00,1,26
proj3/project3.js,158,js,333a5f8a,JingwenGu0829,2026-05-05,20:48:47,-07:00,2026-05-05T20:48:47-07:00,0,0
proj3/project3.js,159,js,333a5f8a,JingwenGu0829,2026-05-05,20:48:47,-07:00,2026-05-05T20:48:47-07:00,1,19
proj3/project3.js,160,js,371c900d,JingwenGu0829,2026-05-05,23:39:46,-07:00,2026-05-05T23:39:46-07:00,2,13
proj3/project3.js,161,js,333a5f8a,JingwenGu0829,2026-05-05,20:48:47,-07:00,2026-05-05T20:48:47-07:00,2,9
proj3/project3.js,162,js,333a5f8a,JingwenGu0829,2026-05-05,20:48:47,-07:00,2026-05-05T20:48:47-07:00,3,0
proj3/project3.js,163,js,371c900d,JingwenGu0829,2026-05-05,23:39:46,-07:00,2026-05-05T23:39:46-07:00,4,29
proj3/project3.js,164,js,371c900d,JingwenGu0829,2026-05-05,23:39:46,-07:00,2026-05-05T23:39:46-07:00,4,50
proj3/project3.js,165,js,333a5f8a,JingwenGu0829,2026-05-05,20:48:47,-07:00,2026-05-05T20:48:47-07:00,3,0
proj3/project3.js,166,js,371c900d,JingwenGu0829,2026-05-05,23:39:46,-07:00,2026-05-05T23:39:46-07:00,3,5
proj3/project3.js,167,js,333a5f8a,JingwenGu0829,2026-05-05,20:48:47,-07:00,2026-05-05T20:48:47-07:00,2,0
proj3/project3.js,168,js,333a5f8a,JingwenGu0829,2026-05-05,20:48:47,-07:00,2026-05-05T20:48:47-07:00,1,34
proj3/project3.js,169,js,333a5f8a,JingwenGu0829,2026-05-05,20:48:47,-07:00,2026-05-05T20:48:47-07:00,0,0
proj3/project3.js,170,js,371c900d,JingwenGu0829,2026-05-05,23:39:46,-07:00,2026-05-05T23:39:46-07:00,1,25
proj3/project3.js,171,js,371c900d,JingwenGu0829,2026-05-05,23:39:46,-07:00,2026-05-05T23:39:46-07:00,2,15
proj3/project3.js,172,js,371c900d,JingwenGu0829,2026-05-05,23:39:46,-07:00,2026-05-05T23:39:46-07:00,3,6
proj3/project3.js,173,js,371c900d,JingwenGu0829,2026-05-05,23:39:46,-07:00,2026-05-05T23:39:46-07:00,3,55
proj3/project3.js,174,js,371c900d,JingwenGu0829,2026-05-05,23:39:46,-07:00,2026-05-05T23:39:46-07:00,3,35
proj3/project3.js,175,js,371c900d,JingwenGu0829,2026-05-05,23:39:46,-07:00,2026-05-05T23:39:46-07:00,2,1
proj3/project3.js,176,js,371c900d,JingwenGu0829,2026-05-05,23:39:46,-07:00,2026-05-05T23:39:46-07:00,2,32
proj3/project3.js,177,js,371c900d,JingwenGu0829,2026-05-05,23:39:46,-07:00,2026-05-05T23:39:46-07:00,0,0
proj3/project3.js,178,js,333a5f8a,JingwenGu0829,2026-05-05,20:48:47,-07:00,2026-05-05T20:48:47-07:00,1,1
proj3/project3.js,179,js,333a5f8a,JingwenGu0829,2026-05-05,20:48:47,-07:00,2026-05-05T20:48:47-07:00,2,13
proj3/project3.js,180,js,333a5f8a,JingwenGu0829,2026-05-05,20:48:47,-07:00,2026-05-05T20:48:47-07:00,2,22
proj3/project3.js,181,js,333a5f8a,JingwenGu0829,2026-05-05,20:48:47,-07:00,2026-05-05T20:48:47-07:00,2,11
proj3/project3.js,182,js,333a5f8a,JingwenGu0829,2026-05-05,20:48:47,-07:00,2026-05-05T20:48:47-07:00,2,11
proj3/project3.js,183,js,333a5f8a,JingwenGu0829,2026-05-05,20:48:47,-07:00,2026-05-05T20:48:47-07:00,2,19
proj3/project3.js,184,js,333a5f8a,JingwenGu0829,2026-05-05,20:48:47,-07:00,2026-05-05T20:48:47-07:00,2,21
proj3/project3.js,185,js,333a5f8a,JingwenGu0829,2026-05-05,20:48:47,-07:00,2026-05-05T20:48:47-07:00,2,14
proj3/project3.js,186,js,333a5f8a,JingwenGu0829,2026-05-05,20:48:47,-07:00,2026-05-05T20:48:47-07:00,0,0
proj3/project3.js,187,js,333a5f8a,JingwenGu0829,2026-05-05,20:48:47,-07:00,2026-05-05T20:48:47-07:00,1,1
proj3/project3.js,188,js,333a5f8a,JingwenGu0829,2026-05-05,20:48:47,-07:00,2026-05-05T20:48:47-07:00,2,13
proj3/project3.js,189,js,333a5f8a,JingwenGu0829,2026-05-05,20:48:47,-07:00,2026-05-05T20:48:47-07:00,2,25
proj3/project3.js,190,js,333a5f8a,JingwenGu0829,2026-05-05,20:48:47,-07:00,2026-05-05T20:48:47-07:00,2,12
proj3/project3.js,191,js,333a5f8a,JingwenGu0829,2026-05-05,20:48:47,-07:00,2026-05-05T20:48:47-07:00,2,12
proj3/project3.js,192,js,333a5f8a,JingwenGu0829,2026-05-05,20:48:47,-07:00,2026-05-05T20:48:47-07:00,2,46
proj3/project3.js,193,js,333a5f8a,JingwenGu0829,2026-05-05,20:48:47,-07:00,2026-05-05T20:48:47-07:00,0,0
proj3/project3.js,194,js,333a5f8a,JingwenGu0829,2026-05-05,20:48:47,-07:00,2026-05-05T20:48:47-07:00,1,1
proj3/project3.js,195,js,333a5f8a,JingwenGu0829,2026-05-05,20:48:47,-07:00,2026-05-05T20:48:47-07:00,2,13
proj3/project3.js,196,js,333a5f8a,JingwenGu0829,2026-05-05,20:48:47,-07:00,2026-05-05T20:48:47-07:00,2,32
proj3/project3.js,197,js,333a5f8a,JingwenGu0829,2026-05-05,20:48:47,-07:00,2026-05-05T20:48:47-07:00,2,12
proj3/project3.js,198,js,333a5f8a,JingwenGu0829,2026-05-05,20:48:47,-07:00,2026-05-05T20:48:47-07:00,2,12
proj3/project3.js,199,js,371c900d,JingwenGu0829,2026-05-05,23:39:46,-07:00,2026-05-05T23:39:46-07:00,2,70
proj3/project3.js,200,js,333a5f8a,JingwenGu0829,2026-05-05,20:48:47,-07:00,2026-05-05T20:48:47-07:00,0,0
proj3/project3.js,201,js,333a5f8a,JingwenGu0829,2026-05-05,20:48:47,-07:00,2026-05-05T20:48:47-07:00,1,1
proj3/project3.js,202,js,371c900d,JingwenGu0829,2026-05-05,23:39:46,-07:00,2026-05-05T23:39:46-07:00,2,10
proj3/project3.js,203,js,371c900d,JingwenGu0829,2026-05-05,23:39:46,-07:00,2026-05-05T23:39:46-07:00,2,16
proj3/project3.js,204,js,371c900d,JingwenGu0829,2026-05-05,23:39:46,-07:00,2026-05-05T23:39:46-07:00,2,20
proj3/project3.js,205,js,371c900d,JingwenGu0829,2026-05-05,23:39:46,-07:00,2026-05-05T23:39:46-07:00,2,11
proj3/project3.js,206,js,333a5f8a,JingwenGu0829,2026-05-05,20:48:47,-07:00,2026-05-05T20:48:47-07:00,2,29
proj3/project3.js,207,js,333a5f8a,JingwenGu0829,2026-05-05,20:48:47,-07:00,2026-05-05T20:48:47-07:00,2,15
proj3/project3.js,208,js,333a5f8a,JingwenGu0829,2026-05-05,20:48:47,-07:00,2026-05-05T20:48:47-07:00,0,0
proj3/project3.js,209,js,371c900d,JingwenGu0829,2026-05-05,23:39:46,-07:00,2026-05-05T23:39:46-07:00,1,17
proj3/project3.js,210,js,371c900d,JingwenGu0829,2026-05-05,23:39:46,-07:00,2026-05-05T23:39:46-07:00,2,10
proj3/project3.js,211,js,371c900d,JingwenGu0829,2026-05-05,23:39:46,-07:00,2026-05-05T23:39:46-07:00,2,28
proj3/project3.js,212,js,371c900d,JingwenGu0829,2026-05-05,23:39:46,-07:00,2026-05-05T23:39:46-07:00,2,18
proj3/project3.js,213,js,371c900d,JingwenGu0829,2026-05-05,23:39:46,-07:00,2026-05-05T23:39:46-07:00,2,30
proj3/project3.js,214,js,371c900d,JingwenGu0829,2026-05-05,23:39:46,-07:00,2026-05-05T23:39:46-07:00,2,13
proj3/project3.js,215,js,371c900d,JingwenGu0829,2026-05-05,23:39:46,-07:00,2026-05-05T23:39:46-07:00,2,27
proj3/project3.js,216,js,371c900d,JingwenGu0829,2026-05-05,23:39:46,-07:00,2026-05-05T23:39:46-07:00,2,25
proj3/project3.js,217,js,371c900d,JingwenGu0829,2026-05-05,23:39:46,-07:00,2026-05-05T23:39:46-07:00,2,25
proj3/project3.js,218,js,371c900d,JingwenGu0829,2026-05-05,23:39:46,-07:00,2026-05-05T23:39:46-07:00,2,67
proj3/project3.js,219,js,371c900d,JingwenGu0829,2026-05-05,23:39:46,-07:00,2026-05-05T23:39:46-07:00,2,59
proj3/project3.js,220,js,371c900d,JingwenGu0829,2026-05-05,23:39:46,-07:00,2026-05-05T23:39:46-07:00,2,61
proj3/project3.js,221,js,333a5f8a,JingwenGu0829,2026-05-05,20:48:47,-07:00,2026-05-05T20:48:47-07:00,2,18
proj3/project3.js,222,js,333a5f8a,JingwenGu0829,2026-05-05,20:48:47,-07:00,2026-05-05T20:48:47-07:00,2,18
proj3/project3.js,223,js,333a5f8a,JingwenGu0829,2026-05-05,20:48:47,-07:00,2026-05-05T20:48:47-07:00,2,4
proj3/project3.js,224,js,333a5f8a,JingwenGu0829,2026-05-05,20:48:47,-07:00,2026-05-05T20:48:47-07:00,3,11
proj3/project3.js,225,js,333a5f8a,JingwenGu0829,2026-05-05,20:48:47,-07:00,2026-05-05T20:48:47-07:00,3,4
proj3/project3.js,226,js,371c900d,JingwenGu0829,2026-05-05,23:39:46,-07:00,2026-05-05T23:39:46-07:00,4,46
proj3/project3.js,227,js,371c900d,JingwenGu0829,2026-05-05,23:39:46,-07:00,2026-05-05T23:39:46-07:00,5,23
proj3/project3.js,228,js,333a5f8a,JingwenGu0829,2026-05-05,20:48:47,-07:00,2026-05-05T20:48:47-07:00,4,19
proj3/project3.js,229,js,333a5f8a,JingwenGu0829,2026-05-05,20:48:47,-07:00,2026-05-05T20:48:47-07:00,2,0
proj3/project3.js,230,js,333a5f8a,JingwenGu0829,2026-05-05,20:48:47,-07:00,2026-05-05T20:48:47-07:00,2,32
proj3/project3.js,231,js,371c900d,JingwenGu0829,2026-05-05,23:39:46,-07:00,2026-05-05T23:39:46-07:00,3,27
proj3/project3.js,232,js,333a5f8a,JingwenGu0829,2026-05-05,20:48:47,-07:00,2026-05-05T20:48:47-07:00,4,19
proj3/project3.js,233,js,333a5f8a,JingwenGu0829,2026-05-05,20:48:47,-07:00,2026-05-05T20:48:47-07:00,4,29
proj3/project3.js,234,js,333a5f8a,JingwenGu0829,2026-05-05,20:48:47,-07:00,2026-05-05T20:48:47-07:00,4,26
proj3/project3.js,235,js,371c900d,JingwenGu0829,2026-05-05,23:39:46,-07:00,2026-05-05T23:39:46-07:00,4,47
proj3/project3.js,236,js,371c900d,JingwenGu0829,2026-05-05,23:39:46,-07:00,2026-05-05T23:39:46-07:00,4,37
proj3/project3.js,237,js,333a5f8a,JingwenGu0829,2026-05-05,20:48:47,-07:00,2026-05-05T20:48:47-07:00,3,1
proj3/project3.js,238,js,333a5f8a,JingwenGu0829,2026-05-05,20:48:47,-07:00,2026-05-05T20:48:47-07:00,2,0
proj3/project3.js,239,js,333a5f8a,JingwenGu0829,2026-05-05,20:48:47,-07:00,2026-05-05T20:48:47-07:00,2,31
proj3/project3.js,240,js,333a5f8a,JingwenGu0829,2026-05-05,20:48:47,-07:00,2026-05-05T20:48:47-07:00,0,0
proj3/project3.js,241,js,371c900d,JingwenGu0829,2026-05-05,23:39:46,-07:00,2026-05-05T23:39:46-07:00,1,5
proj3/project3.js,242,js,371c900d,JingwenGu0829,2026-05-05,23:39:46,-07:00,2026-05-05T23:39:46-07:00,2,10
proj3/project3.js,243,js,371c900d,JingwenGu0829,2026-05-05,23:39:46,-07:00,2026-05-05T23:39:46-07:00,2,6
proj3/project3.js,244,js,371c900d,JingwenGu0829,2026-05-05,23:39:46,-07:00,2026-05-05T23:39:46-07:00,2,25
proj3/project3.js,245,js,371c900d,JingwenGu0829,2026-05-05,23:39:46,-07:00,2026-05-05T23:39:46-07:00,2,75
proj3/project3.js,246,js,371c900d,JingwenGu0829,2026-05-05,23:39:46,-07:00,2026-05-05T23:39:46-07:00,0,0
proj3/project3.js,247,js,371c900d,JingwenGu0829,2026-05-05,23:39:46,-07:00,2026-05-05T23:39:46-07:00,1,16
proj3/project3.js,248,js,371c900d,JingwenGu0829,2026-05-05,23:39:46,-07:00,2026-05-05T23:39:46-07:00,2,92
proj3/project3.js,249,js,371c900d,JingwenGu0829,2026-05-05,23:39:46,-07:00,2026-05-05T23:39:46-07:00,2,11
proj3/project3.js,250,js,371c900d,JingwenGu0829,2026-05-05,23:39:46,-07:00,2026-05-05T23:39:46-07:00,0,0
proj3/project3.js,251,js,333a5f8a,JingwenGu0829,2026-05-05,20:48:47,-07:00,2026-05-05T20:48:47-07:00,1,1
proj3/project3.js,252,js,333a5f8a,JingwenGu0829,2026-05-05,20:48:47,-07:00,2026-05-05T20:48:47-07:00,2,10
proj3/project3.js,253,js,333a5f8a,JingwenGu0829,2026-05-05,20:48:47,-07:00,2026-05-05T20:48:47-07:00,2,16
proj3/project3.js,254,js,371c900d,JingwenGu0829,2026-05-05,23:39:46,-07:00,2026-05-05T23:39:46-07:00,2,27
proj3/project3.js,255,js,333a5f8a,JingwenGu0829,2026-05-05,20:48:47,-07:00,2026-05-05T20:48:47-07:00,2,11
proj3/project3.js,256,js,333a5f8a,JingwenGu0829,2026-05-05,20:48:47,-07:00,2026-05-05T20:48:47-07:00,2,26
proj3/project3.js,257,js,371c900d,JingwenGu0829,2026-05-05,23:39:46,-07:00,2026-05-05T23:39:46-07:00,2,81
proj3/project3.js,258,js,371c900d,JingwenGu0829,2026-05-05,23:39:46,-07:00,2026-05-05T23:39:46-07:00,2,28
proj3/project3.js,259,js,333a5f8a,JingwenGu0829,2026-05-05,20:48:47,-07:00,2026-05-05T20:48:47-07:00,2,19
proj3/project3.js,260,js,333a5f8a,JingwenGu0829,2026-05-05,20:48:47,-07:00,2026-05-05T20:48:47-07:00,0,0
proj3/project3.js,261,js,333a5f8a,JingwenGu0829,2026-05-05,20:48:47,-07:00,2026-05-05T20:48:47-07:00,1,24
proj3/project3.js,262,js,333a5f8a,JingwenGu0829,2026-05-05,20:48:47,-07:00,2026-05-05T20:48:47-07:00,0,0
proj3/project3.js,263,js,333a5f8a,JingwenGu0829,2026-05-05,20:48:47,-07:00,2026-05-05T20:48:47-07:00,0,0
proj3/project3.js,264,js,333a5f8a,JingwenGu0829,2026-05-05,20:48:47,-07:00,2026-05-05T20:48:47-07:00,0,34
proj3/project3.js,265,js,333a5f8a,JingwenGu0829,2026-05-05,20:48:47,-07:00,2026-05-05T20:48:47-07:00,1,22
proj3/project3.js,266,js,333a5f8a,JingwenGu0829,2026-05-05,20:48:47,-07:00,2026-05-05T20:48:47-07:00,1,22
proj3/project3.js,267,js,333a5f8a,JingwenGu0829,2026-05-05,20:48:47,-07:00,2026-05-05T20:48:47-07:00,1,33
proj3/project3.js,268,js,333a5f8a,JingwenGu0829,2026-05-05,20:48:47,-07:00,2026-05-05T20:48:47-07:00,1,20
proj3/project3.js,269,js,333a5f8a,JingwenGu0829,2026-05-05,20:48:47,-07:00,2026-05-05T20:48:47-07:00,1,37
proj3/project3.js,270,js,333a5f8a,JingwenGu0829,2026-05-05,20:48:47,-07:00,2026-05-05T20:48:47-07:00,1,30
proj3/project3.js,271,js,333a5f8a,JingwenGu0829,2026-05-05,20:48:47,-07:00,2026-05-05T20:48:47-07:00,1,19
proj3/project3.js,272,js,333a5f8a,JingwenGu0829,2026-05-05,20:48:47,-07:00,2026-05-05T20:48:47-07:00,2,23
proj3/project3.js,273,js,333a5f8a,JingwenGu0829,2026-05-05,20:48:47,-07:00,2026-05-05T20:48:47-07:00,2,21
proj3/project3.js,274,js,333a5f8a,JingwenGu0829,2026-05-05,20:48:47,-07:00,2026-05-05T20:48:47-07:00,2,15
proj3/project3.js,275,js,333a5f8a,JingwenGu0829,2026-05-05,20:48:47,-07:00,2026-05-05T20:48:47-07:00,2,17
proj3/project3.js,276,js,333a5f8a,JingwenGu0829,2026-05-05,20:48:47,-07:00,2026-05-05T20:48:47-07:00,2,15
proj3/project3.js,277,js,333a5f8a,JingwenGu0829,2026-05-05,20:48:47,-07:00,2026-05-05T20:48:47-07:00,2,16
proj3/project3.js,278,js,333a5f8a,JingwenGu0829,2026-05-05,20:48:47,-07:00,2026-05-05T20:48:47-07:00,0,0
proj3/project3.js,279,js,333a5f8a,JingwenGu0829,2026-05-05,20:48:47,-07:00,2026-05-05T20:48:47-07:00,1,50
proj3/project3.js,280,js,333a5f8a,JingwenGu0829,2026-05-05,20:48:47,-07:00,2026-05-05T20:48:47-07:00,1,37
proj3/project3.js,281,js,333a5f8a,JingwenGu0829,2026-05-05,20:48:47,-07:00,2026-05-05T20:48:47-07:00,2,6
proj3/project3.js,282,js,333a5f8a,JingwenGu0829,2026-05-05,20:48:47,-07:00,2026-05-05T20:48:47-07:00,3,13
proj3/project3.js,283,js,333a5f8a,JingwenGu0829,2026-05-05,20:48:47,-07:00,2026-05-05T20:48:47-07:00,3,28
proj3/project3.js,284,js,333a5f8a,JingwenGu0829,2026-05-05,20:48:47,-07:00,2026-05-05T20:48:47-07:00,3,71
proj3/project3.js,285,js,333a5f8a,JingwenGu0829,2026-05-05,20:48:47,-07:00,2026-05-05T20:48:47-07:00,1,1
proj3/project3.js,286,js,333a5f8a,JingwenGu0829,2026-05-05,20:48:47,-07:00,2026-05-05T20:48:47-07:00,0,0
proj3/project3.js,287,js,333a5f8a,JingwenGu0829,2026-05-05,20:48:47,-07:00,2026-05-05T20:48:47-07:00,1,1
proj3/project3.js,288,js,333a5f8a,JingwenGu0829,2026-05-05,20:48:47,-07:00,2026-05-05T20:48:47-07:00,2,13
proj3/project3.js,289,js,333a5f8a,JingwenGu0829,2026-05-05,20:48:47,-07:00,2026-05-05T20:48:47-07:00,2,28
proj3/project3.js,290,js,333a5f8a,JingwenGu0829,2026-05-05,20:48:47,-07:00,2026-05-05T20:48:47-07:00,2,11
proj3/project3.js,291,js,333a5f8a,JingwenGu0829,2026-05-05,20:48:47,-07:00,2026-05-05T20:48:47-07:00,2,16
proj3/project3.js,292,js,333a5f8a,JingwenGu0829,2026-05-05,20:48:47,-07:00,2026-05-05T20:48:47-07:00,2,40
proj3/project3.js,293,js,333a5f8a,JingwenGu0829,2026-05-05,20:48:47,-07:00,2026-05-05T20:48:47-07:00,0,0
proj3/project3.js,294,js,333a5f8a,JingwenGu0829,2026-05-05,20:48:47,-07:00,2026-05-05T20:48:47-07:00,1,1
proj3/project3.js,295,js,333a5f8a,JingwenGu0829,2026-05-05,20:48:47,-07:00,2026-05-05T20:48:47-07:00,2,13
proj3/project3.js,296,js,333a5f8a,JingwenGu0829,2026-05-05,20:48:47,-07:00,2026-05-05T20:48:47-07:00,2,11
proj3/project3.js,297,js,333a5f8a,JingwenGu0829,2026-05-05,20:48:47,-07:00,2026-05-05T20:48:47-07:00,2,11
proj3/project3.js,298,js,333a5f8a,JingwenGu0829,2026-05-05,20:48:47,-07:00,2026-05-05T20:48:47-07:00,2,25
proj3/project3.js,299,js,333a5f8a,JingwenGu0829,2026-05-05,20:48:47,-07:00,2026-05-05T20:48:47-07:00,2,27
proj3/project3.js,300,js,333a5f8a,JingwenGu0829,2026-05-05,20:48:47,-07:00,2026-05-05T20:48:47-07:00,2,12
proj3/project3.js,301,js,333a5f8a,JingwenGu0829,2026-05-05,20:48:47,-07:00,2026-05-05T20:48:47-07:00,2,35
proj3/project3.js,302,js,333a5f8a,JingwenGu0829,2026-05-05,20:48:47,-07:00,2026-05-05T20:48:47-07:00,0,0
proj3/project3.js,303,js,333a5f8a,JingwenGu0829,2026-05-05,20:48:47,-07:00,2026-05-05T20:48:47-07:00,1,94
proj3/project3.js,304,js,333a5f8a,JingwenGu0829,2026-05-05,20:48:47,-07:00,2026-05-05T20:48:47-07:00,1,1
proj3/project3.js,305,js,333a5f8a,JingwenGu0829,2026-05-05,20:48:47,-07:00,2026-05-05T20:48:47-07:00,2,10
proj3/project3.js,306,js,333a5f8a,JingwenGu0829,2026-05-05,20:48:47,-07:00,2026-05-05T20:48:47-07:00,2,32
proj3/project3.js,307,js,333a5f8a,JingwenGu0829,2026-05-05,20:48:47,-07:00,2026-05-05T20:48:47-07:00,2,52
proj3/project3.js,308,js,333a5f8a,JingwenGu0829,2026-05-05,20:48:47,-07:00,2026-05-05T20:48:47-07:00,2,68
proj3/project3.js,309,js,333a5f8a,JingwenGu0829,2026-05-05,20:48:47,-07:00,2026-05-05T20:48:47-07:00,2,41
proj3/project3.js,310,js,371c900d,JingwenGu0829,2026-05-05,23:39:46,-07:00,2026-05-05T23:39:46-07:00,0,0
proj3/project3.js,311,js,371c900d,JingwenGu0829,2026-05-05,23:39:46,-07:00,2026-05-05T23:39:46-07:00,1,27
proj3/project3.js,312,js,371c900d,JingwenGu0829,2026-05-05,23:39:46,-07:00,2026-05-05T23:39:46-07:00,1,20
proj3/project3.js,313,js,371c900d,JingwenGu0829,2026-05-05,23:39:46,-07:00,2026-05-05T23:39:46-07:00,2,10
proj3/project3.js,314,js,371c900d,JingwenGu0829,2026-05-05,23:39:46,-07:00,2026-05-05T23:39:46-07:00,2,27
proj3/project3.js,315,js,371c900d,JingwenGu0829,2026-05-05,23:39:46,-07:00,2026-05-05T23:39:46-07:00,2,51
proj3/project3.js,316,js,371c900d,JingwenGu0829,2026-05-05,23:39:46,-07:00,2026-05-05T23:39:46-07:00,0,0
proj3/project3.js,317,js,371c900d,JingwenGu0829,2026-05-05,23:39:46,-07:00,2026-05-05T23:39:46-07:00,1,8
proj3/project3.js,318,js,371c900d,JingwenGu0829,2026-05-05,23:39:46,-07:00,2026-05-05T23:39:46-07:00,2,13
proj3/project3.js,319,js,371c900d,JingwenGu0829,2026-05-05,23:39:46,-07:00,2026-05-05T23:39:46-07:00,2,28
proj3/project3.js,320,js,371c900d,JingwenGu0829,2026-05-05,23:39:46,-07:00,2026-05-05T23:39:46-07:00,2,11
proj3/project3.js,321,js,371c900d,JingwenGu0829,2026-05-05,23:39:46,-07:00,2026-05-05T23:39:46-07:00,2,12
proj3/project3.js,322,js,371c900d,JingwenGu0829,2026-05-05,23:39:46,-07:00,2026-05-05T23:39:46-07:00,2,19
proj3/project3.js,323,js,371c900d,JingwenGu0829,2026-05-05,23:39:46,-07:00,2026-05-05T23:39:46-07:00,0,0
proj3/project3.js,324,js,371c900d,JingwenGu0829,2026-05-05,23:39:46,-07:00,2026-05-05T23:39:46-07:00,1,8
proj3/project3.js,325,js,371c900d,JingwenGu0829,2026-05-05,23:39:46,-07:00,2026-05-05T23:39:46-07:00,2,18
proj3/project3.js,326,js,371c900d,JingwenGu0829,2026-05-05,23:39:46,-07:00,2026-05-05T23:39:46-07:00,2,15
proj3/project3.js,327,js,371c900d,JingwenGu0829,2026-05-05,23:39:46,-07:00,2026-05-05T23:39:46-07:00,2,13
proj3/project3.js,328,js,371c900d,JingwenGu0829,2026-05-05,23:39:46,-07:00,2026-05-05T23:39:46-07:00,2,32
proj3/project3.js,329,js,371c900d,JingwenGu0829,2026-05-05,23:39:46,-07:00,2026-05-05T23:39:46-07:00,2,13
proj3/project3.js,330,js,371c900d,JingwenGu0829,2026-05-05,23:39:46,-07:00,2026-05-05T23:39:46-07:00,2,38
proj3/project3.js,331,js,371c900d,JingwenGu0829,2026-05-05,23:39:46,-07:00,2026-05-05T23:39:46-07:00,2,37
proj3/project3.js,332,js,371c900d,JingwenGu0829,2026-05-05,23:39:46,-07:00,2026-05-05T23:39:46-07:00,2,41
proj3/project3.js,333,js,371c900d,JingwenGu0829,2026-05-05,23:39:46,-07:00,2026-05-05T23:39:46-07:00,0,0
proj3/project3.js,334,js,371c900d,JingwenGu0829,2026-05-05,23:39:46,-07:00,2026-05-05T23:39:46-07:00,1,8
proj3/project3.js,335,js,371c900d,JingwenGu0829,2026-05-05,23:39:46,-07:00,2026-05-05T23:39:46-07:00,2,22
proj3/project3.js,336,js,371c900d,JingwenGu0829,2026-05-05,23:39:46,-07:00,2026-05-05T23:39:46-07:00,2,15
proj3/project3.js,337,js,371c900d,JingwenGu0829,2026-05-05,23:39:46,-07:00,2026-05-05T23:39:46-07:00,2,11
proj3/project3.js,338,js,371c900d,JingwenGu0829,2026-05-05,23:39:46,-07:00,2026-05-05T23:39:46-07:00,2,34
proj3/project3.js,339,js,371c900d,JingwenGu0829,2026-05-05,23:39:46,-07:00,2026-05-05T23:39:46-07:00,2,31
proj3/project3.js,340,js,371c900d,JingwenGu0829,2026-05-05,23:39:46,-07:00,2026-05-05T23:39:46-07:00,2,12
proj3/project3.js,341,js,371c900d,JingwenGu0829,2026-05-05,23:39:46,-07:00,2026-05-05T23:39:46-07:00,2,28
proj3/project3.js,342,js,371c900d,JingwenGu0829,2026-05-05,23:39:46,-07:00,2026-05-05T23:39:46-07:00,2,21
proj3/project3.js,343,js,333a5f8a,JingwenGu0829,2026-05-05,20:48:47,-07:00,2026-05-05T20:48:47-07:00,0,0
proj3/project3.js,344,js,333a5f8a,JingwenGu0829,2026-05-05,20:48:47,-07:00,2026-05-05T20:48:47-07:00,0,0
proj3/project3.js,345,js,333a5f8a,JingwenGu0829,2026-05-05,20:48:47,-07:00,2026-05-05T20:48:47-07:00,0,24
proj3/project3.js,346,js,333a5f8a,JingwenGu0829,2026-05-05,20:48:47,-07:00,2026-05-05T20:48:47-07:00,1,43
proj3/project3.js,347,js,333a5f8a,JingwenGu0829,2026-05-05,20:48:47,-07:00,2026-05-05T20:48:47-07:00,1,21
proj3/project3.js,348,js,333a5f8a,JingwenGu0829,2026-05-05,20:48:47,-07:00,2026-05-05T20:48:47-07:00,2,15
proj3/project3.js,349,js,333a5f8a,JingwenGu0829,2026-05-05,20:48:47,-07:00,2026-05-05T20:48:47-07:00,3,14
proj3/project3.js,350,js,333a5f8a,JingwenGu0829,2026-05-05,20:48:47,-07:00,2026-05-05T20:48:47-07:00,3,69
proj3/project3.js,351,js,333a5f8a,JingwenGu0829,2026-05-05,20:48:47,-07:00,2026-05-05T20:48:47-07:00,2,1
proj3/project3.js,352,js,333a5f8a,JingwenGu0829,2026-05-05,20:48:47,-07:00,2026-05-05T20:48:47-07:00,2,39
proj3/project3.js,353,js,333a5f8a,JingwenGu0829,2026-05-05,20:48:47,-07:00,2026-05-05T20:48:47-07:00,1,50
proj3/project3.js,354,js,333a5f8a,JingwenGu0829,2026-05-05,20:48:47,-07:00,2026-05-05T20:48:47-07:00,1,43
proj3/project3.js,355,js,333a5f8a,JingwenGu0829,2026-05-05,20:48:47,-07:00,2026-05-05T20:48:47-07:00,0,0
proj3/project3.js,356,js,333a5f8a,JingwenGu0829,2026-05-05,20:48:47,-07:00,2026-05-05T20:48:47-07:00,1,71
proj3/project3.js,357,js,333a5f8a,JingwenGu0829,2026-05-05,20:48:47,-07:00,2026-05-05T20:48:47-07:00,2,8
proj3/project3.js,358,js,371c900d,JingwenGu0829,2026-05-05,23:39:46,-07:00,2026-05-05T23:39:46-07:00,1,69
proj3/project3.js,359,js,333a5f8a,JingwenGu0829,2026-05-05,20:48:47,-07:00,2026-05-05T20:48:47-07:00,2,3
proj3/project3.js,360,js,333a5f8a,JingwenGu0829,2026-05-05,20:48:47,-07:00,2026-05-05T20:48:47-07:00,1,62
proj3/project3.js,361,js,333a5f8a,JingwenGu0829,2026-05-05,20:48:47,-07:00,2026-05-05T20:48:47-07:00,0,0
proj3/project3.js,362,js,333a5f8a,JingwenGu0829,2026-05-05,20:48:47,-07:00,2026-05-05T20:48:47-07:00,0,0
proj3/project3.js,363,js,333a5f8a,JingwenGu0829,2026-05-05,20:48:47,-07:00,2026-05-05T20:48:47-07:00,0,24
proj3/project3.js,364,js,333a5f8a,JingwenGu0829,2026-05-05,20:48:47,-07:00,2026-05-05T20:48:47-07:00,1,54
proj3/project3.js,365,js,333a5f8a,JingwenGu0829,2026-05-05,20:48:47,-07:00,2026-05-05T20:48:47-07:00,0,0
proj3/project3.js,366,js,333a5f8a,JingwenGu0829,2026-05-05,20:48:47,-07:00,2026-05-05T20:48:47-07:00,0,0
proj3/project3.js,367,js,333a5f8a,JingwenGu0829,2026-05-05,20:48:47,-07:00,2026-05-05T20:48:47-07:00,0,39
proj3/project3.js,368,js,333a5f8a,JingwenGu0829,2026-05-05,20:48:47,-07:00,2026-05-05T20:48:47-07:00,1,51
proj3/project3.js,369,js,333a5f8a,JingwenGu0829,2026-05-05,20:48:47,-07:00,2026-05-05T20:48:47-07:00,0,0
proj3/project3.js,370,js,333a5f8a,JingwenGu0829,2026-05-05,20:48:47,-07:00,2026-05-05T20:48:47-07:00,0,0
proj3/project3.js,371,js,333a5f8a,JingwenGu0829,2026-05-05,20:48:47,-07:00,2026-05-05T20:48:47-07:00,0,46
proj3/project3.js,372,js,333a5f8a,JingwenGu0829,2026-05-05,20:48:47,-07:00,2026-05-05T20:48:47-07:00,1,23
proj3/project3.js,373,js,333a5f8a,JingwenGu0829,2026-05-05,20:48:47,-07:00,2026-05-05T20:48:47-07:00,2,35
proj3/project3.js,374,js,333a5f8a,JingwenGu0829,2026-05-05,20:48:47,-07:00,2026-05-05T20:48:47-07:00,2,2
proj3/project3.js,375,js,333a5f8a,JingwenGu0829,2026-05-05,20:48:47,-07:00,2026-05-05T20:48:47-07:00,3,10
proj3/project3.js,376,js,333a5f8a,JingwenGu0829,2026-05-05,20:48:47,-07:00,2026-05-05T20:48:47-07:00,4,3
proj3/project3.js,377,js,333a5f8a,JingwenGu0829,2026-05-05,20:48:47,-07:00,2026-05-05T20:48:47-07:00,5,17
proj3/project3.js,378,js,333a5f8a,JingwenGu0829,2026-05-05,20:48:47,-07:00,2026-05-05T20:48:47-07:00,6,75
proj3/project3.js,379,js,333a5f8a,JingwenGu0829,2026-05-05,20:48:47,-07:00,2026-05-05T20:48:47-07:00,4,0
proj3/project3.js,380,js,333a5f8a,JingwenGu0829,2026-05-05,20:48:47,-07:00,2026-05-05T20:48:47-07:00,4,8
proj3/project3.js,381,js,333a5f8a,JingwenGu0829,2026-05-05,20:48:47,-07:00,2026-05-05T20:48:47-07:00,2,3
proj3/project3.js,382,js,333a5f8a,JingwenGu0829,2026-05-05,20:48:47,-07:00,2026-05-05T20:48:47-07:00,1,0
proj3/project3.js,383,js,333a5f8a,JingwenGu0829,2026-05-05,20:48:47,-07:00,2026-05-05T20:48:47-07:00,1,44
proj3/project3.js,384,js,333a5f8a,JingwenGu0829,2026-05-05,20:48:47,-07:00,2026-05-05T20:48:47-07:00,1,43
proj3/project3.js,385,js,333a5f8a,JingwenGu0829,2026-05-05,20:48:47,-07:00,2026-05-05T20:48:47-07:00,1,30
proj3/project3.js,386,js,333a5f8a,JingwenGu0829,2026-05-05,20:48:47,-07:00,2026-05-05T20:48:47-07:00,0,0
proj3/project3.js,387,js,333a5f8a,JingwenGu0829,2026-05-05,20:48:47,-07:00,2026-05-05T20:48:47-07:00,0,0
proj3/project3.js,388,js,333a5f8a,JingwenGu0829,2026-05-05,20:48:47,-07:00,2026-05-05T20:48:47-07:00,0,22
proj3/project3.js,389,js,333a5f8a,JingwenGu0829,2026-05-05,20:48:47,-07:00,2026-05-05T20:48:47-07:00,1,30
proj3/project3.js,390,js,333a5f8a,JingwenGu0829,2026-05-05,20:48:47,-07:00,2026-05-05T20:48:47-07:00,0,0
proj3/project3.js,391,js,333a5f8a,JingwenGu0829,2026-05-05,20:48:47,-07:00,2026-05-05T20:48:47-07:00,0,0
proj3/project3.js,392,js,333a5f8a,JingwenGu0829,2026-05-05,20:48:47,-07:00,2026-05-05T20:48:47-07:00,0,26
proj3/project3.js,393,js,333a5f8a,JingwenGu0829,2026-05-05,20:48:47,-07:00,2026-05-05T20:48:47-07:00,1,10
proj3/project3.js,394,js,333a5f8a,JingwenGu0829,2026-05-05,20:48:47,-07:00,2026-05-05T20:48:47-07:00,2,23
proj3/project3.js,395,js,333a5f8a,JingwenGu0829,2026-05-05,20:48:47,-07:00,2026-05-05T20:48:47-07:00,2,22
proj3/project3.js,396,js,333a5f8a,JingwenGu0829,2026-05-05,20:48:47,-07:00,2026-05-05T20:48:47-07:00,2,22
proj3/project3.js,397,js,333a5f8a,JingwenGu0829,2026-05-05,20:48:47,-07:00,2026-05-05T20:48:47-07:00,2,24
proj3/project3.js,398,js,333a5f8a,JingwenGu0829,2026-05-05,20:48:47,-07:00,2026-05-05T20:48:47-07:00,2,25
proj3/project3.js,399,js,333a5f8a,JingwenGu0829,2026-05-05,20:48:47,-07:00,2026-05-05T20:48:47-07:00,0,0
proj3/project3.css,1,css,333a5f8a,JingwenGu0829,2026-05-05,20:48:47,-07:00,2026-05-05T20:48:47-07:00,0,14
proj3/project3.css,2,css,333a5f8a,JingwenGu0829,2026-05-05,20:48:47,-07:00,2026-05-05T20:48:47-07:00,1,16
proj3/project3.css,3,css,333a5f8a,JingwenGu0829,2026-05-05,20:48:47,-07:00,2026-05-05T20:48:47-07:00,0,0
proj3/project3.css,4,css,333a5f8a,JingwenGu0829,2026-05-05,20:48:47,-07:00,2026-05-05T20:48:47-07:00,0,0
proj3/project3.css,5,css,333a5f8a,JingwenGu0829,2026-05-05,20:48:47,-07:00,2026-05-05T20:48:47-07:00,0,9
proj3/project3.css,6,css,333a5f8a,JingwenGu0829,2026-05-05,20:48:47,-07:00,2026-05-05T20:48:47-07:00,1,11
proj3/project3.css,7,css,333a5f8a,JingwenGu0829,2026-05-05,20:48:47,-07:00,2026-05-05T20:48:47-07:00,0,0
proj3/project3.css,8,css,333a5f8a,JingwenGu0829,2026-05-05,20:48:47,-07:00,2026-05-05T20:48:47-07:00,0,0
proj3/project3.css,9,css,333a5f8a,JingwenGu0829,2026-05-05,20:48:47,-07:00,2026-05-05T20:48:47-07:00,0,10
proj3/project3.css,10,css,333a5f8a,JingwenGu0829,2026-05-05,20:48:47,-07:00,2026-05-05T20:48:47-07:00,1,12
proj3/project3.css,11,css,333a5f8a,JingwenGu0829,2026-05-05,20:48:47,-07:00,2026-05-05T20:48:47-07:00,1,11
proj3/project3.css,12,css,333a5f8a,JingwenGu0829,2026-05-05,20:48:47,-07:00,2026-05-05T20:48:47-07:00,1,18
proj3/project3.css,13,css,333a5f8a,JingwenGu0829,2026-05-05,20:48:47,-07:00,2026-05-05T20:48:47-07:00,0,0
proj3/project3.css,14,css,333a5f8a,JingwenGu0829,2026-05-05,20:48:47,-07:00,2026-05-05T20:48:47-07:00,0,0
proj3/project3.css,15,css,333a5f8a,JingwenGu0829,2026-05-05,20:48:47,-07:00,2026-05-05T20:48:47-07:00,0,13
proj3/project3.css,16,css,333a5f8a,JingwenGu0829,2026-05-05,20:48:47,-07:00,2026-05-05T20:48:47-07:00,1,21
proj3/project3.css,17,css,333a5f8a,JingwenGu0829,2026-05-05,20:48:47,-07:00,2026-05-05T20:48:47-07:00,1,34
proj3/project3.css,18,css,333a5f8a,JingwenGu0829,2026-05-05,20:48:47,-07:00,2026-05-05T20:48:47-07:00,0,0
proj3/project3.css,19,css,333a5f8a,JingwenGu0829,2026-05-05,20:48:47,-07:00,2026-05-05T20:48:47-07:00,0,0
proj3/project3.css,20,css,333a5f8a,JingwenGu0829,2026-05-05,20:48:47,-07:00,2026-05-05T20:48:47-07:00,0,16
proj3/project3.css,21,css,333a5f8a,JingwenGu0829,2026-05-05,20:48:47,-07:00,2026-05-05T20:48:47-07:00,1,14
proj3/project3.css,22,css,333a5f8a,JingwenGu0829,2026-05-05,20:48:47,-07:00,2026-05-05T20:48:47-07:00,1,8
proj3/project3.css,23,css,333a5f8a,JingwenGu0829,2026-05-05,20:48:47,-07:00,2026-05-05T20:48:47-07:00,0,0
proj3/project3.css,24,css,333a5f8a,JingwenGu0829,2026-05-05,20:48:47,-07:00,2026-05-05T20:48:47-07:00,0,0
proj3/project3.css,25,css,333a5f8a,JingwenGu0829,2026-05-05,20:48:47,-07:00,2026-05-05T20:48:47-07:00,0,16
proj3/project3.css,26,css,333a5f8a,JingwenGu0829,2026-05-05,20:48:47,-07:00,2026-05-05T20:48:47-07:00,0,11
proj3/project3.css,27,css,333a5f8a,JingwenGu0829,2026-05-05,20:48:47,-07:00,2026-05-05T20:48:47-07:00,1,12
proj3/project3.css,28,css,333a5f8a,JingwenGu0829,2026-05-05,20:48:47,-07:00,2026-05-05T20:48:47-07:00,1,8
proj3/project3.css,29,css,333a5f8a,JingwenGu0829,2026-05-05,20:48:47,-07:00,2026-05-05T20:48:47-07:00,1,12
proj3/project3.css,30,css,333a5f8a,JingwenGu0829,2026-05-05,20:48:47,-07:00,2026-05-05T20:48:47-07:00,1,36
proj3/project3.css,31,css,333a5f8a,JingwenGu0829,2026-05-05,20:48:47,-07:00,2026-05-05T20:48:47-07:00,1,17
proj3/project3.css,32,css,333a5f8a,JingwenGu0829,2026-05-05,20:48:47,-07:00,2026-05-05T20:48:47-07:00,1,52
proj3/project3.css,33,css,333a5f8a,JingwenGu0829,2026-05-05,20:48:47,-07:00,2026-05-05T20:48:47-07:00,0,0
proj3/project3.css,34,css,333a5f8a,JingwenGu0829,2026-05-05,20:48:47,-07:00,2026-05-05T20:48:47-07:00,0,0
proj3/project3.css,35,css,333a5f8a,JingwenGu0829,2026-05-05,20:48:47,-07:00,2026-05-05T20:48:47-07:00,0,9
proj3/project3.css,36,css,333a5f8a,JingwenGu0829,2026-05-05,20:48:47,-07:00,2026-05-05T20:48:47-07:00,1,12
proj3/project3.css,37,css,333a5f8a,JingwenGu0829,2026-05-05,20:48:47,-07:00,2026-05-05T20:48:47-07:00,1,29
proj3/project3.css,38,css,333a5f8a,JingwenGu0829,2026-05-05,20:48:47,-07:00,2026-05-05T20:48:47-07:00,1,17
proj3/project3.css,39,css,333a5f8a,JingwenGu0829,2026-05-05,20:48:47,-07:00,2026-05-05T20:48:47-07:00,1,8
proj3/project3.css,40,css,333a5f8a,JingwenGu0829,2026-05-05,20:48:47,-07:00,2026-05-05T20:48:47-07:00,0,0
proj3/project3.css,41,css,333a5f8a,JingwenGu0829,2026-05-05,20:48:47,-07:00,2026-05-05T20:48:47-07:00,0,0
proj3/project3.css,42,css,333a5f8a,JingwenGu0829,2026-05-05,20:48:47,-07:00,2026-05-05T20:48:47-07:00,0,11
proj3/project3.css,43,css,333a5f8a,JingwenGu0829,2026-05-05,20:48:47,-07:00,2026-05-05T20:48:47-07:00,0,15
proj3/project3.css,44,css,333a5f8a,JingwenGu0829,2026-05-05,20:48:47,-07:00,2026-05-05T20:48:47-07:00,0,13
proj3/project3.css,45,css,333a5f8a,JingwenGu0829,2026-05-05,20:48:47,-07:00,2026-05-05T20:48:47-07:00,0,14
proj3/project3.css,46,css,333a5f8a,JingwenGu0829,2026-05-05,20:48:47,-07:00,2026-05-05T20:48:47-07:00,1,21
proj3/project3.css,47,css,333a5f8a,JingwenGu0829,2026-05-05,20:48:47,-07:00,2026-05-05T20:48:47-07:00,0,0
proj3/project3.css,48,css,333a5f8a,JingwenGu0829,2026-05-05,20:48:47,-07:00,2026-05-05T20:48:47-07:00,0,0
proj3/project3.css,49,css,333a5f8a,JingwenGu0829,2026-05-05,20:48:47,-07:00,2026-05-05T20:48:47-07:00,0,10
proj3/project3.css,50,css,333a5f8a,JingwenGu0829,2026-05-05,20:48:47,-07:00,2026-05-05T20:48:47-07:00,0,9
proj3/project3.css,51,css,333a5f8a,JingwenGu0829,2026-05-05,20:48:47,-07:00,2026-05-05T20:48:47-07:00,0,12
proj3/project3.css,52,css,333a5f8a,JingwenGu0829,2026-05-05,20:48:47,-07:00,2026-05-05T20:48:47-07:00,1,24
proj3/project3.css,53,css,333a5f8a,JingwenGu0829,2026-05-05,20:48:47,-07:00,2026-05-05T20:48:47-07:00,0,0
proj3/project3.css,54,css,333a5f8a,JingwenGu0829,2026-05-05,20:48:47,-07:00,2026-05-05T20:48:47-07:00,0,0
proj3/project3.css,55,css,333a5f8a,JingwenGu0829,2026-05-05,20:48:47,-07:00,2026-05-05T20:48:47-07:00,0,10
proj3/project3.css,56,css,333a5f8a,JingwenGu0829,2026-05-05,20:48:47,-07:00,2026-05-05T20:48:47-07:00,0,11
proj3/project3.css,57,css,333a5f8a,JingwenGu0829,2026-05-05,20:48:47,-07:00,2026-05-05T20:48:47-07:00,0,12
proj3/project3.css,58,css,333a5f8a,JingwenGu0829,2026-05-05,20:48:47,-07:00,2026-05-05T20:48:47-07:00,1,8
proj3/project3.css,59,css,333a5f8a,JingwenGu0829,2026-05-05,20:48:47,-07:00,2026-05-05T20:48:47-07:00,0,0
proj3/project3.css,60,css,333a5f8a,JingwenGu0829,2026-05-05,20:48:47,-07:00,2026-05-05T20:48:47-07:00,0,0
proj3/project3.css,61,css,333a5f8a,JingwenGu0829,2026-05-05,20:48:47,-07:00,2026-05-05T20:48:47-07:00,0,10
proj3/project3.css,62,css,333a5f8a,JingwenGu0829,2026-05-05,20:48:47,-07:00,2026-05-05T20:48:47-07:00,1,13
proj3/project3.css,63,css,333a5f8a,JingwenGu0829,2026-05-05,20:48:47,-07:00,2026-05-05T20:48:47-07:00,1,18
proj3/project3.css,64,css,333a5f8a,JingwenGu0829,2026-05-05,20:48:47,-07:00,2026-05-05T20:48:47-07:00,1,16
proj3/project3.css,65,css,333a5f8a,JingwenGu0829,2026-05-05,20:48:47,-07:00,2026-05-05T20:48:47-07:00,0,0
proj3/project3.css,66,css,333a5f8a,JingwenGu0829,2026-05-05,20:48:47,-07:00,2026-05-05T20:48:47-07:00,0,0
proj3/project3.css,67,css,333a5f8a,JingwenGu0829,2026-05-05,20:48:47,-07:00,2026-05-05T20:48:47-07:00,0,14
proj3/project3.css,68,css,333a5f8a,JingwenGu0829,2026-05-05,20:48:47,-07:00,2026-05-05T20:48:47-07:00,1,12
proj3/project3.css,69,css,333a5f8a,JingwenGu0829,2026-05-05,20:48:47,-07:00,2026-05-05T20:48:47-07:00,1,42
proj3/project3.css,70,css,333a5f8a,JingwenGu0829,2026-05-05,20:48:47,-07:00,2026-05-05T20:48:47-07:00,1,8
proj3/project3.css,71,css,333a5f8a,JingwenGu0829,2026-05-05,20:48:47,-07:00,2026-05-05T20:48:47-07:00,1,19
proj3/project3.css,72,css,333a5f8a,JingwenGu0829,2026-05-05,20:48:47,-07:00,2026-05-05T20:48:47-07:00,0,0
proj3/project3.css,73,css,333a5f8a,JingwenGu0829,2026-05-05,20:48:47,-07:00,2026-05-05T20:48:47-07:00,0,0
proj3/project3.css,74,css,333a5f8a,JingwenGu0829,2026-05-05,20:48:47,-07:00,2026-05-05T20:48:47-07:00,0,10
proj3/project3.css,75,css,333a5f8a,JingwenGu0829,2026-05-05,20:48:47,-07:00,2026-05-05T20:48:47-07:00,1,11
proj3/project3.css,76,css,333a5f8a,JingwenGu0829,2026-05-05,20:48:47,-07:00,2026-05-05T20:48:47-07:00,1,17
proj3/project3.css,77,css,333a5f8a,JingwenGu0829,2026-05-05,20:48:47,-07:00,2026-05-05T20:48:47-07:00,1,9
proj3/project3.css,78,css,333a5f8a,JingwenGu0829,2026-05-05,20:48:47,-07:00,2026-05-05T20:48:47-07:00,2,76
proj3/project3.css,79,css,333a5f8a,JingwenGu0829,2026-05-05,20:48:47,-07:00,2026-05-05T20:48:47-07:00,2,53
proj3/project3.css,80,css,333a5f8a,JingwenGu0829,2026-05-05,20:48:47,-07:00,2026-05-05T20:48:47-07:00,1,15
proj3/project3.css,81,css,333a5f8a,JingwenGu0829,2026-05-05,20:48:47,-07:00,2026-05-05T20:48:47-07:00,0,0
proj3/project3.css,82,css,333a5f8a,JingwenGu0829,2026-05-05,20:48:47,-07:00,2026-05-05T20:48:47-07:00,0,0
proj3/project3.css,83,css,371c900d,JingwenGu0829,2026-05-05,23:39:46,-07:00,2026-05-05T23:39:46-07:00,0,15
proj3/project3.css,84,css,333a5f8a,JingwenGu0829,2026-05-05,20:48:47,-07:00,2026-05-05T20:48:47-07:00,1,13
proj3/project3.css,85,css,333a5f8a,JingwenGu0829,2026-05-05,20:48:47,-07:00,2026-05-05T20:48:47-07:00,1,10
proj3/project3.css,86,css,333a5f8a,JingwenGu0829,2026-05-05,20:48:47,-07:00,2026-05-05T20:48:47-07:00,1,11
proj3/project3.css,87,css,333a5f8a,JingwenGu0829,2026-05-05,20:48:47,-07:00,2026-05-05T20:48:47-07:00,0,0
proj3/project3.css,88,css,333a5f8a,JingwenGu0829,2026-05-05,20:48:47,-07:00,2026-05-05T20:48:47-07:00,0,0
proj3/project3.css,89,css,333a5f8a,JingwenGu0829,2026-05-05,20:48:47,-07:00,2026-05-05T20:48:47-07:00,0,13
proj3/project3.css,90,css,333a5f8a,JingwenGu0829,2026-05-05,20:48:47,-07:00,2026-05-05T20:48:47-07:00,1,12
proj3/project3.css,91,css,333a5f8a,JingwenGu0829,2026-05-05,20:48:47,-07:00,2026-05-05T20:48:47-07:00,1,19
proj3/project3.css,92,css,333a5f8a,JingwenGu0829,2026-05-05,20:48:47,-07:00,2026-05-05T20:48:47-07:00,1,8
proj3/project3.css,93,css,333a5f8a,JingwenGu0829,2026-05-05,20:48:47,-07:00,2026-05-05T20:48:47-07:00,1,12
proj3/project3.css,94,css,333a5f8a,JingwenGu0829,2026-05-05,20:48:47,-07:00,2026-05-05T20:48:47-07:00,1,36
proj3/project3.css,95,css,333a5f8a,JingwenGu0829,2026-05-05,20:48:47,-07:00,2026-05-05T20:48:47-07:00,1,17
proj3/project3.css,96,css,333a5f8a,JingwenGu0829,2026-05-05,20:48:47,-07:00,2026-05-05T20:48:47-07:00,1,9
proj3/project3.css,97,css,333a5f8a,JingwenGu0829,2026-05-05,20:48:47,-07:00,2026-05-05T20:48:47-07:00,2,14
proj3/project3.css,98,css,333a5f8a,JingwenGu0829,2026-05-05,20:48:47,-07:00,2026-05-05T20:48:47-07:00,3,5
proj3/project3.css,99,css,333a5f8a,JingwenGu0829,2026-05-05,20:48:47,-07:00,2026-05-05T20:48:47-07:00,3,40
proj3/project3.css,100,css,333a5f8a,JingwenGu0829,2026-05-05,20:48:47,-07:00,2026-05-05T20:48:47-07:00,3,41
proj3/project3.css,101,css,333a5f8a,JingwenGu0829,2026-05-05,20:48:47,-07:00,2026-05-05T20:48:47-07:00,2,0
proj3/project3.css,102,css,333a5f8a,JingwenGu0829,2026-05-05,20:48:47,-07:00,2026-05-05T20:48:47-07:00,0,0
proj3/project3.css,103,css,333a5f8a,JingwenGu0829,2026-05-05,20:48:47,-07:00,2026-05-05T20:48:47-07:00,0,0
proj3/project3.css,104,css,333a5f8a,JingwenGu0829,2026-05-05,20:48:47,-07:00,2026-05-05T20:48:47-07:00,0,17
proj3/project3.css,105,css,333a5f8a,JingwenGu0829,2026-05-05,20:48:47,-07:00,2026-05-05T20:48:47-07:00,1,12
proj3/project3.css,106,css,333a5f8a,JingwenGu0829,2026-05-05,20:48:47,-07:00,2026-05-05T20:48:47-07:00,1,11
proj3/project3.css,107,css,333a5f8a,JingwenGu0829,2026-05-05,20:48:47,-07:00,2026-05-05T20:48:47-07:00,0,0
proj3/project3.css,108,css,333a5f8a,JingwenGu0829,2026-05-05,20:48:47,-07:00,2026-05-05T20:48:47-07:00,0,0
proj3/project3.css,109,css,333a5f8a,JingwenGu0829,2026-05-05,20:48:47,-07:00,2026-05-05T20:48:47-07:00,0,16
proj3/project3.css,110,css,333a5f8a,JingwenGu0829,2026-05-05,20:48:47,-07:00,2026-05-05T20:48:47-07:00,1,16
proj3/project3.css,111,css,333a5f8a,JingwenGu0829,2026-05-05,20:48:47,-07:00,2026-05-05T20:48:47-07:00,1,20
proj3/project3.css,112,css,333a5f8a,JingwenGu0829,2026-05-05,20:48:47,-07:00,2026-05-05T20:48:47-07:00,1,12
proj3/project3.css,113,css,333a5f8a,JingwenGu0829,2026-05-05,20:48:47,-07:00,2026-05-05T20:48:47-07:00,1,11
proj3/project3.css,114,css,333a5f8a,JingwenGu0829,2026-05-05,20:48:47,-07:00,2026-05-05T20:48:47-07:00,1,22
proj3/project3.css,115,css,333a5f8a,JingwenGu0829,2026-05-05,20:48:47,-07:00,2026-05-05T20:48:47-07:00,1,36
proj3/project3.css,116,css,333a5f8a,JingwenGu0829,2026-05-05,20:48:47,-07:00,2026-05-05T20:48:47-07:00,1,17
proj3/project3.css,117,css,333a5f8a,JingwenGu0829,2026-05-05,20:48:47,-07:00,2026-05-05T20:48:47-07:00,1,17
proj3/project3.css,118,css,333a5f8a,JingwenGu0829,2026-05-05,20:48:47,-07:00,2026-05-05T20:48:47-07:00,1,23
proj3/project3.css,119,css,333a5f8a,JingwenGu0829,2026-05-05,20:48:47,-07:00,2026-05-05T20:48:47-07:00,1,15
proj3/project3.css,120,css,333a5f8a,JingwenGu0829,2026-05-05,20:48:47,-07:00,2026-05-05T20:48:47-07:00,0,0
proj3/project3.css,121,css,333a5f8a,JingwenGu0829,2026-05-05,20:48:47,-07:00,2026-05-05T20:48:47-07:00,0,0
proj3/project3.css,122,css,333a5f8a,JingwenGu0829,2026-05-05,20:48:47,-07:00,2026-05-05T20:48:47-07:00,0,23
proj3/project3.css,123,css,333a5f8a,JingwenGu0829,2026-05-05,20:48:47,-07:00,2026-05-05T20:48:47-07:00,1,17
proj3/project3.css,124,css,333a5f8a,JingwenGu0829,2026-05-05,20:48:47,-07:00,2026-05-05T20:48:47-07:00,0,0
proj3/project3.css,125,css,333a5f8a,JingwenGu0829,2026-05-05,20:48:47,-07:00,2026-05-05T20:48:47-07:00,0,0
proj3/project3.css,126,css,333a5f8a,JingwenGu0829,2026-05-05,20:48:47,-07:00,2026-05-05T20:48:47-07:00,0,21
proj3/project3.css,127,css,333a5f8a,JingwenGu0829,2026-05-05,20:48:47,-07:00,2026-05-05T20:48:47-07:00,1,62
proj3/project3.css,128,css,333a5f8a,JingwenGu0829,2026-05-05,20:48:47,-07:00,2026-05-05T20:48:47-07:00,1,15
proj3/project3.css,129,css,333a5f8a,JingwenGu0829,2026-05-05,20:48:47,-07:00,2026-05-05T20:48:47-07:00,0,0
proj3/project3.css,130,css,333a5f8a,JingwenGu0829,2026-05-05,20:48:47,-07:00,2026-05-05T20:48:47-07:00,0,0
proj3/project3.css,131,css,333a5f8a,JingwenGu0829,2026-05-05,20:48:47,-07:00,2026-05-05T20:48:47-07:00,0,22
proj3/project3.css,132,css,333a5f8a,JingwenGu0829,2026-05-05,20:48:47,-07:00,2026-05-05T20:48:47-07:00,1,24
proj3/project3.css,133,css,333a5f8a,JingwenGu0829,2026-05-05,20:48:47,-07:00,2026-05-05T20:48:47-07:00,1,17
proj3/project3.css,134,css,333a5f8a,JingwenGu0829,2026-05-05,20:48:47,-07:00,2026-05-05T20:48:47-07:00,0,0
proj3/project3.css,135,css,333a5f8a,JingwenGu0829,2026-05-05,20:48:47,-07:00,2026-05-05T20:48:47-07:00,0,0
proj3/project3.css,136,css,333a5f8a,JingwenGu0829,2026-05-05,20:48:47,-07:00,2026-05-05T20:48:47-07:00,0,37
proj3/project3.css,137,css,333a5f8a,JingwenGu0829,2026-05-05,20:48:47,-07:00,2026-05-05T20:48:47-07:00,1,57
proj3/project3.css,138,css,333a5f8a,JingwenGu0829,2026-05-05,20:48:47,-07:00,2026-05-05T20:48:47-07:00,1,9
proj3/project3.css,139,css,333a5f8a,JingwenGu0829,2026-05-05,20:48:47,-07:00,2026-05-05T20:48:47-07:00,2,14
proj3/project3.css,140,css,333a5f8a,JingwenGu0829,2026-05-05,20:48:47,-07:00,2026-05-05T20:48:47-07:00,3,5
proj3/project3.css,141,css,333a5f8a,JingwenGu0829,2026-05-05,20:48:47,-07:00,2026-05-05T20:48:47-07:00,3,39
proj3/project3.css,142,css,333a5f8a,JingwenGu0829,2026-05-05,20:48:47,-07:00,2026-05-05T20:48:47-07:00,3,38
proj3/project3.css,143,css,333a5f8a,JingwenGu0829,2026-05-05,20:48:47,-07:00,2026-05-05T20:48:47-07:00,2,0
proj3/project3.css,144,css,333a5f8a,JingwenGu0829,2026-05-05,20:48:47,-07:00,2026-05-05T20:48:47-07:00,1,71
proj3/project3.css,145,css,333a5f8a,JingwenGu0829,2026-05-05,20:48:47,-07:00,2026-05-05T20:48:47-07:00,0,0
proj3/project3.css,146,css,333a5f8a,JingwenGu0829,2026-05-05,20:48:47,-07:00,2026-05-05T20:48:47-07:00,0,0
proj3/project3.css,147,css,333a5f8a,JingwenGu0829,2026-05-05,20:48:47,-07:00,2026-05-05T20:48:47-07:00,0,13
proj3/project3.css,148,css,333a5f8a,JingwenGu0829,2026-05-05,20:48:47,-07:00,2026-05-05T20:48:47-07:00,1,12
proj3/project3.css,149,css,333a5f8a,JingwenGu0829,2026-05-05,20:48:47,-07:00,2026-05-05T20:48:47-07:00,1,11
proj3/project3.css,150,css,333a5f8a,JingwenGu0829,2026-05-05,20:48:47,-07:00,2026-05-05T20:48:47-07:00,0,0
proj3/project3.css,151,css,333a5f8a,JingwenGu0829,2026-05-05,20:48:47,-07:00,2026-05-05T20:48:47-07:00,0,0
proj3/project3.css,152,css,333a5f8a,JingwenGu0829,2026-05-05,20:48:47,-07:00,2026-05-05T20:48:47-07:00,0,18
proj3/project3.css,153,css,333a5f8a,JingwenGu0829,2026-05-05,20:48:47,-07:00,2026-05-05T20:48:47-07:00,1,15
proj3/project3.css,154,css,333a5f8a,JingwenGu0829,2026-05-05,20:48:47,-07:00,2026-05-05T20:48:47-07:00,0,0
proj3/project3.css,155,css,333a5f8a,JingwenGu0829,2026-05-05,20:48:47,-07:00,2026-05-05T20:48:47-07:00,0,0
proj3/project3.css,156,css,333a5f8a,JingwenGu0829,2026-05-05,20:48:47,-07:00,2026-05-05T20:48:47-07:00,0,19
proj3/project3.css,157,css,333a5f8a,JingwenGu0829,2026-05-05,20:48:47,-07:00,2026-05-05T20:48:47-07:00,1,10
proj3/project3.css,158,css,333a5f8a,JingwenGu0829,2026-05-05,20:48:47,-07:00,2026-05-05T20:48:47-07:00,0,0
proj3/project3.css,159,css,333a5f8a,JingwenGu0829,2026-05-05,20:48:47,-07:00,2026-05-05T20:48:47-07:00,0,0
proj3/project3.css,160,css,333a5f8a,JingwenGu0829,2026-05-05,20:48:47,-07:00,2026-05-05T20:48:47-07:00,0,20
proj3/project3.css,161,css,333a5f8a,JingwenGu0829,2026-05-05,20:48:47,-07:00,2026-05-05T20:48:47-07:00,1,22
proj3/project3.css,162,css,333a5f8a,JingwenGu0829,2026-05-05,20:48:47,-07:00,2026-05-05T20:48:47-07:00,1,36
proj3/project3.css,163,css,333a5f8a,JingwenGu0829,2026-05-05,20:48:47,-07:00,2026-05-05T20:48:47-07:00,1,17
proj3/project3.css,164,css,333a5f8a,JingwenGu0829,2026-05-05,20:48:47,-07:00,2026-05-05T20:48:47-07:00,1,17
proj3/project3.css,165,css,333a5f8a,JingwenGu0829,2026-05-05,20:48:47,-07:00,2026-05-05T20:48:47-07:00,1,17
proj3/project3.css,166,css,333a5f8a,JingwenGu0829,2026-05-05,20:48:47,-07:00,2026-05-05T20:48:47-07:00,1,15
proj3/project3.css,167,css,333a5f8a,JingwenGu0829,2026-05-05,20:48:47,-07:00,2026-05-05T20:48:47-07:00,1,17
proj3/project3.css,168,css,333a5f8a,JingwenGu0829,2026-05-05,20:48:47,-07:00,2026-05-05T20:48:47-07:00,0,0
proj3/project3.css,169,css,333a5f8a,JingwenGu0829,2026-05-05,20:48:47,-07:00,2026-05-05T20:48:47-07:00,0,0
proj3/project3.css,170,css,333a5f8a,JingwenGu0829,2026-05-05,20:48:47,-07:00,2026-05-05T20:48:47-07:00,0,12
proj3/project3.css,171,css,333a5f8a,JingwenGu0829,2026-05-05,20:48:47,-07:00,2026-05-05T20:48:47-07:00,1,15
proj3/project3.css,172,css,333a5f8a,JingwenGu0829,2026-05-05,20:48:47,-07:00,2026-05-05T20:48:47-07:00,1,29
proj3/project3.css,173,css,333a5f8a,JingwenGu0829,2026-05-05,20:48:47,-07:00,2026-05-05T20:48:47-07:00,1,25
proj3/project3.css,174,css,333a5f8a,JingwenGu0829,2026-05-05,20:48:47,-07:00,2026-05-05T20:48:47-07:00,1,51
proj3/project3.css,175,css,333a5f8a,JingwenGu0829,2026-05-05,20:48:47,-07:00,2026-05-05T20:48:47-07:00,1,54
proj3/project3.css,176,css,333a5f8a,JingwenGu0829,2026-05-05,20:48:47,-07:00,2026-05-05T20:48:47-07:00,0,0
proj3/project3.css,177,css,333a5f8a,JingwenGu0829,2026-05-05,20:48:47,-07:00,2026-05-05T20:48:47-07:00,0,0
proj3/project3.css,178,css,333a5f8a,JingwenGu0829,2026-05-05,20:48:47,-07:00,2026-05-05T20:48:47-07:00,0,7
proj3/project3.css,179,css,333a5f8a,JingwenGu0829,2026-05-05,20:48:47,-07:00,2026-05-05T20:48:47-07:00,1,16
proj3/project3.css,180,css,333a5f8a,JingwenGu0829,2026-05-05,20:48:47,-07:00,2026-05-05T20:48:47-07:00,0,0
proj3/project3.css,181,css,333a5f8a,JingwenGu0829,2026-05-05,20:48:47,-07:00,2026-05-05T20:48:47-07:00,0,0
proj3/project3.css,182,css,333a5f8a,JingwenGu0829,2026-05-05,20:48:47,-07:00,2026-05-05T20:48:47-07:00,0,10
proj3/project3.css,183,css,333a5f8a,JingwenGu0829,2026-05-05,20:48:47,-07:00,2026-05-05T20:48:47-07:00,1,12
proj3/project3.css,184,css,333a5f8a,JingwenGu0829,2026-05-05,20:48:47,-07:00,2026-05-05T20:48:47-07:00,1,14
proj3/project3.css,185,css,333a5f8a,JingwenGu0829,2026-05-05,20:48:47,-07:00,2026-05-05T20:48:47-07:00,1,15
proj3/project3.css,186,css,333a5f8a,JingwenGu0829,2026-05-05,20:48:47,-07:00,2026-05-05T20:48:47-07:00,0,0
proj3/project3.css,187,css,333a5f8a,JingwenGu0829,2026-05-05,20:48:47,-07:00,2026-05-05T20:48:47-07:00,0,0
proj3/project3.css,188,css,333a5f8a,JingwenGu0829,2026-05-05,20:48:47,-07:00,2026-05-05T20:48:47-07:00,0,17
proj3/project3.css,189,css,333a5f8a,JingwenGu0829,2026-05-05,20:48:47,-07:00,2026-05-05T20:48:47-07:00,1,28
proj3/project3.css,190,css,333a5f8a,JingwenGu0829,2026-05-05,20:48:47,-07:00,2026-05-05T20:48:47-07:00,1,17
proj3/project3.css,191,css,333a5f8a,JingwenGu0829,2026-05-05,20:48:47,-07:00,2026-05-05T20:48:47-07:00,0,0
proj3/project3.css,192,css,333a5f8a,JingwenGu0829,2026-05-05,20:48:47,-07:00,2026-05-05T20:48:47-07:00,0,0
proj3/project3.css,193,css,333a5f8a,JingwenGu0829,2026-05-05,20:48:47,-07:00,2026-05-05T20:48:47-07:00,0,14
proj3/project3.css,194,css,371c900d,JingwenGu0829,2026-05-05,23:39:46,-07:00,2026-05-05T23:39:46-07:00,1,29
proj3/project3.css,195,css,371c900d,JingwenGu0829,2026-05-05,23:39:46,-07:00,2026-05-05T23:39:46-07:00,1,30
proj3/project3.css,196,css,371c900d,JingwenGu0829,2026-05-05,23:39:46,-07:00,2026-05-05T23:39:46-07:00,1,16
proj3/project3.css,197,css,333a5f8a,JingwenGu0829,2026-05-05,20:48:47,-07:00,2026-05-05T20:48:47-07:00,0,0
proj3/project3.css,198,css,333a5f8a,JingwenGu0829,2026-05-05,20:48:47,-07:00,2026-05-05T20:48:47-07:00,0,0
proj3/project3.css,199,css,371c900d,JingwenGu0829,2026-05-05,23:39:46,-07:00,2026-05-05T23:39:46-07:00,0,12
proj3/project3.css,200,css,371c900d,JingwenGu0829,2026-05-05,23:39:46,-07:00,2026-05-05T23:39:46-07:00,1,17
proj3/project3.css,201,css,371c900d,JingwenGu0829,2026-05-05,23:39:46,-07:00,2026-05-05T23:39:46-07:00,1,19
proj3/project3.css,202,css,371c900d,JingwenGu0829,2026-05-05,23:39:46,-07:00,2026-05-05T23:39:46-07:00,1,16
proj3/project3.css,203,css,333a5f8a,JingwenGu0829,2026-05-05,20:48:47,-07:00,2026-05-05T20:48:47-07:00,1,14
proj3/project3.css,204,css,371c900d,JingwenGu0829,2026-05-05,23:39:46,-07:00,2026-05-05T23:39:46-07:00,1,21
proj3/project3.css,205,css,333a5f8a,JingwenGu0829,2026-05-05,20:48:47,-07:00,2026-05-05T20:48:47-07:00,1,9
proj3/project3.css,206,css,333a5f8a,JingwenGu0829,2026-05-05,20:48:47,-07:00,2026-05-05T20:48:47-07:00,2,16
proj3/project3.css,207,css,333a5f8a,JingwenGu0829,2026-05-05,20:48:47,-07:00,2026-05-05T20:48:47-07:00,2,22
proj3/project3.css,208,css,333a5f8a,JingwenGu0829,2026-05-05,20:48:47,-07:00,2026-05-05T20:48:47-07:00,2,17
proj3/project3.css,209,css,333a5f8a,JingwenGu0829,2026-05-05,20:48:47,-07:00,2026-05-05T20:48:47-07:00,0,0
proj3/project3.css,210,css,333a5f8a,JingwenGu0829,2026-05-05,20:48:47,-07:00,2026-05-05T20:48:47-07:00,0,0
proj3/project3.css,211,css,371c900d,JingwenGu0829,2026-05-05,23:39:46,-07:00,2026-05-05T23:39:46-07:00,0,10
proj3/project3.css,212,css,371c900d,JingwenGu0829,2026-05-05,23:39:46,-07:00,2026-05-05T23:39:46-07:00,1,17
proj3/project3.css,213,css,371c900d,JingwenGu0829,2026-05-05,23:39:46,-07:00,2026-05-05T23:39:46-07:00,1,11
proj3/project3.css,214,css,371c900d,JingwenGu0829,2026-05-05,23:39:46,-07:00,2026-05-05T23:39:46-07:00,1,19
proj3/project3.css,215,css,371c900d,JingwenGu0829,2026-05-05,23:39:46,-07:00,2026-05-05T23:39:46-07:00,1,21
proj3/project3.css,216,css,371c900d,JingwenGu0829,2026-05-05,23:39:46,-07:00,2026-05-05T23:39:46-07:00,0,0
proj3/project3.css,217,css,371c900d,JingwenGu0829,2026-05-05,23:39:46,-07:00,2026-05-05T23:39:46-07:00,0,0
proj3/project3.css,218,css,371c900d,JingwenGu0829,2026-05-05,23:39:46,-07:00,2026-05-05T23:39:46-07:00,0,17
proj3/project3.css,219,css,371c900d,JingwenGu0829,2026-05-05,23:39:46,-07:00,2026-05-05T23:39:46-07:00,0,26
proj3/project3.css,220,css,371c900d,JingwenGu0829,2026-05-05,23:39:46,-07:00,2026-05-05T23:39:46-07:00,1,50
proj3/project3.css,221,css,371c900d,JingwenGu0829,2026-05-05,23:39:46,-07:00,2026-05-05T23:39:46-07:00,1,12
proj3/project3.css,222,css,371c900d,JingwenGu0829,2026-05-05,23:39:46,-07:00,2026-05-05T23:39:46-07:00,1,14
proj3/project3.css,223,css,333a5f8a,JingwenGu0829,2026-05-05,20:48:47,-07:00,2026-05-05T20:48:47-07:00,0,0
proj3/project3.css,224,css,333a5f8a,JingwenGu0829,2026-05-05,20:48:47,-07:00,2026-05-05T20:48:47-07:00,0,0
proj3/project3.css,225,css,333a5f8a,JingwenGu0829,2026-05-05,20:48:47,-07:00,2026-05-05T20:48:47-07:00,0,11
proj3/project3.css,226,css,333a5f8a,JingwenGu0829,2026-05-05,20:48:47,-07:00,2026-05-05T20:48:47-07:00,1,12
proj3/project3.css,227,css,333a5f8a,JingwenGu0829,2026-05-05,20:48:47,-07:00,2026-05-05T20:48:47-07:00,1,17
proj3/project3.css,228,css,333a5f8a,JingwenGu0829,2026-05-05,20:48:47,-07:00,2026-05-05T20:48:47-07:00,1,15
proj3/project3.css,229,css,333a5f8a,JingwenGu0829,2026-05-05,20:48:47,-07:00,2026-05-05T20:48:47-07:00,1,21
proj3/project3.css,230,css,333a5f8a,JingwenGu0829,2026-05-05,20:48:47,-07:00,2026-05-05T20:48:47-07:00,1,19
proj3/project3.css,231,css,333a5f8a,JingwenGu0829,2026-05-05,20:48:47,-07:00,2026-05-05T20:48:47-07:00,1,18
proj3/project3.css,232,css,333a5f8a,JingwenGu0829,2026-05-05,20:48:47,-07:00,2026-05-05T20:48:47-07:00,1,25
proj3/project3.css,233,css,333a5f8a,JingwenGu0829,2026-05-05,20:48:47,-07:00,2026-05-05T20:48:47-07:00,1,16
proj3/project3.css,234,css,333a5f8a,JingwenGu0829,2026-05-05,20:48:47,-07:00,2026-05-05T20:48:47-07:00,0,0
proj3/project3.css,235,css,333a5f8a,JingwenGu0829,2026-05-05,20:48:47,-07:00,2026-05-05T20:48:47-07:00,0,0
proj3/project3.css,236,css,333a5f8a,JingwenGu0829,2026-05-05,20:48:47,-07:00,2026-05-05T20:48:47-07:00,0,13
proj3/project3.css,237,css,333a5f8a,JingwenGu0829,2026-05-05,20:48:47,-07:00,2026-05-05T20:48:47-07:00,1,28
proj3/project3.css,238,css,333a5f8a,JingwenGu0829,2026-05-05,20:48:47,-07:00,2026-05-05T20:48:47-07:00,1,17
proj3/project3.css,239,css,333a5f8a,JingwenGu0829,2026-05-05,20:48:47,-07:00,2026-05-05T20:48:47-07:00,1,15
proj3/project3.css,240,css,333a5f8a,JingwenGu0829,2026-05-05,20:48:47,-07:00,2026-05-05T20:48:47-07:00,0,0
proj3/project3.css,241,css,333a5f8a,JingwenGu0829,2026-05-05,20:48:47,-07:00,2026-05-05T20:48:47-07:00,0,0
proj3/project3.css,242,css,333a5f8a,JingwenGu0829,2026-05-05,20:48:47,-07:00,2026-05-05T20:48:47-07:00,0,10
proj3/project3.css,243,css,333a5f8a,JingwenGu0829,2026-05-05,20:48:47,-07:00,2026-05-05T20:48:47-07:00,1,28
proj3/project3.css,244,css,333a5f8a,JingwenGu0829,2026-05-05,20:48:47,-07:00,2026-05-05T20:48:47-07:00,1,17
proj3/project3.css,245,css,333a5f8a,JingwenGu0829,2026-05-05,20:48:47,-07:00,2026-05-05T20:48:47-07:00,0,0
proj3/project3.css,246,css,333a5f8a,JingwenGu0829,2026-05-05,20:48:47,-07:00,2026-05-05T20:48:47-07:00,0,0
proj3/project3.css,247,css,333a5f8a,JingwenGu0829,2026-05-05,20:48:47,-07:00,2026-05-05T20:48:47-07:00,0,9
proj3/project3.css,248,css,333a5f8a,JingwenGu0829,2026-05-05,20:48:47,-07:00,2026-05-05T20:48:47-07:00,0,10
proj3/project3.css,249,css,333a5f8a,JingwenGu0829,2026-05-05,20:48:47,-07:00,2026-05-05T20:48:47-07:00,1,30
proj3/project3.css,250,css,333a5f8a,JingwenGu0829,2026-05-05,20:48:47,-07:00,2026-05-05T20:48:47-07:00,0,0
proj3/project3.css,251,css,333a5f8a,JingwenGu0829,2026-05-05,20:48:47,-07:00,2026-05-05T20:48:47-07:00,0,0
proj3/project3.css,252,css,333a5f8a,JingwenGu0829,2026-05-05,20:48:47,-07:00,2026-05-05T20:48:47-07:00,0,11
proj3/project3.css,253,css,333a5f8a,JingwenGu0829,2026-05-05,20:48:47,-07:00,2026-05-05T20:48:47-07:00,1,14
proj3/project3.css,254,css,333a5f8a,JingwenGu0829,2026-05-05,20:48:47,-07:00,2026-05-05T20:48:47-07:00,1,10
proj3/project3.css,255,css,333a5f8a,JingwenGu0829,2026-05-05,20:48:47,-07:00,2026-05-05T20:48:47-07:00,1,15
proj3/project3.css,256,css,333a5f8a,JingwenGu0829,2026-05-05,20:48:47,-07:00,2026-05-05T20:48:47-07:00,1,23
proj3/project3.css,257,css,333a5f8a,JingwenGu0829,2026-05-05,20:48:47,-07:00,2026-05-05T20:48:47-07:00,1,36
proj3/project3.css,258,css,333a5f8a,JingwenGu0829,2026-05-05,20:48:47,-07:00,2026-05-05T20:48:47-07:00,1,17
proj3/project3.css,259,css,333a5f8a,JingwenGu0829,2026-05-05,20:48:47,-07:00,2026-05-05T20:48:47-07:00,1,52
proj3/project3.css,260,css,333a5f8a,JingwenGu0829,2026-05-05,20:48:47,-07:00,2026-05-05T20:48:47-07:00,1,23
proj3/project3.css,261,css,333a5f8a,JingwenGu0829,2026-05-05,20:48:47,-07:00,2026-05-05T20:48:47-07:00,1,70
proj3/project3.css,262,css,333a5f8a,JingwenGu0829,2026-05-05,20:48:47,-07:00,2026-05-05T20:48:47-07:00,1,17
proj3/project3.css,263,css,333a5f8a,JingwenGu0829,2026-05-05,20:48:47,-07:00,2026-05-05T20:48:47-07:00,1,9
proj3/project3.css,264,css,333a5f8a,JingwenGu0829,2026-05-05,20:48:47,-07:00,2026-05-05T20:48:47-07:00,1,19
proj3/project3.css,265,css,333a5f8a,JingwenGu0829,2026-05-05,20:48:47,-07:00,2026-05-05T20:48:47-07:00,1,45
proj3/project3.css,266,css,333a5f8a,JingwenGu0829,2026-05-05,20:48:47,-07:00,2026-05-05T20:48:47-07:00,0,0
proj3/project3.css,267,css,333a5f8a,JingwenGu0829,2026-05-05,20:48:47,-07:00,2026-05-05T20:48:47-07:00,0,0
proj3/project3.css,268,css,333a5f8a,JingwenGu0829,2026-05-05,20:48:47,-07:00,2026-05-05T20:48:47-07:00,0,18
proj3/project3.css,269,css,333a5f8a,JingwenGu0829,2026-05-05,20:48:47,-07:00,2026-05-05T20:48:47-07:00,1,13
proj3/project3.css,270,css,333a5f8a,JingwenGu0829,2026-05-05,20:48:47,-07:00,2026-05-05T20:48:47-07:00,1,20
proj3/project3.css,271,css,333a5f8a,JingwenGu0829,2026-05-05,20:48:47,-07:00,2026-05-05T20:48:47-07:00,0,0
proj3/project3.css,272,css,333a5f8a,JingwenGu0829,2026-05-05,20:48:47,-07:00,2026-05-05T20:48:47-07:00,0,0
proj3/project3.css,273,css,333a5f8a,JingwenGu0829,2026-05-05,20:48:47,-07:00,2026-05-05T20:48:47-07:00,0,14
proj3/project3.css,274,css,333a5f8a,JingwenGu0829,2026-05-05,20:48:47,-07:00,2026-05-05T20:48:47-07:00,1,12
proj3/project3.css,275,css,333a5f8a,JingwenGu0829,2026-05-05,20:48:47,-07:00,2026-05-05T20:48:47-07:00,1,30
proj3/project3.css,276,css,333a5f8a,JingwenGu0829,2026-05-05,20:48:47,-07:00,2026-05-05T20:48:47-07:00,1,18
proj3/project3.css,277,css,333a5f8a,JingwenGu0829,2026-05-05,20:48:47,-07:00,2026-05-05T20:48:47-07:00,1,8
proj3/project3.css,278,css,333a5f8a,JingwenGu0829,2026-05-05,20:48:47,-07:00,2026-05-05T20:48:47-07:00,0,0
proj3/project3.css,279,css,333a5f8a,JingwenGu0829,2026-05-05,20:48:47,-07:00,2026-05-05T20:48:47-07:00,0,0
proj3/project3.css,280,css,333a5f8a,JingwenGu0829,2026-05-05,20:48:47,-07:00,2026-05-05T20:48:47-07:00,0,14
proj3/project3.css,281,css,333a5f8a,JingwenGu0829,2026-05-05,20:48:47,-07:00,2026-05-05T20:48:47-07:00,1,24
proj3/project3.css,282,css,333a5f8a,JingwenGu0829,2026-05-05,20:48:47,-07:00,2026-05-05T20:48:47-07:00,1,15
proj3/project3.css,283,css,333a5f8a,JingwenGu0829,2026-05-05,20:48:47,-07:00,2026-05-05T20:48:47-07:00,0,0
proj3/project3.css,284,css,333a5f8a,JingwenGu0829,2026-05-05,20:48:47,-07:00,2026-05-05T20:48:47-07:00,0,0
proj3/project3.css,285,css,333a5f8a,JingwenGu0829,2026-05-05,20:48:47,-07:00,2026-05-05T20:48:47-07:00,0,14
proj3/project3.css,286,css,333a5f8a,JingwenGu0829,2026-05-05,20:48:47,-07:00,2026-05-05T20:48:47-07:00,1,8
proj3/project3.css,287,css,333a5f8a,JingwenGu0829,2026-05-05,20:48:47,-07:00,2026-05-05T20:48:47-07:00,1,16
proj3/project3.css,288,css,333a5f8a,JingwenGu0829,2026-05-05,20:48:47,-07:00,2026-05-05T20:48:47-07:00,0,0
proj3/project3.css,289,css,333a5f8a,JingwenGu0829,2026-05-05,20:48:47,-07:00,2026-05-05T20:48:47-07:00,0,0
proj3/project3.css,290,css,333a5f8a,JingwenGu0829,2026-05-05,20:48:47,-07:00,2026-05-05T20:48:47-07:00,0,16
proj3/project3.css,291,css,333a5f8a,JingwenGu0829,2026-05-05,20:48:47,-07:00,2026-05-05T20:48:47-07:00,1,12
proj3/project3.css,292,css,333a5f8a,JingwenGu0829,2026-05-05,20:48:47,-07:00,2026-05-05T20:48:47-07:00,1,47
proj3/project3.css,293,css,333a5f8a,JingwenGu0829,2026-05-05,20:48:47,-07:00,2026-05-05T20:48:47-07:00,1,15
proj3/project3.css,294,css,333a5f8a,JingwenGu0829,2026-05-05,20:48:47,-07:00,2026-05-05T20:48:47-07:00,0,0
proj3/project3.css,295,css,333a5f8a,JingwenGu0829,2026-05-05,20:48:47,-07:00,2026-05-05T20:48:47-07:00,0,0
proj3/project3.css,296,css,333a5f8a,JingwenGu0829,2026-05-05,20:48:47,-07:00,2026-05-05T20:48:47-07:00,0,13
proj3/project3.css,297,css,333a5f8a,JingwenGu0829,2026-05-05,20:48:47,-07:00,2026-05-05T20:48:47-07:00,1,15
proj3/project3.css,298,css,333a5f8a,JingwenGu0829,2026-05-05,20:48:47,-07:00,2026-05-05T20:48:47-07:00,0,0
proj3/project3.css,299,css,333a5f8a,JingwenGu0829,2026-05-05,20:48:47,-07:00,2026-05-05T20:48:47-07:00,0,0
proj3/project3.css,300,css,333a5f8a,JingwenGu0829,2026-05-05,20:48:47,-07:00,2026-05-05T20:48:47-07:00,0,12
proj3/project3.css,301,css,333a5f8a,JingwenGu0829,2026-05-05,20:48:47,-07:00,2026-05-05T20:48:47-07:00,1,19
proj3/project3.css,302,css,333a5f8a,JingwenGu0829,2026-05-05,20:48:47,-07:00,2026-05-05T20:48:47-07:00,1,40
proj3/project3.css,303,css,333a5f8a,JingwenGu0829,2026-05-05,20:48:47,-07:00,2026-05-05T20:48:47-07:00,1,17
proj3/project3.css,304,css,333a5f8a,JingwenGu0829,2026-05-05,20:48:47,-07:00,2026-05-05T20:48:47-07:00,0,0
proj3/project3.css,305,css,333a5f8a,JingwenGu0829,2026-05-05,20:48:47,-07:00,2026-05-05T20:48:47-07:00,0,0
proj3/project3.css,306,css,333a5f8a,JingwenGu0829,2026-05-05,20:48:47,-07:00,2026-05-05T20:48:47-07:00,0,25
proj3/project3.css,307,css,333a5f8a,JingwenGu0829,2026-05-05,20:48:47,-07:00,2026-05-05T20:48:47-07:00,1,8
proj3/project3.css,308,css,333a5f8a,JingwenGu0829,2026-05-05,20:48:47,-07:00,2026-05-05T20:48:47-07:00,1,13
proj3/project3.css,309,css,333a5f8a,JingwenGu0829,2026-05-05,20:48:47,-07:00,2026-05-05T20:48:47-07:00,1,16
proj3/project3.css,310,css,333a5f8a,JingwenGu0829,2026-05-05,20:48:47,-07:00,2026-05-05T20:48:47-07:00,2,25
proj3/project3.css,311,css,333a5f8a,JingwenGu0829,2026-05-05,20:48:47,-07:00,2026-05-05T20:48:47-07:00,1,0
proj3/project3.css,312,css,333a5f8a,JingwenGu0829,2026-05-05,20:48:47,-07:00,2026-05-05T20:48:47-07:00,0,0
proj3/project3.css,313,css,333a5f8a,JingwenGu0829,2026-05-05,20:48:47,-07:00,2026-05-05T20:48:47-07:00,1,9
proj3/project3.css,314,css,333a5f8a,JingwenGu0829,2026-05-05,20:48:47,-07:00,2026-05-05T20:48:47-07:00,2,12
proj3/project3.css,315,css,333a5f8a,JingwenGu0829,2026-05-05,20:48:47,-07:00,2026-05-05T20:48:47-07:00,1,0
proj3/project3.css,316,css,333a5f8a,JingwenGu0829,2026-05-05,20:48:47,-07:00,2026-05-05T20:48:47-07:00,0,0
proj3/project3.css,317,css,333a5f8a,JingwenGu0829,2026-05-05,20:48:47,-07:00,2026-05-05T20:48:47-07:00,0,0
proj3/index.html,1,html,333a5f8a,JingwenGu0829,2026-05-05,20:48:47,-07:00,2026-05-05T20:48:47-07:00,0,13
proj3/index.html,2,html,333a5f8a,JingwenGu0829,2026-05-05,20:48:47,-07:00,2026-05-05T20:48:47-07:00,0,14
proj3/index.html,3,html,333a5f8a,JingwenGu0829,2026-05-05,20:48:47,-07:00,2026-05-05T20:48:47-07:00,1,4
proj3/index.html,4,html,333a5f8a,JingwenGu0829,2026-05-05,20:48:47,-07:00,2026-05-05T20:48:47-07:00,2,20
proj3/index.html,5,html,333a5f8a,JingwenGu0829,2026-05-05,20:48:47,-07:00,2026-05-05T20:48:47-07:00,2,68
proj3/index.html,6,html,371c900d,JingwenGu0829,2026-05-05,23:39:46,-07:00,2026-05-05T23:39:46-07:00,2,44
proj3/index.html,7,html,333a5f8a,JingwenGu0829,2026-05-05,20:48:47,-07:00,2026-05-05T20:48:47-07:00,2,41
proj3/index.html,8,html,333a5f8a,JingwenGu0829,2026-05-05,20:48:47,-07:00,2026-05-05T20:48:47-07:00,2,41
proj3/index.html,9,html,333a5f8a,JingwenGu0829,2026-05-05,20:48:47,-07:00,2026-05-05T20:48:47-07:00,1,5
proj3/index.html,10,html,333a5f8a,JingwenGu0829,2026-05-05,20:48:47,-07:00,2026-05-05T20:48:47-07:00,1,26
proj3/index.html,11,html,333a5f8a,JingwenGu0829,2026-05-05,20:48:47,-07:00,2026-05-05T20:48:47-07:00,2,21
proj3/index.html,12,html,333a5f8a,JingwenGu0829,2026-05-05,20:48:47,-07:00,2026-05-05T20:48:47-07:00,3,24
proj3/index.html,13,html,333a5f8a,JingwenGu0829,2026-05-05,20:48:47,-07:00,2026-05-05T20:48:47-07:00,4,38
proj3/index.html,14,html,371c900d,JingwenGu0829,2026-05-05,23:39:46,-07:00,2026-05-05T23:39:46-07:00,4,27
proj3/index.html,15,html,333a5f8a,JingwenGu0829,2026-05-05,20:48:47,-07:00,2026-05-05T20:48:47-07:00,4,14
proj3/index.html,16,html,371c900d,JingwenGu0829,2026-05-05,23:39:46,-07:00,2026-05-05T23:39:46-07:00,5,65
proj3/index.html,17,html,371c900d,JingwenGu0829,2026-05-05,23:39:46,-07:00,2026-05-05T23:39:46-07:00,5,70
proj3/index.html,18,html,371c900d,JingwenGu0829,2026-05-05,23:39:46,-07:00,2026-05-05T23:39:46-07:00,5,7
proj3/index.html,19,html,333a5f8a,JingwenGu0829,2026-05-05,20:48:47,-07:00,2026-05-05T20:48:47-07:00,4,2
proj3/index.html,20,html,333a5f8a,JingwenGu0829,2026-05-05,20:48:47,-07:00,2026-05-05T20:48:47-07:00,3,7
proj3/index.html,21,html,333a5f8a,JingwenGu0829,2026-05-05,20:48:47,-07:00,2026-05-05T20:48:47-07:00,0,0
proj3/index.html,22,html,333a5f8a,JingwenGu0829,2026-05-05,20:48:47,-07:00,2026-05-05T20:48:47-07:00,3,60
proj3/index.html,23,html,333a5f8a,JingwenGu0829,2026-05-05,20:48:47,-07:00,2026-05-05T20:48:47-07:00,4,20
proj3/index.html,24,html,333a5f8a,JingwenGu0829,2026-05-05,20:48:47,-07:00,2026-05-05T20:48:47-07:00,5,3
proj3/index.html,25,html,371c900d,JingwenGu0829,2026-05-05,23:39:46,-07:00,2026-05-05T23:39:46-07:00,6,67
proj3/index.html,26,html,333a5f8a,JingwenGu0829,2026-05-05,20:48:47,-07:00,2026-05-05T20:48:47-07:00,6,19
proj3/index.html,27,html,371c900d,JingwenGu0829,2026-05-05,23:39:46,-07:00,2026-05-05T23:39:46-07:00,7,58
proj3/index.html,28,html,371c900d,JingwenGu0829,2026-05-05,23:39:46,-07:00,2026-05-05T23:39:46-07:00,7,28
proj3/index.html,29,html,333a5f8a,JingwenGu0829,2026-05-05,20:48:47,-07:00,2026-05-05T20:48:47-07:00,6,2
proj3/index.html,30,html,333a5f8a,JingwenGu0829,2026-05-05,20:48:47,-07:00,2026-05-05T20:48:47-07:00,5,4
proj3/index.html,31,html,333a5f8a,JingwenGu0829,2026-05-05,20:48:47,-07:00,2026-05-05T20:48:47-07:00,5,74
proj3/index.html,32,html,333a5f8a,JingwenGu0829,2026-05-05,20:48:47,-07:00,2026-05-05T20:48:47-07:00,4,4
proj3/index.html,33,html,333a5f8a,JingwenGu0829,2026-05-05,20:48:47,-07:00,2026-05-05T20:48:47-07:00,0,0
proj3/index.html,34,html,333a5f8a,JingwenGu0829,2026-05-05,20:48:47,-07:00,2026-05-05T20:48:47-07:00,4,25
proj3/index.html,35,html,333a5f8a,JingwenGu0829,2026-05-05,20:48:47,-07:00,2026-05-05T20:48:47-07:00,5,21
proj3/index.html,36,html,333a5f8a,JingwenGu0829,2026-05-05,20:48:47,-07:00,2026-05-05T20:48:47-07:00,6,2
proj3/index.html,37,html,371c900d,JingwenGu0829,2026-05-05,23:39:46,-07:00,2026-05-05T23:39:46-07:00,7,17
proj3/index.html,38,html,333a5f8a,JingwenGu0829,2026-05-05,20:48:47,-07:00,2026-05-05T20:48:47-07:00,7,19
proj3/index.html,39,html,333a5f8a,JingwenGu0829,2026-05-05,20:48:47,-07:00,2026-05-05T20:48:47-07:00,7,8
proj3/index.html,40,html,371c900d,JingwenGu0829,2026-05-05,23:39:46,-07:00,2026-05-05T23:39:46-07:00,7,100
proj3/index.html,41,html,333a5f8a,JingwenGu0829,2026-05-05,20:48:47,-07:00,2026-05-05T20:48:47-07:00,6,5
proj3/index.html,42,html,333a5f8a,JingwenGu0829,2026-05-05,20:48:47,-07:00,2026-05-05T20:48:47-07:00,5,4
proj3/index.html,43,html,333a5f8a,JingwenGu0829,2026-05-05,20:48:47,-07:00,2026-05-05T20:48:47-07:00,0,0
proj3/index.html,44,html,333a5f8a,JingwenGu0829,2026-05-05,20:48:47,-07:00,2026-05-05T20:48:47-07:00,5,52
proj3/index.html,45,html,333a5f8a,JingwenGu0829,2026-05-05,20:48:47,-07:00,2026-05-05T20:48:47-07:00,6,3
proj3/index.html,46,html,333a5f8a,JingwenGu0829,2026-05-05,20:48:47,-07:00,2026-05-05T20:48:47-07:00,7,23
proj3/index.html,47,html,333a5f8a,JingwenGu0829,2026-05-05,20:48:47,-07:00,2026-05-05T20:48:47-07:00,7,106
proj3/index.html,48,html,333a5f8a,JingwenGu0829,2026-05-05,20:48:47,-07:00,2026-05-05T20:48:47-07:00,6,4
proj3/index.html,49,html,333a5f8a,JingwenGu0829,2026-05-05,20:48:47,-07:00,2026-05-05T20:48:47-07:00,0,0
proj3/index.html,50,html,333a5f8a,JingwenGu0829,2026-05-05,20:48:47,-07:00,2026-05-05T20:48:47-07:00,6,26
proj3/index.html,51,html,333a5f8a,JingwenGu0829,2026-05-05,20:48:47,-07:00,2026-05-05T20:48:47-07:00,7,15
proj3/index.html,52,html,333a5f8a,JingwenGu0829,2026-05-05,20:48:47,-07:00,2026-05-05T20:48:47-07:00,7,79
proj3/index.html,53,html,333a5f8a,JingwenGu0829,2026-05-05,20:48:47,-07:00,2026-05-05T20:48:47-07:00,7,54
proj3/index.html,54,html,333a5f8a,JingwenGu0829,2026-05-05,20:48:47,-07:00,2026-05-05T20:48:47-07:00,6,6
proj3/index.html,55,html,333a5f8a,JingwenGu0829,2026-05-05,20:48:47,-07:00,2026-05-05T20:48:47-07:00,0,0
proj3/index.html,56,html,333a5f8a,JingwenGu0829,2026-05-05,20:48:47,-07:00,2026-05-05T20:48:47-07:00,6,61
proj3/index.html,57,html,333a5f8a,JingwenGu0829,2026-05-05,20:48:47,-07:00,2026-05-05T20:48:47-07:00,5,6
proj3/index.html,58,html,333a5f8a,JingwenGu0829,2026-05-05,20:48:47,-07:00,2026-05-05T20:48:47-07:00,4,4
proj3/index.html,59,html,333a5f8a,JingwenGu0829,2026-05-05,20:48:47,-07:00,2026-05-05T20:48:47-07:00,0,0
proj3/index.html,60,html,333a5f8a,JingwenGu0829,2026-05-05,20:48:47,-07:00,2026-05-05T20:48:47-07:00,4,77
proj3/index.html,61,html,333a5f8a,JingwenGu0829,2026-05-05,20:48:47,-07:00,2026-05-05T20:48:47-07:00,3,8
proj3/index.html,62,html,333a5f8a,JingwenGu0829,2026-05-05,20:48:47,-07:00,2026-05-05T20:48:47-07:00,0,0
proj3/index.html,63,html,333a5f8a,JingwenGu0829,2026-05-05,20:48:47,-07:00,2026-05-05T20:48:47-07:00,3,58
proj3/index.html,64,html,333a5f8a,JingwenGu0829,2026-05-05,20:48:47,-07:00,2026-05-05T20:48:47-07:00,4,34
proj3/index.html,65,html,333a5f8a,JingwenGu0829,2026-05-05,20:48:47,-07:00,2026-05-05T20:48:47-07:00,0,0
proj3/index.html,66,html,333a5f8a,JingwenGu0829,2026-05-05,20:48:47,-07:00,2026-05-05T20:48:47-07:00,4,31
proj3/index.html,67,html,333a5f8a,JingwenGu0829,2026-05-05,20:48:47,-07:00,2026-05-05T20:48:47-07:00,5,7
proj3/index.html,68,html,333a5f8a,JingwenGu0829,2026-05-05,20:48:47,-07:00,2026-05-05T20:48:47-07:00,6,29
proj3/index.html,69,html,5dddfd02,maryliusemail,2026-05-05,22:44:25,-07:00,2026-05-05T22:44:25-07:00,6,1
proj3/index.html,70,html,f91fce46,Rose Park,2026-05-12,19:01:50,-07:00,2026-05-12T19:01:50-07:00,7,72
proj3/index.html,71,html,f91fce46,Rose Park,2026-05-12,19:01:50,-07:00,2026-05-12T19:01:50-07:00,7,72
proj3/index.html,72,html,f91fce46,Rose Park,2026-05-12,19:01:50,-07:00,2026-05-12T19:01:50-07:00,7,73
proj3/index.html,73,html,f91fce46,Rose Park,2026-05-12,19:01:50,-07:00,2026-05-12T19:01:50-07:00,7,70
proj3/index.html,74,html,f91fce46,Rose Park,2026-05-12,19:01:50,-07:00,2026-05-12T19:01:50-07:00,7,65
proj3/index.html,75,html,f91fce46,Rose Park,2026-05-12,19:01:50,-07:00,2026-05-12T19:01:50-07:00,7,71
proj3/index.html,76,html,f91fce46,Rose Park,2026-05-12,19:01:50,-07:00,2026-05-12T19:01:50-07:00,7,72
proj3/index.html,77,html,f91fce46,Rose Park,2026-05-12,19:01:50,-07:00,2026-05-12T19:01:50-07:00,7,72
proj3/index.html,78,html,f91fce46,Rose Park,2026-05-12,19:01:50,-07:00,2026-05-12T19:01:50-07:00,7,72
proj3/index.html,79,html,f91fce46,Rose Park,2026-05-12,19:01:50,-07:00,2026-05-12T19:01:50-07:00,7,70
proj3/index.html,80,html,f91fce46,Rose Park,2026-05-12,19:01:50,-07:00,2026-05-12T19:01:50-07:00,7,23
proj3/index.html,81,html,5dddfd02,maryliusemail,2026-05-05,22:44:25,-07:00,2026-05-05T22:44:25-07:00,6,2
proj3/index.html,82,html,333a5f8a,JingwenGu0829,2026-05-05,20:48:47,-07:00,2026-05-05T20:48:47-07:00,5,8
proj3/index.html,83,html,333a5f8a,JingwenGu0829,2026-05-05,20:48:47,-07:00,2026-05-05T20:48:47-07:00,0,0
proj3/index.html,84,html,333a5f8a,JingwenGu0829,2026-05-05,20:48:47,-07:00,2026-05-05T20:48:47-07:00,5,7
proj3/index.html,85,html,333a5f8a,JingwenGu0829,2026-05-05,20:48:47,-07:00,2026-05-05T20:48:47-07:00,6,22
proj3/index.html,86,html,5dddfd02,maryliusemail,2026-05-05,22:44:25,-07:00,2026-05-05T22:44:25-07:00,6,1
proj3/index.html,87,html,f91fce46,Rose Park,2026-05-12,19:01:50,-07:00,2026-05-12T19:01:50-07:00,7,73
proj3/index.html,88,html,f91fce46,Rose Park,2026-05-12,19:01:50,-07:00,2026-05-12T19:01:50-07:00,7,73
proj3/index.html,89,html,f91fce46,Rose Park,2026-05-12,19:01:50,-07:00,2026-05-12T19:01:50-07:00,7,75
proj3/index.html,90,html,f91fce46,Rose Park,2026-05-12,19:01:50,-07:00,2026-05-12T19:01:50-07:00,7,74
proj3/index.html,91,html,f91fce46,Rose Park,2026-05-12,19:01:50,-07:00,2026-05-12T19:01:50-07:00,7,71
proj3/index.html,92,html,f91fce46,Rose Park,2026-05-12,19:01:50,-07:00,2026-05-12T19:01:50-07:00,7,68
proj3/index.html,93,html,f91fce46,Rose Park,2026-05-12,19:01:50,-07:00,2026-05-12T19:01:50-07:00,7,72
proj3/index.html,94,html,f91fce46,Rose Park,2026-05-12,19:01:50,-07:00,2026-05-12T19:01:50-07:00,7,71
proj3/index.html,95,html,f91fce46,Rose Park,2026-05-12,19:01:50,-07:00,2026-05-12T19:01:50-07:00,7,68
proj3/index.html,96,html,f91fce46,Rose Park,2026-05-12,19:01:50,-07:00,2026-05-12T19:01:50-07:00,7,71
proj3/index.html,97,html,f91fce46,Rose Park,2026-05-12,19:01:50,-07:00,2026-05-12T19:01:50-07:00,7,69
proj3/index.html,98,html,5dddfd02,maryliusemail,2026-05-05,22:44:25,-07:00,2026-05-05T22:44:25-07:00,6,2
proj3/index.html,99,html,333a5f8a,JingwenGu0829,2026-05-05,20:48:47,-07:00,2026-05-05T20:48:47-07:00,5,8
proj3/index.html,100,html,333a5f8a,JingwenGu0829,2026-05-05,20:48:47,-07:00,2026-05-05T20:48:47-07:00,0,0
proj3/index.html,101,html,333a5f8a,JingwenGu0829,2026-05-05,20:48:47,-07:00,2026-05-05T20:48:47-07:00,5,7
proj3/index.html,102,html,333a5f8a,JingwenGu0829,2026-05-05,20:48:47,-07:00,2026-05-05T20:48:47-07:00,6,23
proj3/index.html,103,html,5dddfd02,maryliusemail,2026-05-05,22:44:25,-07:00,2026-05-05T22:44:25-07:00,6,1
proj3/index.html,104,html,f91fce46,Rose Park,2026-05-12,19:01:50,-07:00,2026-05-12T19:01:50-07:00,7,65
proj3/index.html,105,html,f91fce46,Rose Park,2026-05-12,19:01:50,-07:00,2026-05-12T19:01:50-07:00,7,71
proj3/index.html,106,html,f91fce46,Rose Park,2026-05-12,19:01:50,-07:00,2026-05-12T19:01:50-07:00,7,73
proj3/index.html,107,html,f91fce46,Rose Park,2026-05-12,19:01:50,-07:00,2026-05-12T19:01:50-07:00,7,66
proj3/index.html,108,html,f91fce46,Rose Park,2026-05-12,19:01:50,-07:00,2026-05-12T19:01:50-07:00,7,73
proj3/index.html,109,html,f91fce46,Rose Park,2026-05-12,19:01:50,-07:00,2026-05-12T19:01:50-07:00,7,72
proj3/index.html,110,html,f91fce46,Rose Park,2026-05-12,19:01:50,-07:00,2026-05-12T19:01:50-07:00,7,76
proj3/index.html,111,html,f91fce46,Rose Park,2026-05-12,19:01:50,-07:00,2026-05-12T19:01:50-07:00,7,70
proj3/index.html,112,html,f91fce46,Rose Park,2026-05-12,19:01:50,-07:00,2026-05-12T19:01:50-07:00,7,74
proj3/index.html,113,html,f91fce46,Rose Park,2026-05-12,19:01:50,-07:00,2026-05-12T19:01:50-07:00,7,70
proj3/index.html,114,html,f91fce46,Rose Park,2026-05-12,19:01:50,-07:00,2026-05-12T19:01:50-07:00,7,74
proj3/index.html,115,html,f91fce46,Rose Park,2026-05-12,19:01:50,-07:00,2026-05-12T19:01:50-07:00,7,73
proj3/index.html,116,html,f91fce46,Rose Park,2026-05-12,19:01:50,-07:00,2026-05-12T19:01:50-07:00,7,74
proj3/index.html,117,html,f91fce46,Rose Park,2026-05-12,19:01:50,-07:00,2026-05-12T19:01:50-07:00,7,72
proj3/index.html,118,html,f91fce46,Rose Park,2026-05-12,19:01:50,-07:00,2026-05-12T19:01:50-07:00,7,73
proj3/index.html,119,html,f91fce46,Rose Park,2026-05-12,19:01:50,-07:00,2026-05-12T19:01:50-07:00,7,56
proj3/index.html,120,html,5dddfd02,maryliusemail,2026-05-05,22:44:25,-07:00,2026-05-05T22:44:25-07:00,6,2
proj3/index.html,121,html,333a5f8a,JingwenGu0829,2026-05-05,20:48:47,-07:00,2026-05-05T20:48:47-07:00,5,8
proj3/index.html,122,html,333a5f8a,JingwenGu0829,2026-05-05,20:48:47,-07:00,2026-05-05T20:48:47-07:00,0,0
proj3/index.html,123,html,333a5f8a,JingwenGu0829,2026-05-05,20:48:47,-07:00,2026-05-05T20:48:47-07:00,5,7
proj3/index.html,124,html,333a5f8a,JingwenGu0829,2026-05-05,20:48:47,-07:00,2026-05-05T20:48:47-07:00,6,26
proj3/index.html,125,html,5dddfd02,maryliusemail,2026-05-05,22:44:25,-07:00,2026-05-05T22:44:25-07:00,6,1
proj3/index.html,126,html,f91fce46,Rose Park,2026-05-12,19:01:50,-07:00,2026-05-12T19:01:50-07:00,7,68
proj3/index.html,127,html,f91fce46,Rose Park,2026-05-12,19:01:50,-07:00,2026-05-12T19:01:50-07:00,7,73
proj3/index.html,128,html,f91fce46,Rose Park,2026-05-12,19:01:50,-07:00,2026-05-12T19:01:50-07:00,7,73
proj3/index.html,129,html,f91fce46,Rose Park,2026-05-12,19:01:50,-07:00,2026-05-12T19:01:50-07:00,7,73
proj3/index.html,130,html,f91fce46,Rose Park,2026-05-12,19:01:50,-07:00,2026-05-12T19:01:50-07:00,7,73
proj3/index.html,131,html,f91fce46,Rose Park,2026-05-12,19:01:50,-07:00,2026-05-12T19:01:50-07:00,7,75
proj3/index.html,132,html,f91fce46,Rose Park,2026-05-12,19:01:50,-07:00,2026-05-12T19:01:50-07:00,7,63
proj3/index.html,133,html,f91fce46,Rose Park,2026-05-12,19:01:50,-07:00,2026-05-12T19:01:50-07:00,7,66
proj3/index.html,134,html,f91fce46,Rose Park,2026-05-12,19:01:50,-07:00,2026-05-12T19:01:50-07:00,7,72
proj3/index.html,135,html,f91fce46,Rose Park,2026-05-12,19:01:50,-07:00,2026-05-12T19:01:50-07:00,7,75
proj3/index.html,136,html,f91fce46,Rose Park,2026-05-12,19:01:50,-07:00,2026-05-12T19:01:50-07:00,7,70
proj3/index.html,137,html,f91fce46,Rose Park,2026-05-12,19:01:50,-07:00,2026-05-12T19:01:50-07:00,7,72
proj3/index.html,138,html,f91fce46,Rose Park,2026-05-12,19:01:50,-07:00,2026-05-12T19:01:50-07:00,7,70
proj3/index.html,139,html,f91fce46,Rose Park,2026-05-12,19:01:50,-07:00,2026-05-12T19:01:50-07:00,7,73
proj3/index.html,140,html,f91fce46,Rose Park,2026-05-12,19:01:50,-07:00,2026-05-12T19:01:50-07:00,7,74
proj3/index.html,141,html,f91fce46,Rose Park,2026-05-12,19:01:50,-07:00,2026-05-12T19:01:50-07:00,7,73
proj3/index.html,142,html,f91fce46,Rose Park,2026-05-12,19:01:50,-07:00,2026-05-12T19:01:50-07:00,7,74
proj3/index.html,143,html,f91fce46,Rose Park,2026-05-12,19:01:50,-07:00,2026-05-12T19:01:50-07:00,7,73
proj3/index.html,144,html,f91fce46,Rose Park,2026-05-12,19:01:50,-07:00,2026-05-12T19:01:50-07:00,7,20
proj3/index.html,145,html,5dddfd02,maryliusemail,2026-05-05,22:44:25,-07:00,2026-05-05T22:44:25-07:00,6,2
proj3/index.html,146,html,333a5f8a,JingwenGu0829,2026-05-05,20:48:47,-07:00,2026-05-05T20:48:47-07:00,5,8
proj3/index.html,147,html,333a5f8a,JingwenGu0829,2026-05-05,20:48:47,-07:00,2026-05-05T20:48:47-07:00,4,8
proj3/index.html,148,html,333a5f8a,JingwenGu0829,2026-05-05,20:48:47,-07:00,2026-05-05T20:48:47-07:00,0,0
proj3/index.html,149,html,5dddfd02,maryliusemail,2026-05-05,22:44:25,-07:00,2026-05-05T22:44:25-07:00,4,21
proj3/index.html,150,html,f91fce46,Rose Park,2026-05-12,19:01:50,-07:00,2026-05-12T19:01:50-07:00,5,70
proj3/index.html,151,html,f91fce46,Rose Park,2026-05-12,19:01:50,-07:00,2026-05-12T19:01:50-07:00,5,62
proj3/index.html,152,html,5dddfd02,maryliusemail,2026-05-05,22:44:25,-07:00,2026-05-05T22:44:25-07:00,4,2
proj3/index.html,153,html,333a5f8a,JingwenGu0829,2026-05-05,20:48:47,-07:00,2026-05-05T20:48:47-07:00,3,8
proj3/index.html,154,html,333a5f8a,JingwenGu0829,2026-05-05,20:48:47,-07:00,2026-05-05T20:48:47-07:00,2,5
proj3/index.html,155,html,333a5f8a,JingwenGu0829,2026-05-05,20:48:47,-07:00,2026-05-05T20:48:47-07:00,0,0
proj3/index.html,156,html,333a5f8a,JingwenGu0829,2026-05-05,20:48:47,-07:00,2026-05-05T20:48:47-07:00,2,6
proj3/index.html,157,html,333a5f8a,JingwenGu0829,2026-05-05,20:48:47,-07:00,2026-05-05T20:48:47-07:00,3,41
proj3/index.html,158,html,333a5f8a,JingwenGu0829,2026-05-05,20:48:47,-07:00,2026-05-05T20:48:47-07:00,2,7
proj3/index.html,159,html,333a5f8a,JingwenGu0829,2026-05-05,20:48:47,-07:00,2026-05-05T20:48:47-07:00,0,0
proj3/index.html,160,html,333a5f8a,JingwenGu0829,2026-05-05,20:48:47,-07:00,2026-05-05T20:48:47-07:00,2,48
proj3/index.html,161,html,333a5f8a,JingwenGu0829,2026-05-05,20:48:47,-07:00,2026-05-05T20:48:47-07:00,2,47
proj3/index.html,162,html,333a5f8a,JingwenGu0829,2026-05-05,20:48:47,-07:00,2026-05-05T20:48:47-07:00,1,5
proj3/index.html,163,html,333a5f8a,JingwenGu0829,2026-05-05,20:48:47,-07:00,2026-05-05T20:48:47-07:00,0,5
proj2/project2_report.html,1,html,e93c1c5b,JingwenGu0829,2026-04-28,21:59:12,-07:00,2026-04-28T21:59:12-07:00,0,13
proj2/project2_report.html,2,html,e93c1c5b,JingwenGu0829,2026-04-28,21:59:12,-07:00,2026-04-28T21:59:12-07:00,0,14
proj2/project2_report.html,3,html,e93c1c5b,JingwenGu0829,2026-04-28,21:59:12,-07:00,2026-04-28T21:59:12-07:00,1,4
proj2/project2_report.html,4,html,e93c1c5b,JingwenGu0829,2026-04-28,21:59:12,-07:00,2026-04-28T21:59:12-07:00,2,20
proj2/project2_report.html,5,html,e93c1c5b,JingwenGu0829,2026-04-28,21:59:12,-07:00,2026-04-28T21:59:12-07:00,2,68
proj2/project2_report.html,6,html,e93c1c5b,JingwenGu0829,2026-04-28,21:59:12,-07:00,2026-04-28T21:59:12-07:00,2,38
proj2/project2_report.html,7,html,e93c1c5b,JingwenGu0829,2026-04-28,21:59:12,-07:00,2026-04-28T21:59:12-07:00,2,41
proj2/project2_report.html,8,html,e93c1c5b,JingwenGu0829,2026-04-28,21:59:12,-07:00,2026-04-28T21:59:12-07:00,1,5
proj2/project2_report.html,9,html,e93c1c5b,JingwenGu0829,2026-04-28,21:59:12,-07:00,2026-04-28T21:59:12-07:00,0,0
proj2/project2_report.html,10,html,e93c1c5b,JingwenGu0829,2026-04-28,21:59:12,-07:00,2026-04-28T21:59:12-07:00,1,24
proj2/project2_report.html,11,html,e93c1c5b,JingwenGu0829,2026-04-28,21:59:12,-07:00,2026-04-28T21:59:12-07:00,2,4
proj2/project2_report.html,12,html,e93c1c5b,JingwenGu0829,2026-04-28,21:59:12,-07:00,2026-04-28T21:59:12-07:00,3,44
proj2/project2_report.html,13,html,e93c1c5b,JingwenGu0829,2026-04-28,21:59:12,-07:00,2026-04-28T21:59:12-07:00,4,38
proj2/project2_report.html,14,html,e93c1c5b,JingwenGu0829,2026-04-28,21:59:12,-07:00,2026-04-28T21:59:12-07:00,4,45
proj2/project2_report.html,15,html,e93c1c5b,JingwenGu0829,2026-04-28,21:59:12,-07:00,2026-04-28T21:59:12-07:00,4,14
proj2/project2_report.html,16,html,e93c1c5b,JingwenGu0829,2026-04-28,21:59:12,-07:00,2026-04-28T21:59:12-07:00,5,71
proj2/project2_report.html,17,html,e93c1c5b,JingwenGu0829,2026-04-28,21:59:12,-07:00,2026-04-28T21:59:12-07:00,5,32
proj2/project2_report.html,18,html,e93c1c5b,JingwenGu0829,2026-04-28,21:59:12,-07:00,2026-04-28T21:59:12-07:00,4,2
proj2/project2_report.html,19,html,e93c1c5b,JingwenGu0829,2026-04-28,21:59:12,-07:00,2026-04-28T21:59:12-07:00,4,24
proj2/project2_report.html,20,html,e93c1c5b,JingwenGu0829,2026-04-28,21:59:12,-07:00,2026-04-28T21:59:12-07:00,5,52
proj2/project2_report.html,21,html,e93c1c5b,JingwenGu0829,2026-04-28,21:59:12,-07:00,2026-04-28T21:59:12-07:00,4,2
proj2/project2_report.html,22,html,e93c1c5b,JingwenGu0829,2026-04-28,21:59:12,-07:00,2026-04-28T21:59:12-07:00,4,75
proj2/project2_report.html,23,html,e93c1c5b,JingwenGu0829,2026-04-28,21:59:12,-07:00,2026-04-28T21:59:12-07:00,3,7
proj2/project2_report.html,24,html,e93c1c5b,JingwenGu0829,2026-04-28,21:59:12,-07:00,2026-04-28T21:59:12-07:00,0,0
proj2/project2_report.html,25,html,e93c1c5b,JingwenGu0829,2026-04-28,21:59:12,-07:00,2026-04-28T21:59:12-07:00,3,21
proj2/project2_report.html,26,html,e93c1c5b,JingwenGu0829,2026-04-28,21:59:12,-07:00,2026-04-28T21:59:12-07:00,4,18
proj2/project2_report.html,27,html,e93c1c5b,JingwenGu0829,2026-04-28,21:59:12,-07:00,2026-04-28T21:59:12-07:00,4,80
proj2/project2_report.html,28,html,e93c1c5b,JingwenGu0829,2026-04-28,21:59:12,-07:00,2026-04-28T21:59:12-07:00,4,21
proj2/project2_report.html,29,html,e93c1c5b,JingwenGu0829,2026-04-28,21:59:12,-07:00,2026-04-28T21:59:12-07:00,5,61
proj2/project2_report.html,30,html,e93c1c5b,JingwenGu0829,2026-04-28,21:59:12,-07:00,2026-04-28T21:59:12-07:00,5,47
proj2/project2_report.html,31,html,e93c1c5b,JingwenGu0829,2026-04-28,21:59:12,-07:00,2026-04-28T21:59:12-07:00,4,2
proj2/project2_report.html,32,html,e93c1c5b,JingwenGu0829,2026-04-28,21:59:12,-07:00,2026-04-28T21:59:12-07:00,3,8
proj2/project2_report.html,33,html,e93c1c5b,JingwenGu0829,2026-04-28,21:59:12,-07:00,2026-04-28T21:59:12-07:00,0,0
proj2/project2_report.html,34,html,e93c1c5b,JingwenGu0829,2026-04-28,21:59:12,-07:00,2026-04-28T21:59:12-07:00,3,27
proj2/project2_report.html,35,html,e93c1c5b,JingwenGu0829,2026-04-28,21:59:12,-07:00,2026-04-28T21:59:12-07:00,4,36
proj2/project2_report.html,36,html,e93c1c5b,JingwenGu0829,2026-04-28,21:59:12,-07:00,2026-04-28T21:59:12-07:00,5,51
proj2/project2_report.html,37,html,e93c1c5b,JingwenGu0829,2026-04-28,21:59:12,-07:00,2026-04-28T21:59:12-07:00,5,54
proj2/project2_report.html,38,html,e93c1c5b,JingwenGu0829,2026-04-28,21:59:12,-07:00,2026-04-28T21:59:12-07:00,0,0
proj2/project2_report.html,39,html,e93c1c5b,JingwenGu0829,2026-04-28,21:59:12,-07:00,2026-04-28T21:59:12-07:00,5,28
proj2/project2_report.html,40,html,e93c1c5b,JingwenGu0829,2026-04-28,21:59:12,-07:00,2026-04-28T21:59:12-07:00,6,2
proj2/project2_report.html,41,html,e93c1c5b,JingwenGu0829,2026-04-28,21:59:12,-07:00,2026-04-28T21:59:12-07:00,7,33
proj2/project2_report.html,42,html,e93c1c5b,JingwenGu0829,2026-04-28,21:59:12,-07:00,2026-04-28T21:59:12-07:00,7,140
proj2/project2_report.html,43,html,e93c1c5b,JingwenGu0829,2026-04-28,21:59:12,-07:00,2026-04-28T21:59:12-07:00,6,0
proj2/project2_report.html,44,html,e93c1c5b,JingwenGu0829,2026-04-28,21:59:12,-07:00,2026-04-28T21:59:12-07:00,6,10
proj2/project2_report.html,45,html,e93c1c5b,JingwenGu0829,2026-04-28,21:59:12,-07:00,2026-04-28T21:59:12-07:00,7,67
proj2/project2_report.html,46,html,e93c1c5b,JingwenGu0829,2026-04-28,21:59:12,-07:00,2026-04-28T21:59:12-07:00,7,54
proj2/project2_report.html,47,html,e93c1c5b,JingwenGu0829,2026-04-28,21:59:12,-07:00,2026-04-28T21:59:12-07:00,6,11
proj2/project2_report.html,48,html,e93c1c5b,JingwenGu0829,2026-04-28,21:59:12,-07:00,2026-04-28T21:59:12-07:00,5,7
proj2/project2_report.html,49,html,e93c1c5b,JingwenGu0829,2026-04-28,21:59:12,-07:00,2026-04-28T21:59:12-07:00,0,0
proj2/project2_report.html,50,html,e93c1c5b,JingwenGu0829,2026-04-28,21:59:12,-07:00,2026-04-28T21:59:12-07:00,5,37
proj2/project2_report.html,51,html,e93c1c5b,JingwenGu0829,2026-04-28,21:59:12,-07:00,2026-04-28T21:59:12-07:00,5,23
proj2/project2_report.html,52,html,e93c1c5b,JingwenGu0829,2026-04-28,21:59:12,-07:00,2026-04-28T21:59:12-07:00,6,2
proj2/project2_report.html,53,html,43d42bf2,JingwenGu0829,2026-04-28,22:12:59,-07:00,2026-04-28T22:12:59-07:00,7,65
proj2/project2_report.html,54,html,e93c1c5b,JingwenGu0829,2026-04-28,21:59:12,-07:00,2026-04-28T21:59:12-07:00,7,70
proj2/project2_report.html,55,html,e93c1c5b,JingwenGu0829,2026-04-28,21:59:12,-07:00,2026-04-28T21:59:12-07:00,7,66
proj2/project2_report.html,56,html,e93c1c5b,JingwenGu0829,2026-04-28,21:59:12,-07:00,2026-04-28T21:59:12-07:00,7,64
proj2/project2_report.html,57,html,e93c1c5b,JingwenGu0829,2026-04-28,21:59:12,-07:00,2026-04-28T21:59:12-07:00,7,21
proj2/project2_report.html,58,html,e93c1c5b,JingwenGu0829,2026-04-28,21:59:12,-07:00,2026-04-28T21:59:12-07:00,6,3
proj2/project2_report.html,59,html,e93c1c5b,JingwenGu0829,2026-04-28,21:59:12,-07:00,2026-04-28T21:59:12-07:00,6,2
proj2/project2_report.html,60,html,43d42bf2,JingwenGu0829,2026-04-28,22:12:59,-07:00,2026-04-28T22:12:59-07:00,7,70
proj2/project2_report.html,61,html,e93c1c5b,JingwenGu0829,2026-04-28,21:59:12,-07:00,2026-04-28T21:59:12-07:00,7,69
proj2/project2_report.html,62,html,e93c1c5b,JingwenGu0829,2026-04-28,21:59:12,-07:00,2026-04-28T21:59:12-07:00,7,64
proj2/project2_report.html,63,html,e93c1c5b,JingwenGu0829,2026-04-28,21:59:12,-07:00,2026-04-28T21:59:12-07:00,7,68
proj2/project2_report.html,64,html,e93c1c5b,JingwenGu0829,2026-04-28,21:59:12,-07:00,2026-04-28T21:59:12-07:00,7,24
proj2/project2_report.html,65,html,e93c1c5b,JingwenGu0829,2026-04-28,21:59:12,-07:00,2026-04-28T21:59:12-07:00,6,3
proj2/project2_report.html,66,html,e93c1c5b,JingwenGu0829,2026-04-28,21:59:12,-07:00,2026-04-28T21:59:12-07:00,6,2
proj2/project2_report.html,67,html,43d42bf2,JingwenGu0829,2026-04-28,22:12:59,-07:00,2026-04-28T22:12:59-07:00,7,65
proj2/project2_report.html,68,html,e93c1c5b,JingwenGu0829,2026-04-28,21:59:12,-07:00,2026-04-28T21:59:12-07:00,7,66
proj2/project2_report.html,69,html,e93c1c5b,JingwenGu0829,2026-04-28,21:59:12,-07:00,2026-04-28T21:59:12-07:00,7,65
proj2/project2_report.html,70,html,e93c1c5b,JingwenGu0829,2026-04-28,21:59:12,-07:00,2026-04-28T21:59:12-07:00,7,62
proj2/project2_report.html,71,html,e93c1c5b,JingwenGu0829,2026-04-28,21:59:12,-07:00,2026-04-28T21:59:12-07:00,7,9
proj2/project2_report.html,72,html,e93c1c5b,JingwenGu0829,2026-04-28,21:59:12,-07:00,2026-04-28T21:59:12-07:00,6,3
proj2/project2_report.html,73,html,e93c1c5b,JingwenGu0829,2026-04-28,21:59:12,-07:00,2026-04-28T21:59:12-07:00,6,2
proj2/project2_report.html,74,html,43d42bf2,JingwenGu0829,2026-04-28,22:12:59,-07:00,2026-04-28T22:12:59-07:00,7,69
proj2/project2_report.html,75,html,e93c1c5b,JingwenGu0829,2026-04-28,21:59:12,-07:00,2026-04-28T21:59:12-07:00,7,65
proj2/project2_report.html,76,html,e93c1c5b,JingwenGu0829,2026-04-28,21:59:12,-07:00,2026-04-28T21:59:12-07:00,7,65
proj2/project2_report.html,77,html,e93c1c5b,JingwenGu0829,2026-04-28,21:59:12,-07:00,2026-04-28T21:59:12-07:00,7,61
proj2/project2_report.html,78,html,e93c1c5b,JingwenGu0829,2026-04-28,21:59:12,-07:00,2026-04-28T21:59:12-07:00,6,3
proj2/project2_report.html,79,html,43d42bf2,JingwenGu0829,2026-04-28,22:12:59,-07:00,2026-04-28T22:12:59-07:00,6,2
proj2/project2_report.html,80,html,43d42bf2,JingwenGu0829,2026-04-28,22:12:59,-07:00,2026-04-28T22:12:59-07:00,7,66
proj2/project2_report.html,81,html,43d42bf2,JingwenGu0829,2026-04-28,22:12:59,-07:00,2026-04-28T22:12:59-07:00,7,64
proj2/project2_report.html,82,html,43d42bf2,JingwenGu0829,2026-04-28,22:12:59,-07:00,2026-04-28T22:12:59-07:00,7,70
proj2/project2_report.html,83,html,43d42bf2,JingwenGu0829,2026-04-28,22:12:59,-07:00,2026-04-28T22:12:59-07:00,7,64
proj2/project2_report.html,84,html,43d42bf2,JingwenGu0829,2026-04-28,22:12:59,-07:00,2026-04-28T22:12:59-07:00,7,62
proj2/project2_report.html,85,html,43d42bf2,JingwenGu0829,2026-04-28,22:12:59,-07:00,2026-04-28T22:12:59-07:00,7,67
proj2/project2_report.html,86,html,43d42bf2,JingwenGu0829,2026-04-28,22:12:59,-07:00,2026-04-28T22:12:59-07:00,7,4
proj2/project2_report.html,87,html,43d42bf2,JingwenGu0829,2026-04-28,22:12:59,-07:00,2026-04-28T22:12:59-07:00,6,3
proj2/project2_report.html,88,html,e93c1c5b,JingwenGu0829,2026-04-28,21:59:12,-07:00,2026-04-28T21:59:12-07:00,5,3
proj2/project2_report.html,89,html,e93c1c5b,JingwenGu0829,2026-04-28,21:59:12,-07:00,2026-04-28T21:59:12-07:00,4,8
proj2/project2_report.html,90,html,e93c1c5b,JingwenGu0829,2026-04-28,21:59:12,-07:00,2026-04-28T21:59:12-07:00,0,0
proj2/project2_report.html,91,html,e93c1c5b,JingwenGu0829,2026-04-28,21:59:12,-07:00,2026-04-28T21:59:12-07:00,4,36
proj2/project2_report.html,92,html,e93c1c5b,JingwenGu0829,2026-04-28,21:59:12,-07:00,2026-04-28T21:59:12-07:00,5,57
proj2/project2_report.html,93,html,e93c1c5b,JingwenGu0829,2026-04-28,21:59:12,-07:00,2026-04-28T21:59:12-07:00,5,61
proj2/project2_report.html,94,html,e93c1c5b,JingwenGu0829,2026-04-28,21:59:12,-07:00,2026-04-28T21:59:12-07:00,0,0
proj2/project2_report.html,95,html,e93c1c5b,JingwenGu0829,2026-04-28,21:59:12,-07:00,2026-04-28T21:59:12-07:00,5,28
proj2/project2_report.html,96,html,e93c1c5b,JingwenGu0829,2026-04-28,21:59:12,-07:00,2026-04-28T21:59:12-07:00,6,2
proj2/project2_report.html,97,html,e93c1c5b,JingwenGu0829,2026-04-28,21:59:12,-07:00,2026-04-28T21:59:12-07:00,7,39
proj2/project2_report.html,98,html,e93c1c5b,JingwenGu0829,2026-04-28,21:59:12,-07:00,2026-04-28T21:59:12-07:00,7,139
proj2/project2_report.html,99,html,e93c1c5b,JingwenGu0829,2026-04-28,21:59:12,-07:00,2026-04-28T21:59:12-07:00,6,0
proj2/project2_report.html,100,html,e93c1c5b,JingwenGu0829,2026-04-28,21:59:12,-07:00,2026-04-28T21:59:12-07:00,6,10
proj2/project2_report.html,101,html,e93c1c5b,JingwenGu0829,2026-04-28,21:59:12,-07:00,2026-04-28T21:59:12-07:00,7,63
proj2/project2_report.html,102,html,e93c1c5b,JingwenGu0829,2026-04-28,21:59:12,-07:00,2026-04-28T21:59:12-07:00,7,39
proj2/project2_report.html,103,html,e93c1c5b,JingwenGu0829,2026-04-28,21:59:12,-07:00,2026-04-28T21:59:12-07:00,6,11
proj2/project2_report.html,104,html,e93c1c5b,JingwenGu0829,2026-04-28,21:59:12,-07:00,2026-04-28T21:59:12-07:00,5,7
proj2/project2_report.html,105,html,e93c1c5b,JingwenGu0829,2026-04-28,21:59:12,-07:00,2026-04-28T21:59:12-07:00,0,0
proj2/project2_report.html,106,html,e93c1c5b,JingwenGu0829,2026-04-28,21:59:12,-07:00,2026-04-28T21:59:12-07:00,5,37
proj2/project2_report.html,107,html,e93c1c5b,JingwenGu0829,2026-04-28,21:59:12,-07:00,2026-04-28T21:59:12-07:00,5,23
proj2/project2_report.html,108,html,e93c1c5b,JingwenGu0829,2026-04-28,21:59:12,-07:00,2026-04-28T21:59:12-07:00,6,2
proj2/project2_report.html,109,html,43d42bf2,JingwenGu0829,2026-04-28,22:12:59,-07:00,2026-04-28T22:12:59-07:00,7,71
proj2/project2_report.html,110,html,e93c1c5b,JingwenGu0829,2026-04-28,21:59:12,-07:00,2026-04-28T21:59:12-07:00,7,68
proj2/project2_report.html,111,html,e93c1c5b,JingwenGu0829,2026-04-28,21:59:12,-07:00,2026-04-28T21:59:12-07:00,7,71
proj2/project2_report.html,112,html,e93c1c5b,JingwenGu0829,2026-04-28,21:59:12,-07:00,2026-04-28T21:59:12-07:00,7,71
proj2/project2_report.html,113,html,e93c1c5b,JingwenGu0829,2026-04-28,21:59:12,-07:00,2026-04-28T21:59:12-07:00,7,7
proj2/project2_report.html,114,html,e93c1c5b,JingwenGu0829,2026-04-28,21:59:12,-07:00,2026-04-28T21:59:12-07:00,6,3
proj2/project2_report.html,115,html,e93c1c5b,JingwenGu0829,2026-04-28,21:59:12,-07:00,2026-04-28T21:59:12-07:00,6,2
proj2/project2_report.html,116,html,43d42bf2,JingwenGu0829,2026-04-28,22:12:59,-07:00,2026-04-28T22:12:59-07:00,7,66
proj2/project2_report.html,117,html,e93c1c5b,JingwenGu0829,2026-04-28,21:59:12,-07:00,2026-04-28T21:59:12-07:00,7,68
proj2/project2_report.html,118,html,e93c1c5b,JingwenGu0829,2026-04-28,21:59:12,-07:00,2026-04-28T21:59:12-07:00,7,64
proj2/project2_report.html,119,html,e93c1c5b,JingwenGu0829,2026-04-28,21:59:12,-07:00,2026-04-28T21:59:12-07:00,7,66
proj2/project2_report.html,120,html,e93c1c5b,JingwenGu0829,2026-04-28,21:59:12,-07:00,2026-04-28T21:59:12-07:00,7,5
proj2/project2_report.html,121,html,e93c1c5b,JingwenGu0829,2026-04-28,21:59:12,-07:00,2026-04-28T21:59:12-07:00,6,3
proj2/project2_report.html,122,html,e93c1c5b,JingwenGu0829,2026-04-28,21:59:12,-07:00,2026-04-28T21:59:12-07:00,6,2
proj2/project2_report.html,123,html,43d42bf2,JingwenGu0829,2026-04-28,22:12:59,-07:00,2026-04-28T22:12:59-07:00,7,62
proj2/project2_report.html,124,html,e93c1c5b,JingwenGu0829,2026-04-28,21:59:12,-07:00,2026-04-28T21:59:12-07:00,7,64
proj2/project2_report.html,125,html,43d42bf2,JingwenGu0829,2026-04-28,22:12:59,-07:00,2026-04-28T22:12:59-07:00,7,70
proj2/project2_report.html,126,html,e93c1c5b,JingwenGu0829,2026-04-28,21:59:12,-07:00,2026-04-28T21:59:12-07:00,7,65
proj2/project2_report.html,127,html,e93c1c5b,JingwenGu0829,2026-04-28,21:59:12,-07:00,2026-04-28T21:59:12-07:00,7,7
proj2/project2_report.html,128,html,e93c1c5b,JingwenGu0829,2026-04-28,21:59:12,-07:00,2026-04-28T21:59:12-07:00,6,3
proj2/project2_report.html,129,html,e93c1c5b,JingwenGu0829,2026-04-28,21:59:12,-07:00,2026-04-28T21:59:12-07:00,6,2
proj2/project2_report.html,130,html,43d42bf2,JingwenGu0829,2026-04-28,22:12:59,-07:00,2026-04-28T22:12:59-07:00,7,69
proj2/project2_report.html,131,html,e93c1c5b,JingwenGu0829,2026-04-28,21:59:12,-07:00,2026-04-28T21:59:12-07:00,7,67
proj2/project2_report.html,132,html,e93c1c5b,JingwenGu0829,2026-04-28,21:59:12,-07:00,2026-04-28T21:59:12-07:00,7,69
proj2/project2_report.html,133,html,e93c1c5b,JingwenGu0829,2026-04-28,21:59:12,-07:00,2026-04-28T21:59:12-07:00,7,63
proj2/project2_report.html,134,html,e93c1c5b,JingwenGu0829,2026-04-28,21:59:12,-07:00,2026-04-28T21:59:12-07:00,7,30
proj2/project2_report.html,135,html,e93c1c5b,JingwenGu0829,2026-04-28,21:59:12,-07:00,2026-04-28T21:59:12-07:00,6,3
proj2/project2_report.html,136,html,43d42bf2,JingwenGu0829,2026-04-28,22:12:59,-07:00,2026-04-28T22:12:59-07:00,6,2
proj2/project2_report.html,137,html,43d42bf2,JingwenGu0829,2026-04-28,22:12:59,-07:00,2026-04-28T22:12:59-07:00,7,68
proj2/project2_report.html,138,html,43d42bf2,JingwenGu0829,2026-04-28,22:12:59,-07:00,2026-04-28T22:12:59-07:00,7,65
proj2/project2_report.html,139,html,43d42bf2,JingwenGu0829,2026-04-28,22:12:59,-07:00,2026-04-28T22:12:59-07:00,7,70
proj2/project2_report.html,140,html,43d42bf2,JingwenGu0829,2026-04-28,22:12:59,-07:00,2026-04-28T22:12:59-07:00,7,70
proj2/project2_report.html,141,html,43d42bf2,JingwenGu0829,2026-04-28,22:12:59,-07:00,2026-04-28T22:12:59-07:00,7,70
proj2/project2_report.html,142,html,43d42bf2,JingwenGu0829,2026-04-28,22:12:59,-07:00,2026-04-28T22:12:59-07:00,7,31
proj2/project2_report.html,143,html,43d42bf2,JingwenGu0829,2026-04-28,22:12:59,-07:00,2026-04-28T22:12:59-07:00,6,3
proj2/project2_report.html,144,html,e93c1c5b,JingwenGu0829,2026-04-28,21:59:12,-07:00,2026-04-28T21:59:12-07:00,5,3
proj2/project2_report.html,145,html,e93c1c5b,JingwenGu0829,2026-04-28,21:59:12,-07:00,2026-04-28T21:59:12-07:00,4,8
proj2/project2_report.html,146,html,e93c1c5b,JingwenGu0829,2026-04-28,21:59:12,-07:00,2026-04-28T21:59:12-07:00,3,8
proj2/project2_report.html,147,html,e93c1c5b,JingwenGu0829,2026-04-28,21:59:12,-07:00,2026-04-28T21:59:12-07:00,0,0
proj2/project2_report.html,148,html,e93c1c5b,JingwenGu0829,2026-04-28,21:59:12,-07:00,2026-04-28T21:59:12-07:00,3,36
proj2/project2_report.html,149,html,e93c1c5b,JingwenGu0829,2026-04-28,21:59:12,-07:00,2026-04-28T21:59:12-07:00,4,23
proj2/project2_report.html,150,html,e93c1c5b,JingwenGu0829,2026-04-28,21:59:12,-07:00,2026-04-28T21:59:12-07:00,0,0
proj2/project2_report.html,151,html,e93c1c5b,JingwenGu0829,2026-04-28,21:59:12,-07:00,2026-04-28T21:59:12-07:00,4,1
proj2/project2_report.html,152,html,e93c1c5b,JingwenGu0829,2026-04-28,21:59:12,-07:00,2026-04-28T21:59:12-07:00,5,72
proj2/project2_report.html,153,html,c9a03509,JingwenGu0829,2026-04-28,22:15:29,-07:00,2026-04-28T22:15:29-07:00,5,42
proj2/project2_report.html,154,html,43d42bf2,JingwenGu0829,2026-04-28,22:12:59,-07:00,2026-04-28T22:12:59-07:00,5,72
proj2/project2_report.html,155,html,43d42bf2,JingwenGu0829,2026-04-28,22:12:59,-07:00,2026-04-28T22:12:59-07:00,5,67
proj2/project2_report.html,156,html,43d42bf2,JingwenGu0829,2026-04-28,22:12:59,-07:00,2026-04-28T22:12:59-07:00,5,71
proj2/project2_report.html,157,html,43d42bf2,JingwenGu0829,2026-04-28,22:12:59,-07:00,2026-04-28T22:12:59-07:00,5,70
proj2/project2_report.html,158,html,43d42bf2,JingwenGu0829,2026-04-28,22:12:59,-07:00,2026-04-28T22:12:59-07:00,5,68
proj2/project2_report.html,159,html,43d42bf2,JingwenGu0829,2026-04-28,22:12:59,-07:00,2026-04-28T22:12:59-07:00,5,68
proj2/project2_report.html,160,html,43d42bf2,JingwenGu0829,2026-04-28,22:12:59,-07:00,2026-04-28T22:12:59-07:00,5,72
proj2/project2_report.html,161,html,e93c1c5b,JingwenGu0829,2026-04-28,21:59:12,-07:00,2026-04-28T21:59:12-07:00,5,11
proj2/project2_report.html,162,html,e93c1c5b,JingwenGu0829,2026-04-28,21:59:12,-07:00,2026-04-28T21:59:12-07:00,4,2
proj2/project2_report.html,163,html,e93c1c5b,JingwenGu0829,2026-04-28,21:59:12,-07:00,2026-04-28T21:59:12-07:00,0,0
proj2/project2_report.html,164,html,e93c1c5b,JingwenGu0829,2026-04-28,21:59:12,-07:00,2026-04-28T21:59:12-07:00,4,1
proj2/project2_report.html,165,html,e93c1c5b,JingwenGu0829,2026-04-28,21:59:12,-07:00,2026-04-28T21:59:12-07:00,5,71
proj2/project2_report.html,166,html,e93c1c5b,JingwenGu0829,2026-04-28,21:59:12,-07:00,2026-04-28T21:59:12-07:00,5,73
proj2/project2_report.html,167,html,e93c1c5b,JingwenGu0829,2026-04-28,21:59:12,-07:00,2026-04-28T21:59:12-07:00,5,72
proj2/project2_report.html,168,html,e93c1c5b,JingwenGu0829,2026-04-28,21:59:12,-07:00,2026-04-28T21:59:12-07:00,5,71
proj2/project2_report.html,169,html,e93c1c5b,JingwenGu0829,2026-04-28,21:59:12,-07:00,2026-04-28T21:59:12-07:00,5,70
proj2/project2_report.html,170,html,e93c1c5b,JingwenGu0829,2026-04-28,21:59:12,-07:00,2026-04-28T21:59:12-07:00,5,69
proj2/project2_report.html,171,html,e93c1c5b,JingwenGu0829,2026-04-28,21:59:12,-07:00,2026-04-28T21:59:12-07:00,5,69
proj2/project2_report.html,172,html,e93c1c5b,JingwenGu0829,2026-04-28,21:59:12,-07:00,2026-04-28T21:59:12-07:00,5,70
proj2/project2_report.html,173,html,e93c1c5b,JingwenGu0829,2026-04-28,21:59:12,-07:00,2026-04-28T21:59:12-07:00,5,11
proj2/project2_report.html,174,html,e93c1c5b,JingwenGu0829,2026-04-28,21:59:12,-07:00,2026-04-28T21:59:12-07:00,4,2
proj2/project2_report.html,175,html,e93c1c5b,JingwenGu0829,2026-04-28,21:59:12,-07:00,2026-04-28T21:59:12-07:00,3,8
proj2/project2_report.html,176,html,e93c1c5b,JingwenGu0829,2026-04-28,21:59:12,-07:00,2026-04-28T21:59:12-07:00,2,5
proj2/project2_report.html,177,html,e93c1c5b,JingwenGu0829,2026-04-28,21:59:12,-07:00,2026-04-28T21:59:12-07:00,0,0
proj2/project2_report.html,178,html,e93c1c5b,JingwenGu0829,2026-04-28,21:59:12,-07:00,2026-04-28T21:59:12-07:00,2,48
proj2/project2_report.html,179,html,e93c1c5b,JingwenGu0829,2026-04-28,21:59:12,-07:00,2026-04-28T21:59:12-07:00,1,5
proj2/project2_report.html,180,html,e93c1c5b,JingwenGu0829,2026-04-28,21:59:12,-07:00,2026-04-28T21:59:12-07:00,0,5
cv/index.html,1,html,8540341,JingwenGu0829,2026-04-10,22:38:49,-07:00,2026-04-10T22:38:49-07:00,0,13
cv/index.html,2,html,8540341,JingwenGu0829,2026-04-10,22:38:49,-07:00,2026-04-10T22:38:49-07:00,0,14
cv/index.html,3,html,8540341,JingwenGu0829,2026-04-10,22:38:49,-07:00,2026-04-10T22:38:49-07:00,1,4
cv/index.html,4,html,8540341,JingwenGu0829,2026-04-10,22:38:49,-07:00,2026-04-10T22:38:49-07:00,2,20
cv/index.html,5,html,8540341,JingwenGu0829,2026-04-10,22:38:49,-07:00,2026-04-10T22:38:49-07:00,2,68
cv/index.html,6,html,8540341,JingwenGu0829,2026-04-10,22:38:49,-07:00,2026-04-10T22:38:49-07:00,2,24
cv/index.html,7,html,8540341,JingwenGu0829,2026-04-10,22:38:49,-07:00,2026-04-10T22:38:49-07:00,2,41
cv/index.html,8,html,8540341,JingwenGu0829,2026-04-10,22:38:49,-07:00,2026-04-10T22:38:49-07:00,1,5
cv/index.html,9,html,8540341,JingwenGu0829,2026-04-10,22:38:49,-07:00,2026-04-10T22:38:49-07:00,1,4
cv/index.html,10,html,8540341,JingwenGu0829,2026-04-10,22:38:49,-07:00,2026-04-10T22:38:49-07:00,2,4
cv/index.html,11,html,8540341,JingwenGu0829,2026-04-10,22:38:49,-07:00,2026-04-10T22:38:49-07:00,3,34
cv/index.html,12,html,8540341,JingwenGu0829,2026-04-10,22:38:49,-07:00,2026-04-10T22:38:49-07:00,4,3
cv/index.html,13,html,8540341,JingwenGu0829,2026-04-10,22:38:49,-07:00,2026-04-10T22:38:49-07:00,5,46
cv/index.html,14,html,8540341,JingwenGu0829,2026-04-10,22:38:49,-07:00,2026-04-10T22:38:49-07:00,5,18
cv/index.html,15,html,8540341,JingwenGu0829,2026-04-10,22:38:49,-07:00,2026-04-10T22:38:49-07:00,5,14
cv/index.html,16,html,8540341,JingwenGu0829,2026-04-10,22:38:49,-07:00,2026-04-10T22:38:49-07:00,6,69
cv/index.html,17,html,8540341,JingwenGu0829,2026-04-10,22:38:49,-07:00,2026-04-10T22:38:49-07:00,6,69
cv/index.html,18,html,8540341,JingwenGu0829,2026-04-10,22:38:49,-07:00,2026-04-10T22:38:49-07:00,6,18
cv/index.html,19,html,8540341,JingwenGu0829,2026-04-10,22:38:49,-07:00,2026-04-10T22:38:49-07:00,5,2
cv/index.html,20,html,8540341,JingwenGu0829,2026-04-10,22:38:49,-07:00,2026-04-10T22:38:49-07:00,4,4
cv/index.html,21,html,8540341,JingwenGu0829,2026-04-10,22:38:49,-07:00,2026-04-10T22:38:49-07:00,0,0
cv/index.html,22,html,8540341,JingwenGu0829,2026-04-10,22:38:49,-07:00,2026-04-10T22:38:49-07:00,4,2
cv/index.html,23,html,8540341,JingwenGu0829,2026-04-10,22:38:49,-07:00,2026-04-10T22:38:49-07:00,5,18
cv/index.html,24,html,8540341,JingwenGu0829,2026-04-10,22:38:49,-07:00,2026-04-10T22:38:49-07:00,5,31
cv/index.html,25,html,8540341,JingwenGu0829,2026-04-10,22:38:49,-07:00,2026-04-10T22:38:49-07:00,5,37
cv/index.html,26,html,8540341,JingwenGu0829,2026-04-10,22:38:49,-07:00,2026-04-10T22:38:49-07:00,4,0
cv/index.html,27,html,8540341,JingwenGu0829,2026-04-10,22:38:49,-07:00,2026-04-10T22:38:49-07:00,3,7
cv/index.html,28,html,8540341,JingwenGu0829,2026-04-10,22:38:49,-07:00,2026-04-10T22:38:49-07:00,0,0
cv/index.html,29,html,8540341,JingwenGu0829,2026-04-10,22:38:49,-07:00,2026-04-10T22:38:49-07:00,3,30
cv/index.html,30,html,8540341,JingwenGu0829,2026-04-10,22:38:49,-07:00,2026-04-10T22:38:49-07:00,4,21
cv/index.html,31,html,8540341,JingwenGu0829,2026-04-10,22:38:49,-07:00,2026-04-10T22:38:49-07:00,5,14
cv/index.html,32,html,8540341,JingwenGu0829,2026-04-10,22:38:49,-07:00,2026-04-10T22:38:49-07:00,5,1
cv/index.html,33,html,8540341,JingwenGu0829,2026-04-10,22:38:49,-07:00,2026-04-10T22:38:49-07:00,6,70
cv/index.html,34,html,8540341,JingwenGu0829,2026-04-10,22:38:49,-07:00,2026-04-10T22:38:49-07:00,6,74
cv/index.html,35,html,8540341,JingwenGu0829,2026-04-10,22:38:49,-07:00,2026-04-10T22:38:49-07:00,6,63
cv/index.html,36,html,8540341,JingwenGu0829,2026-04-10,22:38:49,-07:00,2026-04-10T22:38:49-07:00,5,2
cv/index.html,37,html,8540341,JingwenGu0829,2026-04-10,22:38:49,-07:00,2026-04-10T22:38:49-07:00,4,8
cv/index.html,38,html,8540341,JingwenGu0829,2026-04-10,22:38:49,-07:00,2026-04-10T22:38:49-07:00,0,0
cv/index.html,39,html,8540341,JingwenGu0829,2026-04-10,22:38:49,-07:00,2026-04-10T22:38:49-07:00,4,21
cv/index.html,40,html,8540341,JingwenGu0829,2026-04-10,22:38:49,-07:00,2026-04-10T22:38:49-07:00,5,21
cv/index.html,41,html,8540341,JingwenGu0829,2026-04-10,22:38:49,-07:00,2026-04-10T22:38:49-07:00,5,23
cv/index.html,42,html,8540341,JingwenGu0829,2026-04-10,22:38:49,-07:00,2026-04-10T22:38:49-07:00,6,38
cv/index.html,43,html,8540341,JingwenGu0829,2026-04-10,22:38:49,-07:00,2026-04-10T22:38:49-07:00,6,42
cv/index.html,44,html,8540341,JingwenGu0829,2026-04-10,22:38:49,-07:00,2026-04-10T22:38:49-07:00,6,52
cv/index.html,45,html,8540341,JingwenGu0829,2026-04-10,22:38:49,-07:00,2026-04-10T22:38:49-07:00,6,47
cv/index.html,46,html,8540341,JingwenGu0829,2026-04-10,22:38:49,-07:00,2026-04-10T22:38:49-07:00,5,3
cv/index.html,47,html,8540341,JingwenGu0829,2026-04-10,22:38:49,-07:00,2026-04-10T22:38:49-07:00,4,8
cv/index.html,48,html,8540341,JingwenGu0829,2026-04-10,22:38:49,-07:00,2026-04-10T22:38:49-07:00,3,8
cv/index.html,49,html,8540341,JingwenGu0829,2026-04-10,22:38:49,-07:00,2026-04-10T22:38:49-07:00,0,0
cv/index.html,50,html,8540341,JingwenGu0829,2026-04-10,22:38:49,-07:00,2026-04-10T22:38:49-07:00,3,21
cv/index.html,51,html,8540341,JingwenGu0829,2026-04-10,22:38:49,-07:00,2026-04-10T22:38:49-07:00,4,17
cv/index.html,52,html,8540341,JingwenGu0829,2026-04-10,22:38:49,-07:00,2026-04-10T22:38:49-07:00,0,0
cv/index.html,53,html,8540341,JingwenGu0829,2026-04-10,22:38:49,-07:00,2026-04-10T22:38:49-07:00,4,27
cv/index.html,54,html,8540341,JingwenGu0829,2026-04-10,22:38:49,-07:00,2026-04-10T22:38:49-07:00,5,6
cv/index.html,55,html,8540341,JingwenGu0829,2026-04-10,22:38:49,-07:00,2026-04-10T22:38:49-07:00,6,3
cv/index.html,56,html,8540341,JingwenGu0829,2026-04-10,22:38:49,-07:00,2026-04-10T22:38:49-07:00,7,45
cv/index.html,57,html,8540341,JingwenGu0829,2026-04-10,22:38:49,-07:00,2026-04-10T22:38:49-07:00,7,17
cv/index.html,58,html,8540341,JingwenGu0829,2026-04-10,22:38:49,-07:00,2026-04-10T22:38:49-07:00,6,4
cv/index.html,59,html,8540341,JingwenGu0829,2026-04-10,22:38:49,-07:00,2026-04-10T22:38:49-07:00,6,48
cv/index.html,60,html,8540341,JingwenGu0829,2026-04-10,22:38:49,-07:00,2026-04-10T22:38:49-07:00,5,7
cv/index.html,61,html,8540341,JingwenGu0829,2026-04-10,22:38:49,-07:00,2026-04-10T22:38:49-07:00,5,1
cv/index.html,62,html,8540341,JingwenGu0829,2026-04-10,22:38:49,-07:00,2026-04-10T22:38:49-07:00,6,72
cv/index.html,63,html,8540341,JingwenGu0829,2026-04-10,22:38:49,-07:00,2026-04-10T22:38:49-07:00,6,63
cv/index.html,64,html,8540341,JingwenGu0829,2026-04-10,22:38:49,-07:00,2026-04-10T22:38:49-07:00,5,2
cv/index.html,65,html,8540341,JingwenGu0829,2026-04-10,22:38:49,-07:00,2026-04-10T22:38:49-07:00,4,8
cv/index.html,66,html,8540341,JingwenGu0829,2026-04-10,22:38:49,-07:00,2026-04-10T22:38:49-07:00,0,0
cv/index.html,67,html,8540341,JingwenGu0829,2026-04-10,22:38:49,-07:00,2026-04-10T22:38:49-07:00,4,27
cv/index.html,68,html,8540341,JingwenGu0829,2026-04-10,22:38:49,-07:00,2026-04-10T22:38:49-07:00,5,6
cv/index.html,69,html,8540341,JingwenGu0829,2026-04-10,22:38:49,-07:00,2026-04-10T22:38:49-07:00,6,3
cv/index.html,70,html,8540341,JingwenGu0829,2026-04-10,22:38:49,-07:00,2026-04-10T22:38:49-07:00,7,57
cv/index.html,71,html,8540341,JingwenGu0829,2026-04-10,22:38:49,-07:00,2026-04-10T22:38:49-07:00,7,34
cv/index.html,72,html,8540341,JingwenGu0829,2026-04-10,22:38:49,-07:00,2026-04-10T22:38:49-07:00,6,4
cv/index.html,73,html,8540341,JingwenGu0829,2026-04-10,22:38:49,-07:00,2026-04-10T22:38:49-07:00,6,88
cv/index.html,74,html,8540341,JingwenGu0829,2026-04-10,22:38:49,-07:00,2026-04-10T22:38:49-07:00,5,7
cv/index.html,75,html,8540341,JingwenGu0829,2026-04-10,22:38:49,-07:00,2026-04-10T22:38:49-07:00,5,1
cv/index.html,76,html,8540341,JingwenGu0829,2026-04-10,22:38:49,-07:00,2026-04-10T22:38:49-07:00,6,68
cv/index.html,77,html,8540341,JingwenGu0829,2026-04-10,22:38:49,-07:00,2026-04-10T22:38:49-07:00,6,43
cv/index.html,78,html,8540341,JingwenGu0829,2026-04-10,22:38:49,-07:00,2026-04-10T22:38:49-07:00,5,2
cv/index.html,79,html,8540341,JingwenGu0829,2026-04-10,22:38:49,-07:00,2026-04-10T22:38:49-07:00,4,8
cv/index.html,80,html,8540341,JingwenGu0829,2026-04-10,22:38:49,-07:00,2026-04-10T22:38:49-07:00,3,8
cv/index.html,81,html,8540341,JingwenGu0829,2026-04-10,22:38:49,-07:00,2026-04-10T22:38:49-07:00,0,0
cv/index.html,82,html,8540341,JingwenGu0829,2026-04-10,22:38:49,-07:00,2026-04-10T22:38:49-07:00,3,21
cv/index.html,83,html,8540341,JingwenGu0829,2026-04-10,22:38:49,-07:00,2026-04-10T22:38:49-07:00,4,23
cv/index.html,84,html,8540341,JingwenGu0829,2026-04-10,22:38:49,-07:00,2026-04-10T22:38:49-07:00,0,0
cv/index.html,85,html,8540341,JingwenGu0829,2026-04-10,22:38:49,-07:00,2026-04-10T22:38:49-07:00,4,27
cv/index.html,86,html,8540341,JingwenGu0829,2026-04-10,22:38:49,-07:00,2026-04-10T22:38:49-07:00,5,6
cv/index.html,87,html,8540341,JingwenGu0829,2026-04-10,22:38:49,-07:00,2026-04-10T22:38:49-07:00,6,3
cv/index.html,88,html,8540341,JingwenGu0829,2026-04-10,22:38:49,-07:00,2026-04-10T22:38:49-07:00,7,20
cv/index.html,89,html,8540341,JingwenGu0829,2026-04-10,22:38:49,-07:00,2026-04-10T22:38:49-07:00,7,36
cv/index.html,90,html,8540341,JingwenGu0829,2026-04-10,22:38:49,-07:00,2026-04-10T22:38:49-07:00,6,4
cv/index.html,91,html,8540341,JingwenGu0829,2026-04-10,22:38:49,-07:00,2026-04-10T22:38:49-07:00,6,44
cv/index.html,92,html,8540341,JingwenGu0829,2026-04-10,22:38:49,-07:00,2026-04-10T22:38:49-07:00,5,7
cv/index.html,93,html,8540341,JingwenGu0829,2026-04-10,22:38:49,-07:00,2026-04-10T22:38:49-07:00,5,1
cv/index.html,94,html,8540341,JingwenGu0829,2026-04-10,22:38:49,-07:00,2026-04-10T22:38:49-07:00,6,71
cv/index.html,95,html,8540341,JingwenGu0829,2026-04-10,22:38:49,-07:00,2026-04-10T22:38:49-07:00,6,27
cv/index.html,96,html,8540341,JingwenGu0829,2026-04-10,22:38:49,-07:00,2026-04-10T22:38:49-07:00,5,2
cv/index.html,97,html,8540341,JingwenGu0829,2026-04-10,22:38:49,-07:00,2026-04-10T22:38:49-07:00,4,8
cv/index.html,98,html,8540341,JingwenGu0829,2026-04-10,22:38:49,-07:00,2026-04-10T22:38:49-07:00,0,0
cv/index.html,99,html,8540341,JingwenGu0829,2026-04-10,22:38:49,-07:00,2026-04-10T22:38:49-07:00,4,27
cv/index.html,100,html,8540341,JingwenGu0829,2026-04-10,22:38:49,-07:00,2026-04-10T22:38:49-07:00,5,6
cv/index.html,101,html,8540341,JingwenGu0829,2026-04-10,22:38:49,-07:00,2026-04-10T22:38:49-07:00,6,3
cv/index.html,102,html,8540341,JingwenGu0829,2026-04-10,22:38:49,-07:00,2026-04-10T22:38:49-07:00,7,19
cv/index.html,103,html,8540341,JingwenGu0829,2026-04-10,22:38:49,-07:00,2026-04-10T22:38:49-07:00,7,45
cv/index.html,104,html,8540341,JingwenGu0829,2026-04-10,22:38:49,-07:00,2026-04-10T22:38:49-07:00,6,4
cv/index.html,105,html,8540341,JingwenGu0829,2026-04-10,22:38:49,-07:00,2026-04-10T22:38:49-07:00,6,44
cv/index.html,106,html,8540341,JingwenGu0829,2026-04-10,22:38:49,-07:00,2026-04-10T22:38:49-07:00,5,7
cv/index.html,107,html,8540341,JingwenGu0829,2026-04-10,22:38:49,-07:00,2026-04-10T22:38:49-07:00,5,1
cv/index.html,108,html,8540341,JingwenGu0829,2026-04-10,22:38:49,-07:00,2026-04-10T22:38:49-07:00,6,68
cv/index.html,109,html,8540341,JingwenGu0829,2026-04-10,22:38:49,-07:00,2026-04-10T22:38:49-07:00,6,44
cv/index.html,110,html,8540341,JingwenGu0829,2026-04-10,22:38:49,-07:00,2026-04-10T22:38:49-07:00,5,2
cv/index.html,111,html,8540341,JingwenGu0829,2026-04-10,22:38:49,-07:00,2026-04-10T22:38:49-07:00,4,8
cv/index.html,112,html,8540341,JingwenGu0829,2026-04-10,22:38:49,-07:00,2026-04-10T22:38:49-07:00,3,8
cv/index.html,113,html,8540341,JingwenGu0829,2026-04-10,22:38:49,-07:00,2026-04-10T22:38:49-07:00,0,0
cv/index.html,114,html,8540341,JingwenGu0829,2026-04-10,22:38:49,-07:00,2026-04-10T22:38:49-07:00,3,30
cv/index.html,115,html,8540341,JingwenGu0829,2026-04-10,22:38:49,-07:00,2026-04-10T22:38:49-07:00,4,21
cv/index.html,116,html,8540341,JingwenGu0829,2026-04-10,22:38:49,-07:00,2026-04-10T22:38:49-07:00,5,27
cv/index.html,117,html,8540341,JingwenGu0829,2026-04-10,22:38:49,-07:00,2026-04-10T22:38:49-07:00,5,1
cv/index.html,118,html,8540341,JingwenGu0829,2026-04-10,22:38:49,-07:00,2026-04-10T22:38:49-07:00,6,74
cv/index.html,119,html,8540341,JingwenGu0829,2026-04-10,22:38:49,-07:00,2026-04-10T22:38:49-07:00,6,41
cv/index.html,120,html,8540341,JingwenGu0829,2026-04-10,22:38:49,-07:00,2026-04-10T22:38:49-07:00,5,2
cv/index.html,121,html,8540341,JingwenGu0829,2026-04-10,22:38:49,-07:00,2026-04-10T22:38:49-07:00,5,1
cv/index.html,122,html,8540341,JingwenGu0829,2026-04-10,22:38:49,-07:00,2026-04-10T22:38:49-07:00,6,68
cv/index.html,123,html,8540341,JingwenGu0829,2026-04-10,22:38:49,-07:00,2026-04-10T22:38:49-07:00,6,51
cv/index.html,124,html,8540341,JingwenGu0829,2026-04-10,22:38:49,-07:00,2026-04-10T22:38:49-07:00,5,2
cv/index.html,125,html,8540341,JingwenGu0829,2026-04-10,22:38:49,-07:00,2026-04-10T22:38:49-07:00,4,8
cv/index.html,126,html,8540341,JingwenGu0829,2026-04-10,22:38:49,-07:00,2026-04-10T22:38:49-07:00,0,0
cv/index.html,127,html,8540341,JingwenGu0829,2026-04-10,22:38:49,-07:00,2026-04-10T22:38:49-07:00,4,21
cv/index.html,128,html,8540341,JingwenGu0829,2026-04-10,22:38:49,-07:00,2026-04-10T22:38:49-07:00,5,35
cv/index.html,129,html,8540341,JingwenGu0829,2026-04-10,22:38:49,-07:00,2026-04-10T22:38:49-07:00,5,23
cv/index.html,130,html,8540341,JingwenGu0829,2026-04-10,22:38:49,-07:00,2026-04-10T22:38:49-07:00,6,15
cv/index.html,131,html,8540341,JingwenGu0829,2026-04-10,22:38:49,-07:00,2026-04-10T22:38:49-07:00,6,45
cv/index.html,132,html,8540341,JingwenGu0829,2026-04-10,22:38:49,-07:00,2026-04-10T22:38:49-07:00,6,47
cv/index.html,133,html,8540341,JingwenGu0829,2026-04-10,22:38:49,-07:00,2026-04-10T22:38:49-07:00,6,35
cv/index.html,134,html,8540341,JingwenGu0829,2026-04-10,22:38:49,-07:00,2026-04-10T22:38:49-07:00,5,3
cv/index.html,135,html,8540341,JingwenGu0829,2026-04-10,22:38:49,-07:00,2026-04-10T22:38:49-07:00,4,8
cv/index.html,136,html,8540341,JingwenGu0829,2026-04-10,22:38:49,-07:00,2026-04-10T22:38:49-07:00,3,8
cv/index.html,137,html,8540341,JingwenGu0829,2026-04-10,22:38:49,-07:00,2026-04-10T22:38:49-07:00,2,5
cv/index.html,138,html,8540341,JingwenGu0829,2026-04-10,22:38:49,-07:00,2026-04-10T22:38:49-07:00,0,0
cv/index.html,139,html,8540341,JingwenGu0829,2026-04-10,22:38:49,-07:00,2026-04-10T22:38:49-07:00,2,6
cv/index.html,140,html,8540341,JingwenGu0829,2026-04-10,22:38:49,-07:00,2026-04-10T22:38:49-07:00,3,100
cv/index.html,141,html,8540341,JingwenGu0829,2026-04-10,22:38:49,-07:00,2026-04-10T22:38:49-07:00,2,7
cv/index.html,142,html,4ba20847,JingwenGu0829,2026-04-13,14:30:06,-07:00,2026-04-13T14:30:06-07:00,0,0
cv/index.html,143,html,4ba20847,JingwenGu0829,2026-04-13,14:30:06,-07:00,2026-04-13T14:30:06-07:00,2,48
cv/index.html,144,html,8540341,JingwenGu0829,2026-04-10,22:38:49,-07:00,2026-04-10T22:38:49-07:00,1,5
cv/index.html,145,html,8540341,JingwenGu0829,2026-04-10,22:38:49,-07:00,2026-04-10T22:38:49-07:00,0,5
contact/index.html,1,html,8540341,JingwenGu0829,2026-04-10,22:38:49,-07:00,2026-04-10T22:38:49-07:00,0,13
contact/index.html,2,html,8540341,JingwenGu0829,2026-04-10,22:38:49,-07:00,2026-04-10T22:38:49-07:00,0,14
contact/index.html,3,html,8540341,JingwenGu0829,2026-04-10,22:38:49,-07:00,2026-04-10T22:38:49-07:00,1,4
contact/index.html,4,html,8540341,JingwenGu0829,2026-04-10,22:38:49,-07:00,2026-04-10T22:38:49-07:00,2,20
contact/index.html,5,html,8540341,JingwenGu0829,2026-04-10,22:38:49,-07:00,2026-04-10T22:38:49-07:00,2,68
contact/index.html,6,html,8540341,JingwenGu0829,2026-04-10,22:38:49,-07:00,2026-04-10T22:38:49-07:00,2,29
contact/index.html,7,html,8540341,JingwenGu0829,2026-04-10,22:38:49,-07:00,2026-04-10T22:38:49-07:00,2,41
contact/index.html,8,html,8540341,JingwenGu0829,2026-04-10,22:38:49,-07:00,2026-04-10T22:38:49-07:00,1,5
contact/index.html,9,html,8540341,JingwenGu0829,2026-04-10,22:38:49,-07:00,2026-04-10T22:38:49-07:00,1,4
contact/index.html,10,html,8540341,JingwenGu0829,2026-04-10,22:38:49,-07:00,2026-04-10T22:38:49-07:00,2,4
contact/index.html,11,html,8540341,JingwenGu0829,2026-04-10,22:38:49,-07:00,2026-04-10T22:38:49-07:00,3,26
contact/index.html,12,html,8540341,JingwenGu0829,2026-04-10,22:38:49,-07:00,2026-04-10T22:38:49-07:00,4,47
contact/index.html,13,html,8540341,JingwenGu0829,2026-04-10,22:38:49,-07:00,2026-04-10T22:38:49-07:00,4,23
contact/index.html,14,html,8540341,JingwenGu0829,2026-04-10,22:38:49,-07:00,2026-04-10T22:38:49-07:00,4,14
contact/index.html,15,html,8540341,JingwenGu0829,2026-04-10,22:38:49,-07:00,2026-04-10T22:38:49-07:00,5,71
contact/index.html,16,html,8540341,JingwenGu0829,2026-04-10,22:38:49,-07:00,2026-04-10T22:38:49-07:00,5,52
contact/index.html,17,html,8540341,JingwenGu0829,2026-04-10,22:38:49,-07:00,2026-04-10T22:38:49-07:00,4,2
contact/index.html,18,html,8540341,JingwenGu0829,2026-04-10,22:38:49,-07:00,2026-04-10T22:38:49-07:00,3,7
contact/index.html,19,html,8540341,JingwenGu0829,2026-04-10,22:38:49,-07:00,2026-04-10T22:38:49-07:00,0,0
contact/index.html,20,html,8540341,JingwenGu0829,2026-04-10,22:38:49,-07:00,2026-04-10T22:38:49-07:00,3,30
contact/index.html,21,html,8540341,JingwenGu0829,2026-04-10,22:38:49,-07:00,2026-04-10T22:38:49-07:00,4,17
contact/index.html,22,html,8540341,JingwenGu0829,2026-04-10,22:38:49,-07:00,2026-04-10T22:38:49-07:00,5,23
contact/index.html,23,html,8540341,JingwenGu0829,2026-04-10,22:38:49,-07:00,2026-04-10T22:38:49-07:00,5,1
contact/index.html,24,html,8540341,JingwenGu0829,2026-04-10,22:38:49,-07:00,2026-04-10T22:38:49-07:00,6,66
contact/index.html,25,html,8540341,JingwenGu0829,2026-04-10,22:38:49,-07:00,2026-04-10T22:38:49-07:00,6,67
contact/index.html,26,html,8540341,JingwenGu0829,2026-04-10,22:38:49,-07:00,2026-04-10T22:38:49-07:00,5,2
contact/index.html,27,html,8540341,JingwenGu0829,2026-04-10,22:38:49,-07:00,2026-04-10T22:38:49-07:00,5,1
contact/index.html,28,html,8540341,JingwenGu0829,2026-04-10,22:38:49,-07:00,2026-04-10T22:38:49-07:00,6,69
contact/index.html,29,html,8540341,JingwenGu0829,2026-04-10,22:38:49,-07:00,2026-04-10T22:38:49-07:00,6,33
contact/index.html,30,html,8540341,JingwenGu0829,2026-04-10,22:38:49,-07:00,2026-04-10T22:38:49-07:00,5,2
contact/index.html,31,html,8540341,JingwenGu0829,2026-04-10,22:38:49,-07:00,2026-04-10T22:38:49-07:00,4,4
contact/index.html,32,html,8540341,JingwenGu0829,2026-04-10,22:38:49,-07:00,2026-04-10T22:38:49-07:00,0,0
contact/index.html,33,html,8540341,JingwenGu0829,2026-04-10,22:38:49,-07:00,2026-04-10T22:38:49-07:00,4,17
contact/index.html,34,html,8540341,JingwenGu0829,2026-04-10,22:38:49,-07:00,2026-04-10T22:38:49-07:00,5,81
contact/index.html,35,html,8540341,JingwenGu0829,2026-04-10,22:38:49,-07:00,2026-04-10T22:38:49-07:00,6,5
contact/index.html,36,html,8540341,JingwenGu0829,2026-04-10,22:38:49,-07:00,2026-04-10T22:38:49-07:00,7,21
contact/index.html,37,html,8540341,JingwenGu0829,2026-04-10,22:38:49,-07:00,2026-04-10T22:38:49-07:00,7,67
contact/index.html,38,html,8540341,JingwenGu0829,2026-04-10,22:38:49,-07:00,2026-04-10T22:38:49-07:00,6,6
contact/index.html,39,html,8540341,JingwenGu0829,2026-04-10,22:38:49,-07:00,2026-04-10T22:38:49-07:00,0,0
contact/index.html,40,html,8540341,JingwenGu0829,2026-04-10,22:38:49,-07:00,2026-04-10T22:38:49-07:00,6,5
contact/index.html,41,html,8540341,JingwenGu0829,2026-04-10,22:38:49,-07:00,2026-04-10T22:38:49-07:00,7,18
contact/index.html,42,html,8540341,JingwenGu0829,2026-04-10,22:38:49,-07:00,2026-04-10T22:38:49-07:00,7,71
contact/index.html,43,html,8540341,JingwenGu0829,2026-04-10,22:38:49,-07:00,2026-04-10T22:38:49-07:00,6,6
contact/index.html,44,html,8540341,JingwenGu0829,2026-04-10,22:38:49,-07:00,2026-04-10T22:38:49-07:00,0,0
contact/index.html,45,html,8540341,JingwenGu0829,2026-04-10,22:38:49,-07:00,2026-04-10T22:38:49-07:00,6,5
contact/index.html,46,html,8540341,JingwenGu0829,2026-04-10,22:38:49,-07:00,2026-04-10T22:38:49-07:00,7,18
contact/index.html,47,html,8540341,JingwenGu0829,2026-04-10,22:38:49,-07:00,2026-04-10T22:38:49-07:00,7,44
contact/index.html,48,html,8540341,JingwenGu0829,2026-04-10,22:38:49,-07:00,2026-04-10T22:38:49-07:00,0,0
contact/index.html,49,html,8540341,JingwenGu0829,2026-04-10,22:38:49,-07:00,2026-04-10T22:38:49-07:00,0,125
contact/index.html,50,html,8540341,JingwenGu0829,2026-04-10,22:38:49,-07:00,2026-04-10T22:38:49-07:00,0,0
contact/index.html,51,html,8540341,JingwenGu0829,2026-04-10,22:38:49,-07:00,2026-04-10T22:38:49-07:00,0,5
contact/index.html,52,html,8540341,JingwenGu0829,2026-04-10,22:38:49,-07:00,2026-04-10T22:38:49-07:00,0,15
contact/index.html,53,html,8540341,JingwenGu0829,2026-04-10,22:38:49,-07:00,2026-04-10T22:38:49-07:00,6,6
contact/index.html,54,html,8540341,JingwenGu0829,2026-04-10,22:38:49,-07:00,2026-04-10T22:38:49-07:00,0,0
contact/index.html,55,html,8540341,JingwenGu0829,2026-04-10,22:38:49,-07:00,2026-04-10T22:38:49-07:00,6,32
contact/index.html,56,html,8540341,JingwenGu0829,2026-04-10,22:38:49,-07:00,2026-04-10T22:38:49-07:00,5,5
contact/index.html,57,html,8540341,JingwenGu0829,2026-04-10,22:38:49,-07:00,2026-04-10T22:38:49-07:00,4,4
contact/index.html,58,html,8540341,JingwenGu0829,2026-04-10,22:38:49,-07:00,2026-04-10T22:38:49-07:00,3,8
contact/index.html,59,html,8540341,JingwenGu0829,2026-04-10,22:38:49,-07:00,2026-04-10T22:38:49-07:00,2,5
contact/index.html,60,html,8540341,JingwenGu0829,2026-04-10,22:38:49,-07:00,2026-04-10T22:38:49-07:00,0,0
contact/index.html,61,html,8540341,JingwenGu0829,2026-04-10,22:38:49,-07:00,2026-04-10T22:38:49-07:00,2,6
contact/index.html,62,html,8540341,JingwenGu0829,2026-04-10,22:38:49,-07:00,2026-04-10T22:38:49-07:00,3,87
contact/index.html,63,html,8540341,JingwenGu0829,2026-04-10,22:38:49,-07:00,2026-04-10T22:38:49-07:00,2,7
contact/index.html,64,html,4ba20847,JingwenGu0829,2026-04-13,14:30:06,-07:00,2026-04-13T14:30:06-07:00,0,0
contact/index.html,65,html,4ba20847,JingwenGu0829,2026-04-13,14:30:06,-07:00,2026-04-13T14:30:06-07:00,2,48
contact/index.html,66,html,8540341,JingwenGu0829,2026-04-10,22:38:49,-07:00,2026-04-10T22:38:49-07:00,1,5
contact/index.html,67,html,8540341,JingwenGu0829,2026-04-10,22:38:49,-07:00,2026-04-10T22:38:49-07:00,0,5
