source_id,member_id,experiment_id,scenario,city,state,lat,lon,grid_lat,grid_lon_0_360,year,temp_k,temp_c,baseline_temp_c,temp_anomaly_c,baseline_period
CESM2,r4i1p1f1,historical,Historical,Los Angeles,CA,34.0522,-118.2437,34.3979057591623,241.25,1950,291.8476,18.697601,19.508799,-0.8111973,1995-2014
CESM2,r4i1p1f1,historical,Historical,Los Angeles,CA,34.0522,-118.2437,34.3979057591623,241.25,1951,291.72787,18.57788,19.508799,-0.93091774,1995-2014
CESM2,r4i1p1f1,historical,Historical,Los Angeles,CA,34.0522,-118.2437,34.3979057591623,241.25,1952,290.74405,17.594055,19.508799,-1.9147434,1995-2014
CESM2,r4i1p1f1,historical,Historical,Los Angeles,CA,34.0522,-118.2437,34.3979057591623,241.25,1953,291.49704,18.347046,19.508799,-1.1617527,1995-2014
CESM2,r4i1p1f1,historical,Historical,Los Angeles,CA,34.0522,-118.2437,34.3979057591623,241.25,1954,291.70142,18.551422,19.508799,-0.9573765,1995-2014
CESM2,r4i1p1f1,historical,Historical,Los Angeles,CA,34.0522,-118.2437,34.3979057591623,241.25,1955,292.01764,18.867645,19.508799,-0.64115334,1995-2014
CESM2,r4i1p1f1,historical,Historical,Los Angeles,CA,34.0522,-118.2437,34.3979057591623,241.25,1956,291.75507,18.605072,19.508799,-0.9037266,1995-2014
CESM2,r4i1p1f1,historical,Historical,Los Angeles,CA,34.0522,-118.2437,34.3979057591623,241.25,1957,292.17413,19.02414,19.508799,-0.4846592,1995-2014
CESM2,r4i1p1f1,historical,Historical,Los Angeles,CA,34.0522,-118.2437,34.3979057591623,241.25,1958,291.78357,18.633575,19.508799,-0.87522316,1995-2014
CESM2,r4i1p1f1,historical,Historical,Los Angeles,CA,34.0522,-118.2437,34.3979057591623,241.25,1959,291.4958,18.345795,19.508799,-1.1630039,1995-2014
CESM2,r4i1p1f1,historical,Historical,Los Angeles,CA,34.0522,-118.2437,34.3979057591623,241.25,1960,290.81912,17.669128,19.508799,-1.8396702,1995-2014
CESM2,r4i1p1f1,historical,Historical,Los Angeles,CA,34.0522,-118.2437,34.3979057591623,241.25,1961,289.5092,16.359192,19.508799,-3.1496067,1995-2014
CESM2,r4i1p1f1,historical,Historical,Los Angeles,CA,34.0522,-118.2437,34.3979057591623,241.25,1962,290.68253,17.532532,19.508799,-1.9762669,1995-2014
CESM2,r4i1p1f1,historical,Historical,Los Angeles,CA,34.0522,-118.2437,34.3979057591623,241.25,1963,292.26343,19.113434,19.508799,-0.39536476,1995-2014
CESM2,r4i1p1f1,historical,Historical,Los Angeles,CA,34.0522,-118.2437,34.3979057591623,241.25,1964,290.70178,17.551788,19.508799,-1.9570103,1995-2014
CESM2,r4i1p1f1,historical,Historical,Los Angeles,CA,34.0522,-118.2437,34.3979057591623,241.25,1965,291.70572,18.555725,19.508799,-0.9530735,1995-2014
CESM2,r4i1p1f1,historical,Historical,Los Angeles,CA,34.0522,-118.2437,34.3979057591623,241.25,1966,291.73898,18.58899,19.508799,-0.91980934,1995-2014
CESM2,r4i1p1f1,historical,Historical,Los Angeles,CA,34.0522,-118.2437,34.3979057591623,241.25,1967,292.2422,19.092194,19.508799,-0.416605,1995-2014
CESM2,r4i1p1f1,historical,Historical,Los Angeles,CA,34.0522,-118.2437,34.3979057591623,241.25,1968,292.14508,18.995087,19.508799,-0.5137119,1995-2014
CESM2,r4i1p1f1,historical,Historical,Los Angeles,CA,34.0522,-118.2437,34.3979057591623,241.25,1969,291.3793,18.22931,19.508799,-1.2794895,1995-2014
CESM2,r4i1p1f1,historical,Historical,Los Angeles,CA,34.0522,-118.2437,34.3979057591623,241.25,1970,291.0427,17.8927,19.508799,-1.6160984,1995-2014
CESM2,r4i1p1f1,historical,Historical,Los Angeles,CA,34.0522,-118.2437,34.3979057591623,241.25,1971,290.62845,17.478455,19.508799,-2.030344,1995-2014
CESM2,r4i1p1f1,historical,Historical,Los Angeles,CA,34.0522,-118.2437,34.3979057591623,241.25,1972,291.5309,18.38092,19.508799,-1.1278782,1995-2014
CESM2,r4i1p1f1,historical,Historical,Los Angeles,CA,34.0522,-118.2437,34.3979057591623,241.25,1973,290.54758,17.397583,19.508799,-2.1112156,1995-2014
CESM2,r4i1p1f1,historical,Historical,Los Angeles,CA,34.0522,-118.2437,34.3979057591623,241.25,1974,291.32596,18.175964,19.508799,-1.3328342,1995-2014
CESM2,r4i1p1f1,historical,Historical,Los Angeles,CA,34.0522,-118.2437,34.3979057591623,241.25,1975,291.74362,18.593628,19.508799,-0.91517067,1995-2014
CESM2,r4i1p1f1,historical,Historical,Los Angeles,CA,34.0522,-118.2437,34.3979057591623,241.25,1976,291.48306,18.333069,19.508799,-1.1757298,1995-2014
CESM2,r4i1p1f1,historical,Historical,Los Angeles,CA,34.0522,-118.2437,34.3979057591623,241.25,1977,290.67923,17.529236,19.508799,-1.9795628,1995-2014
CESM2,r4i1p1f1,historical,Historical,Los Angeles,CA,34.0522,-118.2437,34.3979057591623,241.25,1978,291.6249,18.474915,19.508799,-1.033884,1995-2014
CESM2,r4i1p1f1,historical,Historical,Los Angeles,CA,34.0522,-118.2437,34.3979057591623,241.25,1979,291.50717,18.357178,19.508799,-1.1516209,1995-2014
CESM2,r4i1p1f1,historical,Historical,Los Angeles,CA,34.0522,-118.2437,34.3979057591623,241.25,1980,291.89413,18.74414,19.508799,-0.764658,1995-2014
CESM2,r4i1p1f1,historical,Historical,Los Angeles,CA,34.0522,-118.2437,34.3979057591623,241.25,1981,292.27048,19.120483,19.508799,-0.3883152,1995-2014
CESM2,r4i1p1f1,historical,Historical,Los Angeles,CA,34.0522,-118.2437,34.3979057591623,241.25,1982,291.09076,17.940765,19.508799,-1.5680332,1995-2014
CESM2,r4i1p1f1,historical,Historical,Los Angeles,CA,34.0522,-118.2437,34.3979057591623,241.25,1983,291.24625,18.096252,19.508799,-1.4125462,1995-2014
CESM2,r4i1p1f1,historical,Historical,Los Angeles,CA,34.0522,-118.2437,34.3979057591623,241.25,1984,292.15695,19.006958,19.508799,-0.5018406,1995-2014
CESM2,r4i1p1f1,historical,Historical,Los Angeles,CA,34.0522,-118.2437,34.3979057591623,241.25,1985,292.05038,18.90039,19.508799,-0.608408,1995-2014
CESM2,r4i1p1f1,historical,Historical,Los Angeles,CA,34.0522,-118.2437,34.3979057591623,241.25,1986,292.16287,19.012878,19.508799,-0.49592018,1995-2014
CESM2,r4i1p1f1,historical,Historical,Los Angeles,CA,34.0522,-118.2437,34.3979057591623,241.25,1987,292.49255,19.34256,19.508799,-0.16623878,1995-2014
CESM2,r4i1p1f1,historical,Historical,Los Angeles,CA,34.0522,-118.2437,34.3979057591623,241.25,1988,291.12146,17.971466,19.508799,-1.5373325,1995-2014
CESM2,r4i1p1f1,historical,Historical,Los Angeles,CA,34.0522,-118.2437,34.3979057591623,241.25,1989,292.70395,19.553955,19.508799,0.04515648,1995-2014
CESM2,r4i1p1f1,historical,Historical,Los Angeles,CA,34.0522,-118.2437,34.3979057591623,241.25,1990,292.2664,19.116394,19.508799,-0.39240456,1995-2014
CESM2,r4i1p1f1,historical,Historical,Los Angeles,CA,34.0522,-118.2437,34.3979057591623,241.25,1991,290.5184,17.368408,19.508799,-2.1403904,1995-2014
CESM2,r4i1p1f1,historical,Historical,Los Angeles,CA,34.0522,-118.2437,34.3979057591623,241.25,1992,291.99838,18.848389,19.508799,-0.6604099,1995-2014
CESM2,r4i1p1f1,historical,Historical,Los Angeles,CA,34.0522,-118.2437,34.3979057591623,241.25,1993,291.93753,18.787537,19.508799,-0.721262,1995-2014
CESM2,r4i1p1f1,historical,Historical,Los Angeles,CA,34.0522,-118.2437,34.3979057591623,241.25,1994,292.40634,19.256348,19.508799,-0.25245094,1995-2014
CESM2,r4i1p1f1,historical,Historical,Los Angeles,CA,34.0522,-118.2437,34.3979057591623,241.25,1995,292.1088,18.958801,19.508799,-0.5499973,1995-2014
CESM2,r4i1p1f1,historical,Historical,Los Angeles,CA,34.0522,-118.2437,34.3979057591623,241.25,1996,292.51212,19.362122,19.508799,-0.14667702,1995-2014
CESM2,r4i1p1f1,historical,Historical,Los Angeles,CA,34.0522,-118.2437,34.3979057591623,241.25,1997,292.37677,19.226776,19.508799,-0.28202248,1995-2014
CESM2,r4i1p1f1,historical,Historical,Los Angeles,CA,34.0522,-118.2437,34.3979057591623,241.25,1998,292.05698,18.906982,19.508799,-0.6018162,1995-2014
CESM2,r4i1p1f1,historical,Historical,Los Angeles,CA,34.0522,-118.2437,34.3979057591623,241.25,1999,293.0781,19.9281,19.508799,0.419302,1995-2014
CESM2,r4i1p1f1,historical,Historical,Los Angeles,CA,34.0522,-118.2437,34.3979057591623,241.25,2000,293.42465,20.274658,19.508799,0.7658596,1995-2014
CESM2,r4i1p1f1,historical,Historical,Los Angeles,CA,34.0522,-118.2437,34.3979057591623,241.25,2001,293.77823,20.628235,19.508799,1.1194363,1995-2014
CESM2,r4i1p1f1,historical,Historical,Los Angeles,CA,34.0522,-118.2437,34.3979057591623,241.25,2002,292.10434,18.954346,19.508799,-0.5544529,1995-2014
CESM2,r4i1p1f1,historical,Historical,Los Angeles,CA,34.0522,-118.2437,34.3979057591623,241.25,2003,292.88846,19.738464,19.508799,0.22966576,1995-2014
CESM2,r4i1p1f1,historical,Historical,Los Angeles,CA,34.0522,-118.2437,34.3979057591623,241.25,2004,292.63916,19.489166,19.508799,-0.01963234,1995-2014
CESM2,r4i1p1f1,historical,Historical,Los Angeles,CA,34.0522,-118.2437,34.3979057591623,241.25,2005,292.47406,19.324066,19.508799,-0.18473244,1995-2014
CESM2,r4i1p1f1,historical,Historical,Los Angeles,CA,34.0522,-118.2437,34.3979057591623,241.25,2006,291.5106,18.360596,19.508799,-1.1482029,1995-2014
CESM2,r4i1p1f1,historical,Historical,Los Angeles,CA,34.0522,-118.2437,34.3979057591623,241.25,2007,293.0342,19.884216,19.508799,0.3754177,1995-2014
CESM2,r4i1p1f1,historical,Historical,Los Angeles,CA,34.0522,-118.2437,34.3979057591623,241.25,2008,292.6977,19.547699,19.508799,0.038900375,1995-2014
CESM2,r4i1p1f1,historical,Historical,Los Angeles,CA,34.0522,-118.2437,34.3979057591623,241.25,2009,293.10083,19.950836,19.508799,0.44203758,1995-2014
CESM2,r4i1p1f1,historical,Historical,Los Angeles,CA,34.0522,-118.2437,34.3979057591623,241.25,2010,293.03024,19.880249,19.508799,0.37145042,1995-2014
CESM2,r4i1p1f1,historical,Historical,Los Angeles,CA,34.0522,-118.2437,34.3979057591623,241.25,2011,292.22623,19.076233,19.508799,-0.4325657,1995-2014
CESM2,r4i1p1f1,historical,Historical,Los Angeles,CA,34.0522,-118.2437,34.3979057591623,241.25,2012,292.97366,19.82367,19.508799,0.31487083,1995-2014
CESM2,r4i1p1f1,historical,Historical,Los Angeles,CA,34.0522,-118.2437,34.3979057591623,241.25,2013,292.58246,19.432465,19.508799,-0.076334,1995-2014
CESM2,r4i1p1f1,historical,Historical,Los Angeles,CA,34.0522,-118.2437,34.3979057591623,241.25,2014,292.57828,19.428284,19.508799,-0.08051491,1995-2014
CESM2,r4i1p1f1,ssp126,SSP1-2.6,Los Angeles,CA,34.0522,-118.2437,34.3979057591623,241.25,2015,292.06113,18.911133,19.508799,-0.5976658,1995-2014
CESM2,r4i1p1f1,ssp126,SSP1-2.6,Los Angeles,CA,34.0522,-118.2437,34.3979057591623,241.25,2016,292.79816,19.648163,19.508799,0.13936424,1995-2014
CESM2,r4i1p1f1,ssp126,SSP1-2.6,Los Angeles,CA,34.0522,-118.2437,34.3979057591623,241.25,2017,292.15976,19.009766,19.508799,-0.49903297,1995-2014
CESM2,r4i1p1f1,ssp126,SSP1-2.6,Los Angeles,CA,34.0522,-118.2437,34.3979057591623,241.25,2018,292.53806,19.388062,19.508799,-0.120737076,1995-2014
CESM2,r4i1p1f1,ssp126,SSP1-2.6,Los Angeles,CA,34.0522,-118.2437,34.3979057591623,241.25,2019,292.28812,19.138123,19.508799,-0.37067604,1995-2014
CESM2,r4i1p1f1,ssp126,SSP1-2.6,Los Angeles,CA,34.0522,-118.2437,34.3979057591623,241.25,2020,293.09366,19.943665,19.508799,0.43486595,1995-2014
CESM2,r4i1p1f1,ssp126,SSP1-2.6,Los Angeles,CA,34.0522,-118.2437,34.3979057591623,241.25,2021,293.1126,19.962616,19.508799,0.45381737,1995-2014
CESM2,r4i1p1f1,ssp126,SSP1-2.6,Los Angeles,CA,34.0522,-118.2437,34.3979057591623,241.25,2022,293.42883,20.27884,19.508799,0.7700405,1995-2014
CESM2,r4i1p1f1,ssp126,SSP1-2.6,Los Angeles,CA,34.0522,-118.2437,34.3979057591623,241.25,2023,293.3623,20.21231,19.508799,0.7035122,1995-2014
CESM2,r4i1p1f1,ssp126,SSP1-2.6,Los Angeles,CA,34.0522,-118.2437,34.3979057591623,241.25,2024,292.35117,19.201172,19.508799,-0.30762672,1995-2014
CESM2,r4i1p1f1,ssp126,SSP1-2.6,Los Angeles,CA,34.0522,-118.2437,34.3979057591623,241.25,2025,292.5411,19.391113,19.508799,-0.11768532,1995-2014
CESM2,r4i1p1f1,ssp126,SSP1-2.6,Los Angeles,CA,34.0522,-118.2437,34.3979057591623,241.25,2026,292.88284,19.73285,19.508799,0.22405052,1995-2014
CESM2,r4i1p1f1,ssp126,SSP1-2.6,Los Angeles,CA,34.0522,-118.2437,34.3979057591623,241.25,2027,293.85696,20.70697,19.508799,1.1981716,1995-2014
CESM2,r4i1p1f1,ssp126,SSP1-2.6,Los Angeles,CA,34.0522,-118.2437,34.3979057591623,241.25,2028,293.6186,20.468597,19.508799,0.9597988,1995-2014
CESM2,r4i1p1f1,ssp126,SSP1-2.6,Los Angeles,CA,34.0522,-118.2437,34.3979057591623,241.25,2029,292.80344,19.653442,19.508799,0.14464378,1995-2014
CESM2,r4i1p1f1,ssp126,SSP1-2.6,Los Angeles,CA,34.0522,-118.2437,34.3979057591623,241.25,2030,294.10745,20.957458,19.508799,1.4486599,1995-2014
CESM2,r4i1p1f1,ssp126,SSP1-2.6,Los Angeles,CA,34.0522,-118.2437,34.3979057591623,241.25,2031,293.58752,20.43753,19.508799,0.9287319,1995-2014
CESM2,r4i1p1f1,ssp126,SSP1-2.6,Los Angeles,CA,34.0522,-118.2437,34.3979057591623,241.25,2032,293.4479,20.297913,19.508799,0.789114,1995-2014
CESM2,r4i1p1f1,ssp126,SSP1-2.6,Los Angeles,CA,34.0522,-118.2437,34.3979057591623,241.25,2033,291.64792,18.497925,19.508799,-1.0108738,1995-2014
CESM2,r4i1p1f1,ssp126,SSP1-2.6,Los Angeles,CA,34.0522,-118.2437,34.3979057591623,241.25,2034,293.18906,20.039062,19.508799,0.5302639,1995-2014
CESM2,r4i1p1f1,ssp126,SSP1-2.6,Los Angeles,CA,34.0522,-118.2437,34.3979057591623,241.25,2035,292.91415,19.76416,19.508799,0.25536156,1995-2014
CESM2,r4i1p1f1,ssp126,SSP1-2.6,Los Angeles,CA,34.0522,-118.2437,34.3979057591623,241.25,2036,293.28934,20.139343,19.508799,0.63054466,1995-2014
CESM2,r4i1p1f1,ssp126,SSP1-2.6,Los Angeles,CA,34.0522,-118.2437,34.3979057591623,241.25,2037,293.58542,20.435425,19.508799,0.9266262,1995-2014
CESM2,r4i1p1f1,ssp126,SSP1-2.6,Los Angeles,CA,34.0522,-118.2437,34.3979057591623,241.25,2038,292.9978,19.847809,19.508799,0.33901024,1995-2014
CESM2,r4i1p1f1,ssp126,SSP1-2.6,Los Angeles,CA,34.0522,-118.2437,34.3979057591623,241.25,2039,294.1293,20.97931,19.508799,1.4705105,1995-2014
CESM2,r4i1p1f1,ssp126,SSP1-2.6,Los Angeles,CA,34.0522,-118.2437,34.3979057591623,241.25,2040,294.0047,20.854706,19.508799,1.3459072,1995-2014
CESM2,r4i1p1f1,ssp126,SSP1-2.6,Los Angeles,CA,34.0522,-118.2437,34.3979057591623,241.25,2041,293.65134,20.501343,19.508799,0.9925442,1995-2014
CESM2,r4i1p1f1,ssp126,SSP1-2.6,Los Angeles,CA,34.0522,-118.2437,34.3979057591623,241.25,2042,292.3669,19.216919,19.508799,-0.29187965,1995-2014
CESM2,r4i1p1f1,ssp126,SSP1-2.6,Los Angeles,CA,34.0522,-118.2437,34.3979057591623,241.25,2043,294.60397,21.45398,19.508799,1.9451809,1995-2014
CESM2,r4i1p1f1,ssp126,SSP1-2.6,Los Angeles,CA,34.0522,-118.2437,34.3979057591623,241.25,2044,293.79077,20.640778,19.508799,1.131979,1995-2014
CESM2,r4i1p1f1,ssp126,SSP1-2.6,Los Angeles,CA,34.0522,-118.2437,34.3979057591623,241.25,2045,293.3436,20.193604,19.508799,0.6848049,1995-2014
CESM2,r4i1p1f1,ssp126,SSP1-2.6,Los Angeles,CA,34.0522,-118.2437,34.3979057591623,241.25,2046,293.81354,20.663544,19.508799,1.1547451,1995-2014
CESM2,r4i1p1f1,ssp126,SSP1-2.6,Los Angeles,CA,34.0522,-118.2437,34.3979057591623,241.25,2047,293.28915,20.13916,19.508799,0.63036156,1995-2014
CESM2,r4i1p1f1,ssp126,SSP1-2.6,Los Angeles,CA,34.0522,-118.2437,34.3979057591623,241.25,2048,293.99844,20.84845,19.508799,1.3396511,1995-2014
CESM2,r4i1p1f1,ssp126,SSP1-2.6,Los Angeles,CA,34.0522,-118.2437,34.3979057591623,241.25,2049,293.79575,20.645752,19.508799,1.1369534,1995-2014
CESM2,r4i1p1f1,ssp126,SSP1-2.6,Los Angeles,CA,34.0522,-118.2437,34.3979057591623,241.25,2050,294.41498,21.264984,19.508799,1.7561855,1995-2014
CESM2,r4i1p1f1,ssp126,SSP1-2.6,Los Angeles,CA,34.0522,-118.2437,34.3979057591623,241.25,2051,294.882,21.731995,19.508799,2.223196,1995-2014
CESM2,r4i1p1f1,ssp126,SSP1-2.6,Los Angeles,CA,34.0522,-118.2437,34.3979057591623,241.25,2052,293.54874,20.398743,19.508799,0.8899441,1995-2014
CESM2,r4i1p1f1,ssp126,SSP1-2.6,Los Angeles,CA,34.0522,-118.2437,34.3979057591623,241.25,2053,294.06747,20.91748,19.508799,1.4086819,1995-2014
CESM2,r4i1p1f1,ssp126,SSP1-2.6,Los Angeles,CA,34.0522,-118.2437,34.3979057591623,241.25,2054,293.42148,20.271484,19.508799,0.7626858,1995-2014
CESM2,r4i1p1f1,ssp126,SSP1-2.6,Los Angeles,CA,34.0522,-118.2437,34.3979057591623,241.25,2055,292.73196,19.58197,19.508799,0.073171616,1995-2014
CESM2,r4i1p1f1,ssp126,SSP1-2.6,Los Angeles,CA,34.0522,-118.2437,34.3979057591623,241.25,2056,292.98108,19.831085,19.508799,0.3222866,1995-2014
CESM2,r4i1p1f1,ssp126,SSP1-2.6,Los Angeles,CA,34.0522,-118.2437,34.3979057591623,241.25,2057,293.95053,20.800537,19.508799,1.2917385,1995-2014
CESM2,r4i1p1f1,ssp126,SSP1-2.6,Los Angeles,CA,34.0522,-118.2437,34.3979057591623,241.25,2058,294.57794,21.427948,19.508799,1.9191494,1995-2014
CESM2,r4i1p1f1,ssp126,SSP1-2.6,Los Angeles,CA,34.0522,-118.2437,34.3979057591623,241.25,2059,293.2974,20.1474,19.508799,0.6386013,1995-2014
CESM2,r4i1p1f1,ssp126,SSP1-2.6,Los Angeles,CA,34.0522,-118.2437,34.3979057591623,241.25,2060,292.7347,19.584717,19.508799,0.0759182,1995-2014
CESM2,r4i1p1f1,ssp126,SSP1-2.6,Los Angeles,CA,34.0522,-118.2437,34.3979057591623,241.25,2061,293.83826,20.688263,19.508799,1.1794643,1995-2014
CESM2,r4i1p1f1,ssp126,SSP1-2.6,Los Angeles,CA,34.0522,-118.2437,34.3979057591623,241.25,2062,293.3865,20.236511,19.508799,0.72771263,1995-2014
CESM2,r4i1p1f1,ssp126,SSP1-2.6,Los Angeles,CA,34.0522,-118.2437,34.3979057591623,241.25,2063,293.67584,20.525848,19.508799,1.0170498,1995-2014
CESM2,r4i1p1f1,ssp126,SSP1-2.6,Los Angeles,CA,34.0522,-118.2437,34.3979057591623,241.25,2064,293.29416,20.144165,19.508799,0.63536644,1995-2014
CESM2,r4i1p1f1,ssp126,SSP1-2.6,Los Angeles,CA,34.0522,-118.2437,34.3979057591623,241.25,2065,293.449,20.299011,19.508799,0.79021263,1995-2014
CESM2,r4i1p1f1,ssp126,SSP1-2.6,Los Angeles,CA,34.0522,-118.2437,34.3979057591623,241.25,2066,293.51422,20.364227,19.508799,0.8554287,1995-2014
CESM2,r4i1p1f1,ssp126,SSP1-2.6,Los Angeles,CA,34.0522,-118.2437,34.3979057591623,241.25,2067,293.05594,19.905945,19.508799,0.39714622,1995-2014
CESM2,r4i1p1f1,ssp126,SSP1-2.6,Los Angeles,CA,34.0522,-118.2437,34.3979057591623,241.25,2068,293.6561,20.506104,19.508799,0.9973049,1995-2014
CESM2,r4i1p1f1,ssp126,SSP1-2.6,Los Angeles,CA,34.0522,-118.2437,34.3979057591623,241.25,2069,293.97827,20.828278,19.508799,1.319479,1995-2014
CESM2,r4i1p1f1,ssp126,SSP1-2.6,Los Angeles,CA,34.0522,-118.2437,34.3979057591623,241.25,2070,293.4402,20.290192,19.508799,0.78139305,1995-2014
CESM2,r4i1p1f1,ssp126,SSP1-2.6,Los Angeles,CA,34.0522,-118.2437,34.3979057591623,241.25,2071,293.7663,20.616302,19.508799,1.1075039,1995-2014
CESM2,r4i1p1f1,ssp126,SSP1-2.6,Los Angeles,CA,34.0522,-118.2437,34.3979057591623,241.25,2072,292.57773,19.427734,19.508799,-0.081064224,1995-2014
CESM2,r4i1p1f1,ssp126,SSP1-2.6,Los Angeles,CA,34.0522,-118.2437,34.3979057591623,241.25,2073,293.9378,20.787811,19.508799,1.2790127,1995-2014
CESM2,r4i1p1f1,ssp126,SSP1-2.6,Los Angeles,CA,34.0522,-118.2437,34.3979057591623,241.25,2074,294.08676,20.936768,19.508799,1.427969,1995-2014
CESM2,r4i1p1f1,ssp126,SSP1-2.6,Los Angeles,CA,34.0522,-118.2437,34.3979057591623,241.25,2075,293.98434,20.83435,19.508799,1.325552,1995-2014
CESM2,r4i1p1f1,ssp126,SSP1-2.6,Los Angeles,CA,34.0522,-118.2437,34.3979057591623,241.25,2076,293.64804,20.498047,19.508799,0.9892483,1995-2014
CESM2,r4i1p1f1,ssp126,SSP1-2.6,Los Angeles,CA,34.0522,-118.2437,34.3979057591623,241.25,2077,293.50986,20.359863,19.508799,0.8510647,1995-2014
CESM2,r4i1p1f1,ssp126,SSP1-2.6,Los Angeles,CA,34.0522,-118.2437,34.3979057591623,241.25,2078,293.45474,20.304749,19.508799,0.79594994,1995-2014
CESM2,r4i1p1f1,ssp126,SSP1-2.6,Los Angeles,CA,34.0522,-118.2437,34.3979057591623,241.25,2079,293.35492,20.204926,19.508799,0.69612694,1995-2014
CESM2,r4i1p1f1,ssp126,SSP1-2.6,Los Angeles,CA,34.0522,-118.2437,34.3979057591623,241.25,2080,293.6137,20.463715,19.508799,0.954916,1995-2014
CESM2,r4i1p1f1,ssp126,SSP1-2.6,Los Angeles,CA,34.0522,-118.2437,34.3979057591623,241.25,2081,292.8357,19.6857,19.508799,0.17690086,1995-2014
CESM2,r4i1p1f1,ssp126,SSP1-2.6,Los Angeles,CA,34.0522,-118.2437,34.3979057591623,241.25,2082,293.89813,20.748138,19.508799,1.2393398,1995-2014
CESM2,r4i1p1f1,ssp126,SSP1-2.6,Los Angeles,CA,34.0522,-118.2437,34.3979057591623,241.25,2083,293.14676,19.996765,19.508799,0.48796654,1995-2014
CESM2,r4i1p1f1,ssp126,SSP1-2.6,Los Angeles,CA,34.0522,-118.2437,34.3979057591623,241.25,2084,293.3035,20.153503,19.508799,0.6447048,1995-2014
CESM2,r4i1p1f1,ssp126,SSP1-2.6,Los Angeles,CA,34.0522,-118.2437,34.3979057591623,241.25,2085,294.15906,21.009064,19.508799,1.5002651,1995-2014
CESM2,r4i1p1f1,ssp126,SSP1-2.6,Los Angeles,CA,34.0522,-118.2437,34.3979057591623,241.25,2086,294.16794,21.017944,19.508799,1.5091457,1995-2014
CESM2,r4i1p1f1,ssp126,SSP1-2.6,Los Angeles,CA,34.0522,-118.2437,34.3979057591623,241.25,2087,293.7433,20.593292,19.508799,1.0844936,1995-2014
CESM2,r4i1p1f1,ssp126,SSP1-2.6,Los Angeles,CA,34.0522,-118.2437,34.3979057591623,241.25,2088,292.83475,19.684753,19.508799,0.17595482,1995-2014
CESM2,r4i1p1f1,ssp126,SSP1-2.6,Los Angeles,CA,34.0522,-118.2437,34.3979057591623,241.25,2089,292.8403,19.690308,19.508799,0.18150902,1995-2014
CESM2,r4i1p1f1,ssp126,SSP1-2.6,Los Angeles,CA,34.0522,-118.2437,34.3979057591623,241.25,2090,293.16605,20.016052,19.508799,0.50725365,1995-2014
CESM2,r4i1p1f1,ssp126,SSP1-2.6,Los Angeles,CA,34.0522,-118.2437,34.3979057591623,241.25,2091,293.965,20.815002,19.508799,1.3062038,1995-2014
CESM2,r4i1p1f1,ssp126,SSP1-2.6,Los Angeles,CA,34.0522,-118.2437,34.3979057591623,241.25,2092,292.908,19.757996,19.508799,0.249197,1995-2014
CESM2,r4i1p1f1,ssp126,SSP1-2.6,Los Angeles,CA,34.0522,-118.2437,34.3979057591623,241.25,2093,294.60312,21.453125,19.508799,1.9443264,1995-2014
CESM2,r4i1p1f1,ssp126,SSP1-2.6,Los Angeles,CA,34.0522,-118.2437,34.3979057591623,241.25,2094,293.0275,19.877502,19.508799,0.36870384,1995-2014
CESM2,r4i1p1f1,ssp126,SSP1-2.6,Los Angeles,CA,34.0522,-118.2437,34.3979057591623,241.25,2095,292.92694,19.776947,19.508799,0.26814842,1995-2014
CESM2,r4i1p1f1,ssp126,SSP1-2.6,Los Angeles,CA,34.0522,-118.2437,34.3979057591623,241.25,2096,293.8251,20.67511,19.508799,1.1663113,1995-2014
CESM2,r4i1p1f1,ssp126,SSP1-2.6,Los Angeles,CA,34.0522,-118.2437,34.3979057591623,241.25,2097,294.01602,20.866028,19.508799,1.3572292,1995-2014
CESM2,r4i1p1f1,ssp126,SSP1-2.6,Los Angeles,CA,34.0522,-118.2437,34.3979057591623,241.25,2098,292.62057,19.470581,19.508799,-0.038217545,1995-2014
CESM2,r4i1p1f1,ssp126,SSP1-2.6,Los Angeles,CA,34.0522,-118.2437,34.3979057591623,241.25,2099,293.49277,20.342773,19.508799,0.83397484,1995-2014
CESM2,r4i1p1f1,ssp126,SSP1-2.6,Los Angeles,CA,34.0522,-118.2437,34.3979057591623,241.25,2100,294.29437,21.144379,19.508799,1.6355801,1995-2014
CESM2,r4i1p1f1,ssp245,SSP2-4.5,Los Angeles,CA,34.0522,-118.2437,34.3979057591623,241.25,2015,292.79556,19.645569,19.508799,0.13677025,1995-2014
CESM2,r4i1p1f1,ssp245,SSP2-4.5,Los Angeles,CA,34.0522,-118.2437,34.3979057591623,241.25,2016,293.0953,19.945312,19.508799,0.4365139,1995-2014
CESM2,r4i1p1f1,ssp245,SSP2-4.5,Los Angeles,CA,34.0522,-118.2437,34.3979057591623,241.25,2017,292.71713,19.567139,19.508799,0.058340073,1995-2014
CESM2,r4i1p1f1,ssp245,SSP2-4.5,Los Angeles,CA,34.0522,-118.2437,34.3979057591623,241.25,2018,292.1156,18.965607,19.508799,-0.5431919,1995-2014
CESM2,r4i1p1f1,ssp245,SSP2-4.5,Los Angeles,CA,34.0522,-118.2437,34.3979057591623,241.25,2019,292.4182,19.268219,19.508799,-0.2405796,1995-2014
CESM2,r4i1p1f1,ssp245,SSP2-4.5,Los Angeles,CA,34.0522,-118.2437,34.3979057591623,241.25,2020,293.11603,19.966034,19.508799,0.45723534,1995-2014
CESM2,r4i1p1f1,ssp245,SSP2-4.5,Los Angeles,CA,34.0522,-118.2437,34.3979057591623,241.25,2021,292.9058,19.755798,19.508799,0.24699974,1995-2014
CESM2,r4i1p1f1,ssp245,SSP2-4.5,Los Angeles,CA,34.0522,-118.2437,34.3979057591623,241.25,2022,292.4505,19.300507,19.508799,-0.208292,1995-2014
CESM2,r4i1p1f1,ssp245,SSP2-4.5,Los Angeles,CA,34.0522,-118.2437,34.3979057591623,241.25,2023,292.58127,19.431274,19.508799,-0.077524185,1995-2014
CESM2,r4i1p1f1,ssp245,SSP2-4.5,Los Angeles,CA,34.0522,-118.2437,34.3979057591623,241.25,2024,291.89438,18.744385,19.508799,-0.76441383,1995-2014
CESM2,r4i1p1f1,ssp245,SSP2-4.5,Los Angeles,CA,34.0522,-118.2437,34.3979057591623,241.25,2025,293.4678,20.31781,19.508799,0.80901146,1995-2014
CESM2,r4i1p1f1,ssp245,SSP2-4.5,Los Angeles,CA,34.0522,-118.2437,34.3979057591623,241.25,2026,293.5937,20.443695,19.508799,0.93489647,1995-2014
CESM2,r4i1p1f1,ssp245,SSP2-4.5,Los Angeles,CA,34.0522,-118.2437,34.3979057591623,241.25,2027,293.00287,19.852875,19.508799,0.34407616,1995-2014
CESM2,r4i1p1f1,ssp245,SSP2-4.5,Los Angeles,CA,34.0522,-118.2437,34.3979057591623,241.25,2028,293.3084,20.158417,19.508799,0.64961815,1995-2014
CESM2,r4i1p1f1,ssp245,SSP2-4.5,Los Angeles,CA,34.0522,-118.2437,34.3979057591623,241.25,2029,293.53833,20.388336,19.508799,0.8795376,1995-2014
CESM2,r4i1p1f1,ssp245,SSP2-4.5,Los Angeles,CA,34.0522,-118.2437,34.3979057591623,241.25,2030,293.3129,20.162903,19.508799,0.65410423,1995-2014
CESM2,r4i1p1f1,ssp245,SSP2-4.5,Los Angeles,CA,34.0522,-118.2437,34.3979057591623,241.25,2031,293.5631,20.413116,19.508799,0.90431786,1995-2014
CESM2,r4i1p1f1,ssp245,SSP2-4.5,Los Angeles,CA,34.0522,-118.2437,34.3979057591623,241.25,2032,293.46964,20.319641,19.508799,0.8108425,1995-2014
CESM2,r4i1p1f1,ssp245,SSP2-4.5,Los Angeles,CA,34.0522,-118.2437,34.3979057591623,241.25,2033,292.55502,19.40503,19.508799,-0.1037693,1995-2014
CESM2,r4i1p1f1,ssp245,SSP2-4.5,Los Angeles,CA,34.0522,-118.2437,34.3979057591623,241.25,2034,292.48306,19.333069,19.508799,-0.17572975,1995-2014
CESM2,r4i1p1f1,ssp245,SSP2-4.5,Los Angeles,CA,34.0522,-118.2437,34.3979057591623,241.25,2035,293.2566,20.106598,19.508799,0.5977993,1995-2014
CESM2,r4i1p1f1,ssp245,SSP2-4.5,Los Angeles,CA,34.0522,-118.2437,34.3979057591623,241.25,2036,292.94714,19.79715,19.508799,0.28835106,1995-2014
CESM2,r4i1p1f1,ssp245,SSP2-4.5,Los Angeles,CA,34.0522,-118.2437,34.3979057591623,241.25,2037,292.15222,19.002228,19.508799,-0.5065708,1995-2014
CESM2,r4i1p1f1,ssp245,SSP2-4.5,Los Angeles,CA,34.0522,-118.2437,34.3979057591623,241.25,2038,293.73874,20.588745,19.508799,1.0799465,1995-2014
CESM2,r4i1p1f1,ssp245,SSP2-4.5,Los Angeles,CA,34.0522,-118.2437,34.3979057591623,241.25,2039,293.96713,20.817139,19.508799,1.3083401,1995-2014
CESM2,r4i1p1f1,ssp245,SSP2-4.5,Los Angeles,CA,34.0522,-118.2437,34.3979057591623,241.25,2040,292.93137,19.781372,19.508799,0.27257347,1995-2014
CESM2,r4i1p1f1,ssp245,SSP2-4.5,Los Angeles,CA,34.0522,-118.2437,34.3979057591623,241.25,2041,293.63528,20.48529,19.508799,0.9764919,1995-2014
CESM2,r4i1p1f1,ssp245,SSP2-4.5,Los Angeles,CA,34.0522,-118.2437,34.3979057591623,241.25,2042,293.79285,20.642853,19.508799,1.1340542,1995-2014
CESM2,r4i1p1f1,ssp245,SSP2-4.5,Los Angeles,CA,34.0522,-118.2437,34.3979057591623,241.25,2043,294.97482,21.82483,19.508799,2.3160305,1995-2014
CESM2,r4i1p1f1,ssp245,SSP2-4.5,Los Angeles,CA,34.0522,-118.2437,34.3979057591623,241.25,2044,293.93173,20.781738,19.508799,1.2729397,1995-2014
CESM2,r4i1p1f1,ssp245,SSP2-4.5,Los Angeles,CA,34.0522,-118.2437,34.3979057591623,241.25,2045,293.37216,20.222168,19.508799,0.71336937,1995-2014
CESM2,r4i1p1f1,ssp245,SSP2-4.5,Los Angeles,CA,34.0522,-118.2437,34.3979057591623,241.25,2046,293.34802,20.198029,19.508799,0.68922997,1995-2014
CESM2,r4i1p1f1,ssp245,SSP2-4.5,Los Angeles,CA,34.0522,-118.2437,34.3979057591623,241.25,2047,294.58688,21.43689,19.508799,1.928091,1995-2014
CESM2,r4i1p1f1,ssp245,SSP2-4.5,Los Angeles,CA,34.0522,-118.2437,34.3979057591623,241.25,2048,295.0393,21.889313,19.508799,2.3805141,1995-2014
CESM2,r4i1p1f1,ssp245,SSP2-4.5,Los Angeles,CA,34.0522,-118.2437,34.3979057591623,241.25,2049,294.45728,21.307281,19.508799,1.7984829,1995-2014
CESM2,r4i1p1f1,ssp245,SSP2-4.5,Los Angeles,CA,34.0522,-118.2437,34.3979057591623,241.25,2050,293.80646,20.656464,19.508799,1.147665,1995-2014
CESM2,r4i1p1f1,ssp245,SSP2-4.5,Los Angeles,CA,34.0522,-118.2437,34.3979057591623,241.25,2051,294.1981,21.048096,19.508799,1.5392971,1995-2014
CESM2,r4i1p1f1,ssp245,SSP2-4.5,Los Angeles,CA,34.0522,-118.2437,34.3979057591623,241.25,2052,293.4844,20.334412,19.508799,0.825613,1995-2014
CESM2,r4i1p1f1,ssp245,SSP2-4.5,Los Angeles,CA,34.0522,-118.2437,34.3979057591623,241.25,2053,293.47595,20.325958,19.508799,0.81715965,1995-2014
CESM2,r4i1p1f1,ssp245,SSP2-4.5,Los Angeles,CA,34.0522,-118.2437,34.3979057591623,241.25,2054,293.92996,20.779968,19.508799,1.2711697,1995-2014
CESM2,r4i1p1f1,ssp245,SSP2-4.5,Los Angeles,CA,34.0522,-118.2437,34.3979057591623,241.25,2055,294.2376,21.087616,19.508799,1.5788174,1995-2014
CESM2,r4i1p1f1,ssp245,SSP2-4.5,Los Angeles,CA,34.0522,-118.2437,34.3979057591623,241.25,2056,293.56674,20.416748,19.508799,0.90794945,1995-2014
CESM2,r4i1p1f1,ssp245,SSP2-4.5,Los Angeles,CA,34.0522,-118.2437,34.3979057591623,241.25,2057,292.86243,19.712433,19.508799,0.20363426,1995-2014
CESM2,r4i1p1f1,ssp245,SSP2-4.5,Los Angeles,CA,34.0522,-118.2437,34.3979057591623,241.25,2058,294.1246,20.97461,19.508799,1.4658108,1995-2014
CESM2,r4i1p1f1,ssp245,SSP2-4.5,Los Angeles,CA,34.0522,-118.2437,34.3979057591623,241.25,2059,293.23044,20.080444,19.508799,0.57164574,1995-2014
CESM2,r4i1p1f1,ssp245,SSP2-4.5,Los Angeles,CA,34.0522,-118.2437,34.3979057591623,241.25,2060,293.7421,20.592102,19.508799,1.0833035,1995-2014
CESM2,r4i1p1f1,ssp245,SSP2-4.5,Los Angeles,CA,34.0522,-118.2437,34.3979057591623,241.25,2061,294.54288,21.392883,19.508799,1.8840847,1995-2014
CESM2,r4i1p1f1,ssp245,SSP2-4.5,Los Angeles,CA,34.0522,-118.2437,34.3979057591623,241.25,2062,293.9224,20.7724,19.508799,1.2636013,1995-2014
CESM2,r4i1p1f1,ssp245,SSP2-4.5,Los Angeles,CA,34.0522,-118.2437,34.3979057591623,241.25,2063,294.39133,21.241333,19.508799,1.7325344,1995-2014
CESM2,r4i1p1f1,ssp245,SSP2-4.5,Los Angeles,CA,34.0522,-118.2437,34.3979057591623,241.25,2064,293.99493,20.84494,19.508799,1.3361416,1995-2014
CESM2,r4i1p1f1,ssp245,SSP2-4.5,Los Angeles,CA,34.0522,-118.2437,34.3979057591623,241.25,2065,293.54178,20.391785,19.508799,0.88298607,1995-2014
CESM2,r4i1p1f1,ssp245,SSP2-4.5,Los Angeles,CA,34.0522,-118.2437,34.3979057591623,241.25,2066,293.89883,20.74884,19.508799,1.2400417,1995-2014
CESM2,r4i1p1f1,ssp245,SSP2-4.5,Los Angeles,CA,34.0522,-118.2437,34.3979057591623,241.25,2067,293.68274,20.532745,19.508799,1.0239468,1995-2014
CESM2,r4i1p1f1,ssp245,SSP2-4.5,Los Angeles,CA,34.0522,-118.2437,34.3979057591623,241.25,2068,293.97778,20.82779,19.508799,1.3189907,1995-2014
CESM2,r4i1p1f1,ssp245,SSP2-4.5,Los Angeles,CA,34.0522,-118.2437,34.3979057591623,241.25,2069,294.55356,21.403564,19.508799,1.8947659,1995-2014
CESM2,r4i1p1f1,ssp245,SSP2-4.5,Los Angeles,CA,34.0522,-118.2437,34.3979057591623,241.25,2070,294.0088,20.858795,19.508799,1.3499966,1995-2014
CESM2,r4i1p1f1,ssp245,SSP2-4.5,Los Angeles,CA,34.0522,-118.2437,34.3979057591623,241.25,2071,294.06268,20.91269,19.508799,1.4038906,1995-2014
CESM2,r4i1p1f1,ssp245,SSP2-4.5,Los Angeles,CA,34.0522,-118.2437,34.3979057591623,241.25,2072,293.03183,19.881836,19.508799,0.37303734,1995-2014
CESM2,r4i1p1f1,ssp245,SSP2-4.5,Los Angeles,CA,34.0522,-118.2437,34.3979057591623,241.25,2073,295.08493,21.934937,19.508799,2.426138,1995-2014
CESM2,r4i1p1f1,ssp245,SSP2-4.5,Los Angeles,CA,34.0522,-118.2437,34.3979057591623,241.25,2074,293.1517,20.001709,19.508799,0.4929104,1995-2014
CESM2,r4i1p1f1,ssp245,SSP2-4.5,Los Angeles,CA,34.0522,-118.2437,34.3979057591623,241.25,2075,295.20166,22.051666,19.508799,2.5428677,1995-2014
CESM2,r4i1p1f1,ssp245,SSP2-4.5,Los Angeles,CA,34.0522,-118.2437,34.3979057591623,241.25,2076,293.9829,20.832916,19.508799,1.3241177,1995-2014
CESM2,r4i1p1f1,ssp245,SSP2-4.5,Los Angeles,CA,34.0522,-118.2437,34.3979057591623,241.25,2077,294.91043,21.760437,19.508799,2.2516384,1995-2014
CESM2,r4i1p1f1,ssp245,SSP2-4.5,Los Angeles,CA,34.0522,-118.2437,34.3979057591623,241.25,2078,294.46616,21.316162,19.508799,1.8073635,1995-2014
CESM2,r4i1p1f1,ssp245,SSP2-4.5,Los Angeles,CA,34.0522,-118.2437,34.3979057591623,241.25,2079,294.47824,21.328247,19.508799,1.8194485,1995-2014
CESM2,r4i1p1f1,ssp245,SSP2-4.5,Los Angeles,CA,34.0522,-118.2437,34.3979057591623,241.25,2080,293.69666,20.546661,19.508799,1.0378628,1995-2014
CESM2,r4i1p1f1,ssp245,SSP2-4.5,Los Angeles,CA,34.0522,-118.2437,34.3979057591623,241.25,2081,293.29294,20.142944,19.508799,0.63414574,1995-2014
CESM2,r4i1p1f1,ssp245,SSP2-4.5,Los Angeles,CA,34.0522,-118.2437,34.3979057591623,241.25,2082,293.67984,20.529846,19.508799,1.0210476,1995-2014
CESM2,r4i1p1f1,ssp245,SSP2-4.5,Los Angeles,CA,34.0522,-118.2437,34.3979057591623,241.25,2083,294.80783,21.657837,19.508799,2.1490383,1995-2014
CESM2,r4i1p1f1,ssp245,SSP2-4.5,Los Angeles,CA,34.0522,-118.2437,34.3979057591623,241.25,2084,294.10648,20.956482,19.508799,1.4476833,1995-2014
CESM2,r4i1p1f1,ssp245,SSP2-4.5,Los Angeles,CA,34.0522,-118.2437,34.3979057591623,241.25,2085,293.979,20.82901,19.508799,1.3202114,1995-2014
CESM2,r4i1p1f1,ssp245,SSP2-4.5,Los Angeles,CA,34.0522,-118.2437,34.3979057591623,241.25,2086,295.16568,22.015686,19.508799,2.5068874,1995-2014
CESM2,r4i1p1f1,ssp245,SSP2-4.5,Los Angeles,CA,34.0522,-118.2437,34.3979057591623,241.25,2087,294.15826,21.00827,19.508799,1.4994717,1995-2014
CESM2,r4i1p1f1,ssp245,SSP2-4.5,Los Angeles,CA,34.0522,-118.2437,34.3979057591623,241.25,2088,294.4397,21.289703,19.508799,1.7809048,1995-2014
CESM2,r4i1p1f1,ssp245,SSP2-4.5,Los Angeles,CA,34.0522,-118.2437,34.3979057591623,241.25,2089,294.00323,20.853241,19.508799,1.3444424,1995-2014
CESM2,r4i1p1f1,ssp245,SSP2-4.5,Los Angeles,CA,34.0522,-118.2437,34.3979057591623,241.25,2090,294.64438,21.494385,19.508799,1.9855862,1995-2014
CESM2,r4i1p1f1,ssp245,SSP2-4.5,Los Angeles,CA,34.0522,-118.2437,34.3979057591623,241.25,2091,294.46182,21.311829,19.508799,1.80303,1995-2014
CESM2,r4i1p1f1,ssp245,SSP2-4.5,Los Angeles,CA,34.0522,-118.2437,34.3979057591623,241.25,2092,294.2325,21.08252,19.508799,1.5737209,1995-2014
CESM2,r4i1p1f1,ssp245,SSP2-4.5,Los Angeles,CA,34.0522,-118.2437,34.3979057591623,241.25,2093,294.18506,21.035065,19.508799,1.5262661,1995-2014
CESM2,r4i1p1f1,ssp245,SSP2-4.5,Los Angeles,CA,34.0522,-118.2437,34.3979057591623,241.25,2094,294.96332,21.813324,19.508799,2.3045254,1995-2014
CESM2,r4i1p1f1,ssp245,SSP2-4.5,Los Angeles,CA,34.0522,-118.2437,34.3979057591623,241.25,2095,294.5397,21.38971,19.508799,1.8809109,1995-2014
CESM2,r4i1p1f1,ssp245,SSP2-4.5,Los Angeles,CA,34.0522,-118.2437,34.3979057591623,241.25,2096,294.47815,21.328156,19.508799,1.8193569,1995-2014
CESM2,r4i1p1f1,ssp245,SSP2-4.5,Los Angeles,CA,34.0522,-118.2437,34.3979057591623,241.25,2097,295.23172,22.081726,19.508799,2.5729275,1995-2014
CESM2,r4i1p1f1,ssp245,SSP2-4.5,Los Angeles,CA,34.0522,-118.2437,34.3979057591623,241.25,2098,293.86694,20.71695,19.508799,1.2081509,1995-2014
CESM2,r4i1p1f1,ssp245,SSP2-4.5,Los Angeles,CA,34.0522,-118.2437,34.3979057591623,241.25,2099,294.99814,21.848145,19.508799,2.339346,1995-2014
CESM2,r4i1p1f1,ssp245,SSP2-4.5,Los Angeles,CA,34.0522,-118.2437,34.3979057591623,241.25,2100,293.04025,19.890259,19.508799,0.3814602,1995-2014
CESM2,r4i1p1f1,ssp585,SSP5-8.5,Los Angeles,CA,34.0522,-118.2437,34.3979057591623,241.25,2015,292.20496,19.054962,19.508799,-0.45383644,1995-2014
CESM2,r4i1p1f1,ssp585,SSP5-8.5,Los Angeles,CA,34.0522,-118.2437,34.3979057591623,241.25,2016,293.81973,20.669739,19.508799,1.1609402,1995-2014
CESM2,r4i1p1f1,ssp585,SSP5-8.5,Los Angeles,CA,34.0522,-118.2437,34.3979057591623,241.25,2017,292.1296,18.979614,19.508799,-0.52918434,1995-2014
CESM2,r4i1p1f1,ssp585,SSP5-8.5,Los Angeles,CA,34.0522,-118.2437,34.3979057591623,241.25,2018,293.19418,20.04419,19.508799,0.53539085,1995-2014
CESM2,r4i1p1f1,ssp585,SSP5-8.5,Los Angeles,CA,34.0522,-118.2437,34.3979057591623,241.25,2019,293.4652,20.315216,19.508799,0.80641747,1995-2014
CESM2,r4i1p1f1,ssp585,SSP5-8.5,Los Angeles,CA,34.0522,-118.2437,34.3979057591623,241.25,2020,292.47842,19.32843,19.508799,-0.18036842,1995-2014
CESM2,r4i1p1f1,ssp585,SSP5-8.5,Los Angeles,CA,34.0522,-118.2437,34.3979057591623,241.25,2021,293.0024,19.852417,19.508799,0.3436184,1995-2014
CESM2,r4i1p1f1,ssp585,SSP5-8.5,Los Angeles,CA,34.0522,-118.2437,34.3979057591623,241.25,2022,292.34665,19.196655,19.508799,-0.31214333,1995-2014
CESM2,r4i1p1f1,ssp585,SSP5-8.5,Los Angeles,CA,34.0522,-118.2437,34.3979057591623,241.25,2023,292.37173,19.22174,19.508799,-0.28705788,1995-2014
CESM2,r4i1p1f1,ssp585,SSP5-8.5,Los Angeles,CA,34.0522,-118.2437,34.3979057591623,241.25,2024,293.2442,20.094208,19.508799,0.58540916,1995-2014
CESM2,r4i1p1f1,ssp585,SSP5-8.5,Los Angeles,CA,34.0522,-118.2437,34.3979057591623,241.25,2025,292.61435,19.464355,19.508799,-0.04444313,1995-2014
CESM2,r4i1p1f1,ssp585,SSP5-8.5,Los Angeles,CA,34.0522,-118.2437,34.3979057591623,241.25,2026,293.53763,20.387634,19.508799,0.8788357,1995-2014
CESM2,r4i1p1f1,ssp585,SSP5-8.5,Los Angeles,CA,34.0522,-118.2437,34.3979057591623,241.25,2027,293.04077,19.890778,19.508799,0.381979,1995-2014
CESM2,r4i1p1f1,ssp585,SSP5-8.5,Los Angeles,CA,34.0522,-118.2437,34.3979057591623,241.25,2028,293.3176,20.167603,19.508799,0.65880394,1995-2014
CESM2,r4i1p1f1,ssp585,SSP5-8.5,Los Angeles,CA,34.0522,-118.2437,34.3979057591623,241.25,2029,293.0672,19.917206,19.508799,0.4084072,1995-2014
CESM2,r4i1p1f1,ssp585,SSP5-8.5,Los Angeles,CA,34.0522,-118.2437,34.3979057591623,241.25,2030,292.88162,19.731628,19.508799,0.22282982,1995-2014
CESM2,r4i1p1f1,ssp585,SSP5-8.5,Los Angeles,CA,34.0522,-118.2437,34.3979057591623,241.25,2031,292.41718,19.267181,19.508799,-0.2416172,1995-2014
CESM2,r4i1p1f1,ssp585,SSP5-8.5,Los Angeles,CA,34.0522,-118.2437,34.3979057591623,241.25,2032,295.285,22.13501,19.508799,2.6262112,1995-2014
CESM2,r4i1p1f1,ssp585,SSP5-8.5,Los Angeles,CA,34.0522,-118.2437,34.3979057591623,241.25,2033,293.43848,20.288483,19.508799,0.77968407,1995-2014
CESM2,r4i1p1f1,ssp585,SSP5-8.5,Los Angeles,CA,34.0522,-118.2437,34.3979057591623,241.25,2034,293.5591,20.409119,19.508799,0.90032005,1995-2014
CESM2,r4i1p1f1,ssp585,SSP5-8.5,Los Angeles,CA,34.0522,-118.2437,34.3979057591623,241.25,2035,293.44028,20.290283,19.508799,0.7814846,1995-2014
CESM2,r4i1p1f1,ssp585,SSP5-8.5,Los Angeles,CA,34.0522,-118.2437,34.3979057591623,241.25,2036,293.26212,20.112122,19.508799,0.603323,1995-2014
CESM2,r4i1p1f1,ssp585,SSP5-8.5,Los Angeles,CA,34.0522,-118.2437,34.3979057591623,241.25,2037,294.01596,20.865967,19.508799,1.3571682,1995-2014
CESM2,r4i1p1f1,ssp585,SSP5-8.5,Los Angeles,CA,34.0522,-118.2437,34.3979057591623,241.25,2038,293.5227,20.372711,19.508799,0.8639126,1995-2014
CESM2,r4i1p1f1,ssp585,SSP5-8.5,Los Angeles,CA,34.0522,-118.2437,34.3979057591623,241.25,2039,293.38937,20.23938,19.508799,0.7305813,1995-2014
CESM2,r4i1p1f1,ssp585,SSP5-8.5,Los Angeles,CA,34.0522,-118.2437,34.3979057591623,241.25,2040,294.2705,21.120514,19.508799,1.6117153,1995-2014
CESM2,r4i1p1f1,ssp585,SSP5-8.5,Los Angeles,CA,34.0522,-118.2437,34.3979057591623,241.25,2041,293.72516,20.575165,19.508799,1.0663662,1995-2014
CESM2,r4i1p1f1,ssp585,SSP5-8.5,Los Angeles,CA,34.0522,-118.2437,34.3979057591623,241.25,2042,293.6486,20.498596,19.508799,0.9897976,1995-2014
CESM2,r4i1p1f1,ssp585,SSP5-8.5,Los Angeles,CA,34.0522,-118.2437,34.3979057591623,241.25,2043,293.4783,20.328308,19.508799,0.8195095,1995-2014
CESM2,r4i1p1f1,ssp585,SSP5-8.5,Los Angeles,CA,34.0522,-118.2437,34.3979057591623,241.25,2044,294.18744,21.037445,19.508799,1.5286465,1995-2014
CESM2,r4i1p1f1,ssp585,SSP5-8.5,Los Angeles,CA,34.0522,-118.2437,34.3979057591623,241.25,2045,295.00723,21.857239,19.508799,2.3484402,1995-2014
CESM2,r4i1p1f1,ssp585,SSP5-8.5,Los Angeles,CA,34.0522,-118.2437,34.3979057591623,241.25,2046,293.9901,20.840118,19.508799,1.3313198,1995-2014
CESM2,r4i1p1f1,ssp585,SSP5-8.5,Los Angeles,CA,34.0522,-118.2437,34.3979057591623,241.25,2047,294.20367,21.05368,19.508799,1.5448818,1995-2014
CESM2,r4i1p1f1,ssp585,SSP5-8.5,Los Angeles,CA,34.0522,-118.2437,34.3979057591623,241.25,2048,294.89926,21.749268,19.508799,2.240469,1995-2014
CESM2,r4i1p1f1,ssp585,SSP5-8.5,Los Angeles,CA,34.0522,-118.2437,34.3979057591623,241.25,2049,295.19092,22.040924,19.508799,2.5321255,1995-2014
CESM2,r4i1p1f1,ssp585,SSP5-8.5,Los Angeles,CA,34.0522,-118.2437,34.3979057591623,241.25,2050,295.1686,22.018616,19.508799,2.5098171,1995-2014
CESM2,r4i1p1f1,ssp585,SSP5-8.5,Los Angeles,CA,34.0522,-118.2437,34.3979057591623,241.25,2051,294.18982,21.039825,19.508799,1.5310268,1995-2014
CESM2,r4i1p1f1,ssp585,SSP5-8.5,Los Angeles,CA,34.0522,-118.2437,34.3979057591623,241.25,2052,294.12015,20.970154,19.508799,1.4613552,1995-2014
CESM2,r4i1p1f1,ssp585,SSP5-8.5,Los Angeles,CA,34.0522,-118.2437,34.3979057591623,241.25,2053,294.62576,21.475769,19.508799,1.9669704,1995-2014
CESM2,r4i1p1f1,ssp585,SSP5-8.5,Los Angeles,CA,34.0522,-118.2437,34.3979057591623,241.25,2054,294.37976,21.229767,19.508799,1.7209682,1995-2014
CESM2,r4i1p1f1,ssp585,SSP5-8.5,Los Angeles,CA,34.0522,-118.2437,34.3979057591623,241.25,2055,295.80057,22.650574,19.508799,3.1417751,1995-2014
CESM2,r4i1p1f1,ssp585,SSP5-8.5,Los Angeles,CA,34.0522,-118.2437,34.3979057591623,241.25,2056,294.38293,21.23294,19.508799,1.7241421,1995-2014
CESM2,r4i1p1f1,ssp585,SSP5-8.5,Los Angeles,CA,34.0522,-118.2437,34.3979057591623,241.25,2057,293.75363,20.603638,19.508799,1.0948391,1995-2014
CESM2,r4i1p1f1,ssp585,SSP5-8.5,Los Angeles,CA,34.0522,-118.2437,34.3979057591623,241.25,2058,294.9932,21.8432,19.508799,2.334402,1995-2014
CESM2,r4i1p1f1,ssp585,SSP5-8.5,Los Angeles,CA,34.0522,-118.2437,34.3979057591623,241.25,2059,294.89993,21.749939,19.508799,2.2411404,1995-2014
CESM2,r4i1p1f1,ssp585,SSP5-8.5,Los Angeles,CA,34.0522,-118.2437,34.3979057591623,241.25,2060,295.01843,21.868439,19.508799,2.3596401,1995-2014
CESM2,r4i1p1f1,ssp585,SSP5-8.5,Los Angeles,CA,34.0522,-118.2437,34.3979057591623,241.25,2061,294.70804,21.558044,19.508799,2.0492458,1995-2014
CESM2,r4i1p1f1,ssp585,SSP5-8.5,Los Angeles,CA,34.0522,-118.2437,34.3979057591623,241.25,2062,293.8677,20.717712,19.508799,1.2089138,1995-2014
CESM2,r4i1p1f1,ssp585,SSP5-8.5,Los Angeles,CA,34.0522,-118.2437,34.3979057591623,241.25,2063,294.66684,21.516846,19.508799,2.008047,1995-2014
CESM2,r4i1p1f1,ssp585,SSP5-8.5,Los Angeles,CA,34.0522,-118.2437,34.3979057591623,241.25,2064,295.92288,22.772888,19.508799,3.2640896,1995-2014
CESM2,r4i1p1f1,ssp585,SSP5-8.5,Los Angeles,CA,34.0522,-118.2437,34.3979057591623,241.25,2065,294.27274,21.122742,19.508799,1.6139431,1995-2014
CESM2,r4i1p1f1,ssp585,SSP5-8.5,Los Angeles,CA,34.0522,-118.2437,34.3979057591623,241.25,2066,294.50107,21.351074,19.508799,1.8422756,1995-2014
CESM2,r4i1p1f1,ssp585,SSP5-8.5,Los Angeles,CA,34.0522,-118.2437,34.3979057591623,241.25,2067,293.87225,20.72226,19.508799,1.2134609,1995-2014
CESM2,r4i1p1f1,ssp585,SSP5-8.5,Los Angeles,CA,34.0522,-118.2437,34.3979057591623,241.25,2068,295.14423,21.994232,19.508799,2.4854336,1995-2014
CESM2,r4i1p1f1,ssp585,SSP5-8.5,Los Angeles,CA,34.0522,-118.2437,34.3979057591623,241.25,2069,295.75183,22.601837,19.508799,3.0930386,1995-2014
CESM2,r4i1p1f1,ssp585,SSP5-8.5,Los Angeles,CA,34.0522,-118.2437,34.3979057591623,241.25,2070,296.18594,23.03595,19.508799,3.527151,1995-2014
CESM2,r4i1p1f1,ssp585,SSP5-8.5,Los Angeles,CA,34.0522,-118.2437,34.3979057591623,241.25,2071,294.88483,21.734833,19.508799,2.2260342,1995-2014
CESM2,r4i1p1f1,ssp585,SSP5-8.5,Los Angeles,CA,34.0522,-118.2437,34.3979057591623,241.25,2072,295.91614,22.766144,19.508799,3.2573452,1995-2014
CESM2,r4i1p1f1,ssp585,SSP5-8.5,Los Angeles,CA,34.0522,-118.2437,34.3979057591623,241.25,2073,295.0789,21.928894,19.508799,2.4200954,1995-2014
CESM2,r4i1p1f1,ssp585,SSP5-8.5,Los Angeles,CA,34.0522,-118.2437,34.3979057591623,241.25,2074,296.61694,23.46695,19.508799,3.9581509,1995-2014
CESM2,r4i1p1f1,ssp585,SSP5-8.5,Los Angeles,CA,34.0522,-118.2437,34.3979057591623,241.25,2075,295.9313,22.781311,19.508799,3.2725124,1995-2014
CESM2,r4i1p1f1,ssp585,SSP5-8.5,Los Angeles,CA,34.0522,-118.2437,34.3979057591623,241.25,2076,295.6335,22.48352,19.508799,2.974722,1995-2014
CESM2,r4i1p1f1,ssp585,SSP5-8.5,Los Angeles,CA,34.0522,-118.2437,34.3979057591623,241.25,2077,294.3787,21.228699,19.508799,1.7199001,1995-2014
CESM2,r4i1p1f1,ssp585,SSP5-8.5,Los Angeles,CA,34.0522,-118.2437,34.3979057591623,241.25,2078,295.4147,22.26471,19.508799,2.7559109,1995-2014
CESM2,r4i1p1f1,ssp585,SSP5-8.5,Los Angeles,CA,34.0522,-118.2437,34.3979057591623,241.25,2079,295.75674,22.60675,19.508799,3.097952,1995-2014
CESM2,r4i1p1f1,ssp585,SSP5-8.5,Los Angeles,CA,34.0522,-118.2437,34.3979057591623,241.25,2080,296.0164,22.866394,19.508799,3.3575954,1995-2014
CESM2,r4i1p1f1,ssp585,SSP5-8.5,Los Angeles,CA,34.0522,-118.2437,34.3979057591623,241.25,2081,295.86337,22.713379,19.508799,3.2045803,1995-2014
CESM2,r4i1p1f1,ssp585,SSP5-8.5,Los Angeles,CA,34.0522,-118.2437,34.3979057591623,241.25,2082,296.1367,22.986694,19.508799,3.4778957,1995-2014
CESM2,r4i1p1f1,ssp585,SSP5-8.5,Los Angeles,CA,34.0522,-118.2437,34.3979057591623,241.25,2083,296.48935,23.339355,19.508799,3.8305569,1995-2014
CESM2,r4i1p1f1,ssp585,SSP5-8.5,Los Angeles,CA,34.0522,-118.2437,34.3979057591623,241.25,2084,296.0748,22.924805,19.508799,3.416006,1995-2014
CESM2,r4i1p1f1,ssp585,SSP5-8.5,Los Angeles,CA,34.0522,-118.2437,34.3979057591623,241.25,2085,296.2596,23.10962,19.508799,3.6008205,1995-2014
CESM2,r4i1p1f1,ssp585,SSP5-8.5,Los Angeles,CA,34.0522,-118.2437,34.3979057591623,241.25,2086,295.84183,22.691833,19.508799,3.183035,1995-2014
CESM2,r4i1p1f1,ssp585,SSP5-8.5,Los Angeles,CA,34.0522,-118.2437,34.3979057591623,241.25,2087,296.75812,23.608124,19.508799,4.099325,1995-2014
CESM2,r4i1p1f1,ssp585,SSP5-8.5,Los Angeles,CA,34.0522,-118.2437,34.3979057591623,241.25,2088,296.64487,23.494873,19.508799,3.9860744,1995-2014
CESM2,r4i1p1f1,ssp585,SSP5-8.5,Los Angeles,CA,34.0522,-118.2437,34.3979057591623,241.25,2089,296.7579,23.60791,19.508799,4.0991116,1995-2014
CESM2,r4i1p1f1,ssp585,SSP5-8.5,Los Angeles,CA,34.0522,-118.2437,34.3979057591623,241.25,2090,295.83463,22.684631,19.508799,3.1758327,1995-2014
CESM2,r4i1p1f1,ssp585,SSP5-8.5,Los Angeles,CA,34.0522,-118.2437,34.3979057591623,241.25,2091,296.48465,23.334656,19.508799,3.8258572,1995-2014
CESM2,r4i1p1f1,ssp585,SSP5-8.5,Los Angeles,CA,34.0522,-118.2437,34.3979057591623,241.25,2092,297.51392,24.363922,19.508799,4.8551235,1995-2014
CESM2,r4i1p1f1,ssp585,SSP5-8.5,Los Angeles,CA,34.0522,-118.2437,34.3979057591623,241.25,2093,295.97968,22.829681,19.508799,3.3208828,1995-2014
CESM2,r4i1p1f1,ssp585,SSP5-8.5,Los Angeles,CA,34.0522,-118.2437,34.3979057591623,241.25,2094,297.34995,24.199951,19.508799,4.6911526,1995-2014
CESM2,r4i1p1f1,ssp585,SSP5-8.5,Los Angeles,CA,34.0522,-118.2437,34.3979057591623,241.25,2095,296.345,23.195007,19.508799,3.6862087,1995-2014
CESM2,r4i1p1f1,ssp585,SSP5-8.5,Los Angeles,CA,34.0522,-118.2437,34.3979057591623,241.25,2096,298.01025,24.86026,19.508799,5.3514614,1995-2014
CESM2,r4i1p1f1,ssp585,SSP5-8.5,Los Angeles,CA,34.0522,-118.2437,34.3979057591623,241.25,2097,297.1376,23.98761,19.508799,4.4788113,1995-2014
CESM2,r4i1p1f1,ssp585,SSP5-8.5,Los Angeles,CA,34.0522,-118.2437,34.3979057591623,241.25,2098,297.7368,24.586792,19.508799,5.0779934,1995-2014
CESM2,r4i1p1f1,ssp585,SSP5-8.5,Los Angeles,CA,34.0522,-118.2437,34.3979057591623,241.25,2099,298.04803,24.89804,19.508799,5.389242,1995-2014
CESM2,r4i1p1f1,ssp585,SSP5-8.5,Los Angeles,CA,34.0522,-118.2437,34.3979057591623,241.25,2100,296.6895,23.53952,19.508799,4.0307217,1995-2014
CESM2,r4i1p1f1,historical,Historical,Sacramento,CA,38.5816,-121.4944,38.16753926701571,238.75,1950,289.19626,16.046265,17.14314,-1.0968761,1995-2014
CESM2,r4i1p1f1,historical,Historical,Sacramento,CA,38.5816,-121.4944,38.16753926701571,238.75,1951,289.92853,16.778534,17.14314,-0.36460686,1995-2014
CESM2,r4i1p1f1,historical,Historical,Sacramento,CA,38.5816,-121.4944,38.16753926701571,238.75,1952,288.5184,15.368408,17.14314,-1.7747326,1995-2014
CESM2,r4i1p1f1,historical,Historical,Sacramento,CA,38.5816,-121.4944,38.16753926701571,238.75,1953,289.21475,16.064758,17.14314,-1.0783825,1995-2014
CESM2,r4i1p1f1,historical,Historical,Sacramento,CA,38.5816,-121.4944,38.16753926701571,238.75,1954,289.13406,15.98407,17.14314,-1.159071,1995-2014
CESM2,r4i1p1f1,historical,Historical,Sacramento,CA,38.5816,-121.4944,38.16753926701571,238.75,1955,289.90884,16.75885,17.14314,-0.3842907,1995-2014
CESM2,r4i1p1f1,historical,Historical,Sacramento,CA,38.5816,-121.4944,38.16753926701571,238.75,1956,289.13074,15.980743,17.14314,-1.1623974,1995-2014
CESM2,r4i1p1f1,historical,Historical,Sacramento,CA,38.5816,-121.4944,38.16753926701571,238.75,1957,289.69962,16.549622,17.14314,-0.5935192,1995-2014
CESM2,r4i1p1f1,historical,Historical,Sacramento,CA,38.5816,-121.4944,38.16753926701571,238.75,1958,289.48306,16.333069,17.14314,-0.81007195,1995-2014
CESM2,r4i1p1f1,historical,Historical,Sacramento,CA,38.5816,-121.4944,38.16753926701571,238.75,1959,289.02115,15.871155,17.14314,-1.271986,1995-2014
CESM2,r4i1p1f1,historical,Historical,Sacramento,CA,38.5816,-121.4944,38.16753926701571,238.75,1960,288.54807,15.398071,17.14314,-1.7450695,1995-2014
CESM2,r4i1p1f1,historical,Historical,Sacramento,CA,38.5816,-121.4944,38.16753926701571,238.75,1961,287.25815,14.108154,17.14314,-3.0349865,1995-2014
CESM2,r4i1p1f1,historical,Historical,Sacramento,CA,38.5816,-121.4944,38.16753926701571,238.75,1962,288.59503,15.445038,17.14314,-1.698103,1995-2014
CESM2,r4i1p1f1,historical,Historical,Sacramento,CA,38.5816,-121.4944,38.16753926701571,238.75,1963,289.8003,16.6503,17.14314,-0.49284172,1995-2014
CESM2,r4i1p1f1,historical,Historical,Sacramento,CA,38.5816,-121.4944,38.16753926701571,238.75,1964,288.40076,15.250763,17.14314,-1.8923779,1995-2014
CESM2,r4i1p1f1,historical,Historical,Sacramento,CA,38.5816,-121.4944,38.16753926701571,238.75,1965,289.3331,16.183105,17.14314,-0.9600353,1995-2014
CESM2,r4i1p1f1,historical,Historical,Sacramento,CA,38.5816,-121.4944,38.16753926701571,238.75,1966,289.86227,16.71228,17.14314,-0.43086052,1995-2014
CESM2,r4i1p1f1,historical,Historical,Sacramento,CA,38.5816,-121.4944,38.16753926701571,238.75,1967,289.30496,16.154968,17.14314,-0.98817253,1995-2014
CESM2,r4i1p1f1,historical,Historical,Sacramento,CA,38.5816,-121.4944,38.16753926701571,238.75,1968,289.82156,16.67157,17.14314,-0.47157097,1995-2014
CESM2,r4i1p1f1,historical,Historical,Sacramento,CA,38.5816,-121.4944,38.16753926701571,238.75,1969,289.10452,15.954529,17.14314,-1.188612,1995-2014
CESM2,r4i1p1f1,historical,Historical,Sacramento,CA,38.5816,-121.4944,38.16753926701571,238.75,1970,289.11032,15.960327,17.14314,-1.1828136,1995-2014
CESM2,r4i1p1f1,historical,Historical,Sacramento,CA,38.5816,-121.4944,38.16753926701571,238.75,1971,289.15665,16.006653,17.14314,-1.136488,1995-2014
CESM2,r4i1p1f1,historical,Historical,Sacramento,CA,38.5816,-121.4944,38.16753926701571,238.75,1972,288.81412,15.664124,17.14314,-1.4790173,1995-2014
CESM2,r4i1p1f1,historical,Historical,Sacramento,CA,38.5816,-121.4944,38.16753926701571,238.75,1973,288.6671,15.51712,17.14314,-1.6260204,1995-2014
CESM2,r4i1p1f1,historical,Historical,Sacramento,CA,38.5816,-121.4944,38.16753926701571,238.75,1974,289.25284,16.102844,17.14314,-1.0402966,1995-2014
CESM2,r4i1p1f1,historical,Historical,Sacramento,CA,38.5816,-121.4944,38.16753926701571,238.75,1975,289.4949,16.34491,17.14314,-0.7982311,1995-2014
CESM2,r4i1p1f1,historical,Historical,Sacramento,CA,38.5816,-121.4944,38.16753926701571,238.75,1976,289.40164,16.251648,17.14314,-0.89149284,1995-2014
CESM2,r4i1p1f1,historical,Historical,Sacramento,CA,38.5816,-121.4944,38.16753926701571,238.75,1977,288.90396,15.753967,17.14314,-1.3891735,1995-2014
CESM2,r4i1p1f1,historical,Historical,Sacramento,CA,38.5816,-121.4944,38.16753926701571,238.75,1978,289.2245,16.074493,17.14314,-1.0686474,1995-2014
CESM2,r4i1p1f1,historical,Historical,Sacramento,CA,38.5816,-121.4944,38.16753926701571,238.75,1979,288.90988,15.759888,17.14314,-1.3832531,1995-2014
CESM2,r4i1p1f1,historical,Historical,Sacramento,CA,38.5816,-121.4944,38.16753926701571,238.75,1980,289.64633,16.496338,17.14314,-0.6468029,1995-2014
CESM2,r4i1p1f1,historical,Historical,Sacramento,CA,38.5816,-121.4944,38.16753926701571,238.75,1981,289.75943,16.609436,17.14314,-0.53370476,1995-2014
CESM2,r4i1p1f1,historical,Historical,Sacramento,CA,38.5816,-121.4944,38.16753926701571,238.75,1982,289.07632,15.926331,17.14314,-1.2168102,1995-2014
CESM2,r4i1p1f1,historical,Historical,Sacramento,CA,38.5816,-121.4944,38.16753926701571,238.75,1983,289.22928,16.079285,17.14314,-1.0638561,1995-2014
CESM2,r4i1p1f1,historical,Historical,Sacramento,CA,38.5816,-121.4944,38.16753926701571,238.75,1984,289.7092,16.559204,17.14314,-0.5839367,1995-2014
CESM2,r4i1p1f1,historical,Historical,Sacramento,CA,38.5816,-121.4944,38.16753926701571,238.75,1985,290.07547,16.925476,17.14314,-0.21766472,1995-2014
CESM2,r4i1p1f1,historical,Historical,Sacramento,CA,38.5816,-121.4944,38.16753926701571,238.75,1986,289.86807,16.718079,17.14314,-0.42506218,1995-2014
CESM2,r4i1p1f1,historical,Historical,Sacramento,CA,38.5816,-121.4944,38.16753926701571,238.75,1987,290.42242,17.27243,17.14314,0.12928963,1995-2014
CESM2,r4i1p1f1,historical,Historical,Sacramento,CA,38.5816,-121.4944,38.16753926701571,238.75,1988,289.18686,16.036865,17.14314,-1.1062756,1995-2014
CESM2,r4i1p1f1,historical,Historical,Sacramento,CA,38.5816,-121.4944,38.16753926701571,238.75,1989,289.97855,16.828552,17.14314,-0.31458855,1995-2014
CESM2,r4i1p1f1,historical,Historical,Sacramento,CA,38.5816,-121.4944,38.16753926701571,238.75,1990,289.999,16.848999,17.14314,-0.29414177,1995-2014
CESM2,r4i1p1f1,historical,Historical,Sacramento,CA,38.5816,-121.4944,38.16753926701571,238.75,1991,288.64105,15.491058,17.14314,-1.6520824,1995-2014
CESM2,r4i1p1f1,historical,Historical,Sacramento,CA,38.5816,-121.4944,38.16753926701571,238.75,1992,290.20724,17.057251,17.14314,-0.08588982,1995-2014
CESM2,r4i1p1f1,historical,Historical,Sacramento,CA,38.5816,-121.4944,38.16753926701571,238.75,1993,289.7133,16.563293,17.14314,-0.57984734,1995-2014
CESM2,r4i1p1f1,historical,Historical,Sacramento,CA,38.5816,-121.4944,38.16753926701571,238.75,1994,290.8927,17.742706,17.14314,0.5995655,1995-2014
CESM2,r4i1p1f1,historical,Historical,Sacramento,CA,38.5816,-121.4944,38.16753926701571,238.75,1995,289.72568,16.575684,17.14314,-0.5674572,1995-2014
CESM2,r4i1p1f1,historical,Historical,Sacramento,CA,38.5816,-121.4944,38.16753926701571,238.75,1996,290.11185,16.961853,17.14314,-0.18128777,1995-2014
CESM2,r4i1p1f1,historical,Historical,Sacramento,CA,38.5816,-121.4944,38.16753926701571,238.75,1997,289.53702,16.387024,17.14314,-0.75611687,1995-2014
CESM2,r4i1p1f1,historical,Historical,Sacramento,CA,38.5816,-121.4944,38.16753926701571,238.75,1998,289.72314,16.57315,17.14314,-0.56999016,1995-2014
CESM2,r4i1p1f1,historical,Historical,Sacramento,CA,38.5816,-121.4944,38.16753926701571,238.75,1999,290.97812,17.828125,17.14314,0.6849842,1995-2014
CESM2,r4i1p1f1,historical,Historical,Sacramento,CA,38.5816,-121.4944,38.16753926701571,238.75,2000,290.49872,17.348724,17.14314,0.20558357,1995-2014
CESM2,r4i1p1f1,historical,Historical,Sacramento,CA,38.5816,-121.4944,38.16753926701571,238.75,2001,291.54404,18.394043,17.14314,1.2509022,1995-2014
CESM2,r4i1p1f1,historical,Historical,Sacramento,CA,38.5816,-121.4944,38.16753926701571,238.75,2002,289.9927,16.842712,17.14314,-0.3004284,1995-2014
CESM2,r4i1p1f1,historical,Historical,Sacramento,CA,38.5816,-121.4944,38.16753926701571,238.75,2003,290.73984,17.589844,17.14314,0.44670296,1995-2014
CESM2,r4i1p1f1,historical,Historical,Sacramento,CA,38.5816,-121.4944,38.16753926701571,238.75,2004,289.92456,16.774567,17.14314,-0.36857414,1995-2014
CESM2,r4i1p1f1,historical,Historical,Sacramento,CA,38.5816,-121.4944,38.16753926701571,238.75,2005,290.29083,17.140839,17.14314,-0.0023021698,1995-2014
CESM2,r4i1p1f1,historical,Historical,Sacramento,CA,38.5816,-121.4944,38.16753926701571,238.75,2006,289.63116,16.48117,17.14314,-0.66197014,1995-2014
CESM2,r4i1p1f1,historical,Historical,Sacramento,CA,38.5816,-121.4944,38.16753926701571,238.75,2007,290.71533,17.565338,17.14314,0.42219734,1995-2014
CESM2,r4i1p1f1,historical,Historical,Sacramento,CA,38.5816,-121.4944,38.16753926701571,238.75,2008,289.62527,16.47528,17.14314,-0.66786003,1995-2014
CESM2,r4i1p1f1,historical,Historical,Sacramento,CA,38.5816,-121.4944,38.16753926701571,238.75,2009,290.8048,17.654816,17.14314,0.5116749,1995-2014
CESM2,r4i1p1f1,historical,Historical,Sacramento,CA,38.5816,-121.4944,38.16753926701571,238.75,2010,290.7947,17.644714,17.14314,0.50157356,1995-2014
CESM2,r4i1p1f1,historical,Historical,Sacramento,CA,38.5816,-121.4944,38.16753926701571,238.75,2011,290.09283,16.94284,17.14314,-0.20030022,1995-2014
CESM2,r4i1p1f1,historical,Historical,Sacramento,CA,38.5816,-121.4944,38.16753926701571,238.75,2012,290.7393,17.589294,17.14314,0.44615364,1995-2014
CESM2,r4i1p1f1,historical,Historical,Sacramento,CA,38.5816,-121.4944,38.16753926701571,238.75,2013,289.96243,16.812439,17.14314,-0.33070183,1995-2014
CESM2,r4i1p1f1,historical,Historical,Sacramento,CA,38.5816,-121.4944,38.16753926701571,238.75,2014,290.43036,17.280365,17.14314,0.1372242,1995-2014
CESM2,r4i1p1f1,ssp126,SSP1-2.6,Sacramento,CA,38.5816,-121.4944,38.16753926701571,238.75,2015,290.25247,17.102478,17.14314,-0.040662766,1995-2014
CESM2,r4i1p1f1,ssp126,SSP1-2.6,Sacramento,CA,38.5816,-121.4944,38.16753926701571,238.75,2016,290.5778,17.427795,17.14314,0.28465462,1995-2014
CESM2,r4i1p1f1,ssp126,SSP1-2.6,Sacramento,CA,38.5816,-121.4944,38.16753926701571,238.75,2017,289.52158,16.371582,17.14314,-0.77155876,1995-2014
CESM2,r4i1p1f1,ssp126,SSP1-2.6,Sacramento,CA,38.5816,-121.4944,38.16753926701571,238.75,2018,290.63953,17.489532,17.14314,0.34639168,1995-2014
CESM2,r4i1p1f1,ssp126,SSP1-2.6,Sacramento,CA,38.5816,-121.4944,38.16753926701571,238.75,2019,290.2532,17.10321,17.14314,-0.039930344,1995-2014
CESM2,r4i1p1f1,ssp126,SSP1-2.6,Sacramento,CA,38.5816,-121.4944,38.16753926701571,238.75,2020,291.05417,17.904175,17.14314,0.761034,1995-2014
CESM2,r4i1p1f1,ssp126,SSP1-2.6,Sacramento,CA,38.5816,-121.4944,38.16753926701571,238.75,2021,291.68503,18.535034,17.14314,1.3918934,1995-2014
CESM2,r4i1p1f1,ssp126,SSP1-2.6,Sacramento,CA,38.5816,-121.4944,38.16753926701571,238.75,2022,290.87152,17.721527,17.14314,0.5783863,1995-2014
CESM2,r4i1p1f1,ssp126,SSP1-2.6,Sacramento,CA,38.5816,-121.4944,38.16753926701571,238.75,2023,291.33508,18.18509,17.14314,1.0419483,1995-2014
CESM2,r4i1p1f1,ssp126,SSP1-2.6,Sacramento,CA,38.5816,-121.4944,38.16753926701571,238.75,2024,290.3088,17.158813,17.14314,0.015672684,1995-2014
CESM2,r4i1p1f1,ssp126,SSP1-2.6,Sacramento,CA,38.5816,-121.4944,38.16753926701571,238.75,2025,289.98398,16.833984,17.14314,-0.30915642,1995-2014
CESM2,r4i1p1f1,ssp126,SSP1-2.6,Sacramento,CA,38.5816,-121.4944,38.16753926701571,238.75,2026,290.67868,17.528687,17.14314,0.38554573,1995-2014
CESM2,r4i1p1f1,ssp126,SSP1-2.6,Sacramento,CA,38.5816,-121.4944,38.16753926701571,238.75,2027,291.50076,18.350769,17.14314,1.2076283,1995-2014
CESM2,r4i1p1f1,ssp126,SSP1-2.6,Sacramento,CA,38.5816,-121.4944,38.16753926701571,238.75,2028,291.54507,18.39508,17.14314,1.2519398,1995-2014
CESM2,r4i1p1f1,ssp126,SSP1-2.6,Sacramento,CA,38.5816,-121.4944,38.16753926701571,238.75,2029,290.56473,17.414734,17.14314,0.2715931,1995-2014
CESM2,r4i1p1f1,ssp126,SSP1-2.6,Sacramento,CA,38.5816,-121.4944,38.16753926701571,238.75,2030,291.88235,18.73236,17.14314,1.58922,1995-2014
CESM2,r4i1p1f1,ssp126,SSP1-2.6,Sacramento,CA,38.5816,-121.4944,38.16753926701571,238.75,2031,291.14868,17.998688,17.14314,0.85554695,1995-2014
CESM2,r4i1p1f1,ssp126,SSP1-2.6,Sacramento,CA,38.5816,-121.4944,38.16753926701571,238.75,2032,291.25644,18.106445,17.14314,0.9633045,1995-2014
CESM2,r4i1p1f1,ssp126,SSP1-2.6,Sacramento,CA,38.5816,-121.4944,38.16753926701571,238.75,2033,289.9656,16.815613,17.14314,-0.327528,1995-2014
CESM2,r4i1p1f1,ssp126,SSP1-2.6,Sacramento,CA,38.5816,-121.4944,38.16753926701571,238.75,2034,291.15,18.0,17.14314,0.8568592,1995-2014
CESM2,r4i1p1f1,ssp126,SSP1-2.6,Sacramento,CA,38.5816,-121.4944,38.16753926701571,238.75,2035,291.18423,18.03424,17.14314,0.89109993,1995-2014
CESM2,r4i1p1f1,ssp126,SSP1-2.6,Sacramento,CA,38.5816,-121.4944,38.16753926701571,238.75,2036,291.24777,18.097778,17.14314,0.9546375,1995-2014
CESM2,r4i1p1f1,ssp126,SSP1-2.6,Sacramento,CA,38.5816,-121.4944,38.16753926701571,238.75,2037,291.01834,17.868347,17.14314,0.7252064,1995-2014
CESM2,r4i1p1f1,ssp126,SSP1-2.6,Sacramento,CA,38.5816,-121.4944,38.16753926701571,238.75,2038,291.30838,18.158386,17.14314,1.0152454,1995-2014
CESM2,r4i1p1f1,ssp126,SSP1-2.6,Sacramento,CA,38.5816,-121.4944,38.16753926701571,238.75,2039,292.49402,19.344025,17.14314,2.2008839,1995-2014
CESM2,r4i1p1f1,ssp126,SSP1-2.6,Sacramento,CA,38.5816,-121.4944,38.16753926701571,238.75,2040,292.46582,19.315826,17.14314,2.1726856,1995-2014
CESM2,r4i1p1f1,ssp126,SSP1-2.6,Sacramento,CA,38.5816,-121.4944,38.16753926701571,238.75,2041,290.9128,17.762817,17.14314,0.6196766,1995-2014
CESM2,r4i1p1f1,ssp126,SSP1-2.6,Sacramento,CA,38.5816,-121.4944,38.16753926701571,238.75,2042,290.0386,16.88861,17.14314,-0.25452995,1995-2014
CESM2,r4i1p1f1,ssp126,SSP1-2.6,Sacramento,CA,38.5816,-121.4944,38.16753926701571,238.75,2043,292.27377,19.12378,17.14314,1.9806385,1995-2014
CESM2,r4i1p1f1,ssp126,SSP1-2.6,Sacramento,CA,38.5816,-121.4944,38.16753926701571,238.75,2044,291.6426,18.492615,17.14314,1.349474,1995-2014
CESM2,r4i1p1f1,ssp126,SSP1-2.6,Sacramento,CA,38.5816,-121.4944,38.16753926701571,238.75,2045,290.92575,17.775757,17.14314,0.63261604,1995-2014
CESM2,r4i1p1f1,ssp126,SSP1-2.6,Sacramento,CA,38.5816,-121.4944,38.16753926701571,238.75,2046,291.9599,18.809906,17.14314,1.6667652,1995-2014
CESM2,r4i1p1f1,ssp126,SSP1-2.6,Sacramento,CA,38.5816,-121.4944,38.16753926701571,238.75,2047,291.26828,18.118286,17.14314,0.97514534,1995-2014
CESM2,r4i1p1f1,ssp126,SSP1-2.6,Sacramento,CA,38.5816,-121.4944,38.16753926701571,238.75,2048,292.14014,18.990143,17.14314,1.847002,1995-2014
CESM2,r4i1p1f1,ssp126,SSP1-2.6,Sacramento,CA,38.5816,-121.4944,38.16753926701571,238.75,2049,292.32156,19.17157,17.14314,2.028429,1995-2014
CESM2,r4i1p1f1,ssp126,SSP1-2.6,Sacramento,CA,38.5816,-121.4944,38.16753926701571,238.75,2050,292.45407,19.304077,17.14314,2.1609364,1995-2014
CESM2,r4i1p1f1,ssp126,SSP1-2.6,Sacramento,CA,38.5816,-121.4944,38.16753926701571,238.75,2051,292.72223,19.572235,17.14314,2.4290943,1995-2014
CESM2,r4i1p1f1,ssp126,SSP1-2.6,Sacramento,CA,38.5816,-121.4944,38.16753926701571,238.75,2052,290.96896,17.81897,17.14314,0.67582893,1995-2014
CESM2,r4i1p1f1,ssp126,SSP1-2.6,Sacramento,CA,38.5816,-121.4944,38.16753926701571,238.75,2053,291.64505,18.495056,17.14314,1.3519154,1995-2014
CESM2,r4i1p1f1,ssp126,SSP1-2.6,Sacramento,CA,38.5816,-121.4944,38.16753926701571,238.75,2054,291.76413,18.614136,17.14314,1.470995,1995-2014
CESM2,r4i1p1f1,ssp126,SSP1-2.6,Sacramento,CA,38.5816,-121.4944,38.16753926701571,238.75,2055,290.9061,17.756104,17.14314,0.6129627,1995-2014
CESM2,r4i1p1f1,ssp126,SSP1-2.6,Sacramento,CA,38.5816,-121.4944,38.16753926701571,238.75,2056,291.03763,17.887634,17.14314,0.7444935,1995-2014
CESM2,r4i1p1f1,ssp126,SSP1-2.6,Sacramento,CA,38.5816,-121.4944,38.16753926701571,238.75,2057,291.7806,18.630615,17.14314,1.4874744,1995-2014
CESM2,r4i1p1f1,ssp126,SSP1-2.6,Sacramento,CA,38.5816,-121.4944,38.16753926701571,238.75,2058,292.4204,19.270416,17.14314,2.1272755,1995-2014
CESM2,r4i1p1f1,ssp126,SSP1-2.6,Sacramento,CA,38.5816,-121.4944,38.16753926701571,238.75,2059,291.30222,18.152222,17.14314,1.0090809,1995-2014
CESM2,r4i1p1f1,ssp126,SSP1-2.6,Sacramento,CA,38.5816,-121.4944,38.16753926701571,238.75,2060,290.43338,17.283386,17.14314,0.14024544,1995-2014
CESM2,r4i1p1f1,ssp126,SSP1-2.6,Sacramento,CA,38.5816,-121.4944,38.16753926701571,238.75,2061,291.32242,18.172424,17.14314,1.0292835,1995-2014
CESM2,r4i1p1f1,ssp126,SSP1-2.6,Sacramento,CA,38.5816,-121.4944,38.16753926701571,238.75,2062,291.4296,18.279602,17.14314,1.1364613,1995-2014
CESM2,r4i1p1f1,ssp126,SSP1-2.6,Sacramento,CA,38.5816,-121.4944,38.16753926701571,238.75,2063,291.55222,18.402222,17.14314,1.2590809,1995-2014
CESM2,r4i1p1f1,ssp126,SSP1-2.6,Sacramento,CA,38.5816,-121.4944,38.16753926701571,238.75,2064,291.74405,18.594055,17.14314,1.4509144,1995-2014
CESM2,r4i1p1f1,ssp126,SSP1-2.6,Sacramento,CA,38.5816,-121.4944,38.16753926701571,238.75,2065,291.72134,18.57135,17.14314,1.4282093,1995-2014
CESM2,r4i1p1f1,ssp126,SSP1-2.6,Sacramento,CA,38.5816,-121.4944,38.16753926701571,238.75,2066,291.88733,18.737335,17.14314,1.5941944,1995-2014
CESM2,r4i1p1f1,ssp126,SSP1-2.6,Sacramento,CA,38.5816,-121.4944,38.16753926701571,238.75,2067,291.4149,18.264893,17.14314,1.1217518,1995-2014
CESM2,r4i1p1f1,ssp126,SSP1-2.6,Sacramento,CA,38.5816,-121.4944,38.16753926701571,238.75,2068,291.7754,18.625397,17.14314,1.4822559,1995-2014
CESM2,r4i1p1f1,ssp126,SSP1-2.6,Sacramento,CA,38.5816,-121.4944,38.16753926701571,238.75,2069,292.296,19.145996,17.14314,2.0028553,1995-2014
CESM2,r4i1p1f1,ssp126,SSP1-2.6,Sacramento,CA,38.5816,-121.4944,38.16753926701571,238.75,2070,291.5106,18.360596,17.14314,1.2174549,1995-2014
CESM2,r4i1p1f1,ssp126,SSP1-2.6,Sacramento,CA,38.5816,-121.4944,38.16753926701571,238.75,2071,291.5703,18.420319,17.14314,1.2771778,1995-2014
CESM2,r4i1p1f1,ssp126,SSP1-2.6,Sacramento,CA,38.5816,-121.4944,38.16753926701571,238.75,2072,290.73337,17.583374,17.14314,0.44023323,1995-2014
CESM2,r4i1p1f1,ssp126,SSP1-2.6,Sacramento,CA,38.5816,-121.4944,38.16753926701571,238.75,2073,291.87354,18.723541,17.14314,1.5804005,1995-2014
CESM2,r4i1p1f1,ssp126,SSP1-2.6,Sacramento,CA,38.5816,-121.4944,38.16753926701571,238.75,2074,292.06644,18.916443,17.14314,1.7733021,1995-2014
CESM2,r4i1p1f1,ssp126,SSP1-2.6,Sacramento,CA,38.5816,-121.4944,38.16753926701571,238.75,2075,292.6861,19.536102,17.14314,2.3929615,1995-2014
CESM2,r4i1p1f1,ssp126,SSP1-2.6,Sacramento,CA,38.5816,-121.4944,38.16753926701571,238.75,2076,291.45523,18.305237,17.14314,1.162096,1995-2014
CESM2,r4i1p1f1,ssp126,SSP1-2.6,Sacramento,CA,38.5816,-121.4944,38.16753926701571,238.75,2077,291.40475,18.25476,17.14314,1.11162,1995-2014
CESM2,r4i1p1f1,ssp126,SSP1-2.6,Sacramento,CA,38.5816,-121.4944,38.16753926701571,238.75,2078,291.7014,18.551392,17.14314,1.4082508,1995-2014
CESM2,r4i1p1f1,ssp126,SSP1-2.6,Sacramento,CA,38.5816,-121.4944,38.16753926701571,238.75,2079,291.19263,18.042633,17.14314,0.89949226,1995-2014
CESM2,r4i1p1f1,ssp126,SSP1-2.6,Sacramento,CA,38.5816,-121.4944,38.16753926701571,238.75,2080,291.27652,18.126526,17.14314,0.9833851,1995-2014
CESM2,r4i1p1f1,ssp126,SSP1-2.6,Sacramento,CA,38.5816,-121.4944,38.16753926701571,238.75,2081,291.1129,17.962921,17.14314,0.81978035,1995-2014
CESM2,r4i1p1f1,ssp126,SSP1-2.6,Sacramento,CA,38.5816,-121.4944,38.16753926701571,238.75,2082,291.87982,18.729828,17.14314,1.5866871,1995-2014
CESM2,r4i1p1f1,ssp126,SSP1-2.6,Sacramento,CA,38.5816,-121.4944,38.16753926701571,238.75,2083,291.11456,17.96457,17.14314,0.8214283,1995-2014
CESM2,r4i1p1f1,ssp126,SSP1-2.6,Sacramento,CA,38.5816,-121.4944,38.16753926701571,238.75,2084,291.83682,18.686829,17.14314,1.5436878,1995-2014
CESM2,r4i1p1f1,ssp126,SSP1-2.6,Sacramento,CA,38.5816,-121.4944,38.16753926701571,238.75,2085,292.30853,19.158539,17.14314,2.015398,1995-2014
CESM2,r4i1p1f1,ssp126,SSP1-2.6,Sacramento,CA,38.5816,-121.4944,38.16753926701571,238.75,2086,291.95126,18.80127,17.14314,1.6581287,1995-2014
CESM2,r4i1p1f1,ssp126,SSP1-2.6,Sacramento,CA,38.5816,-121.4944,38.16753926701571,238.75,2087,292.1075,18.95752,17.14314,1.8143787,1995-2014
CESM2,r4i1p1f1,ssp126,SSP1-2.6,Sacramento,CA,38.5816,-121.4944,38.16753926701571,238.75,2088,290.52612,17.37613,17.14314,0.23298836,1995-2014
CESM2,r4i1p1f1,ssp126,SSP1-2.6,Sacramento,CA,38.5816,-121.4944,38.16753926701571,238.75,2089,290.8065,17.656494,17.14314,0.51335335,1995-2014
CESM2,r4i1p1f1,ssp126,SSP1-2.6,Sacramento,CA,38.5816,-121.4944,38.16753926701571,238.75,2090,291.42563,18.275635,17.14314,1.132494,1995-2014
CESM2,r4i1p1f1,ssp126,SSP1-2.6,Sacramento,CA,38.5816,-121.4944,38.16753926701571,238.75,2091,291.93106,18.781067,17.14314,1.6379261,1995-2014
CESM2,r4i1p1f1,ssp126,SSP1-2.6,Sacramento,CA,38.5816,-121.4944,38.16753926701571,238.75,2092,290.5736,17.423615,17.14314,0.2804737,1995-2014
CESM2,r4i1p1f1,ssp126,SSP1-2.6,Sacramento,CA,38.5816,-121.4944,38.16753926701571,238.75,2093,292.39542,19.245422,17.14314,2.1022816,1995-2014
CESM2,r4i1p1f1,ssp126,SSP1-2.6,Sacramento,CA,38.5816,-121.4944,38.16753926701571,238.75,2094,291.16373,18.013733,17.14314,0.8705921,1995-2014
CESM2,r4i1p1f1,ssp126,SSP1-2.6,Sacramento,CA,38.5816,-121.4944,38.16753926701571,238.75,2095,291.12527,17.97528,17.14314,0.83213997,1995-2014
CESM2,r4i1p1f1,ssp126,SSP1-2.6,Sacramento,CA,38.5816,-121.4944,38.16753926701571,238.75,2096,291.434,18.283997,17.14314,1.1408558,1995-2014
CESM2,r4i1p1f1,ssp126,SSP1-2.6,Sacramento,CA,38.5816,-121.4944,38.16753926701571,238.75,2097,291.89508,18.745087,17.14314,1.6019459,1995-2014
CESM2,r4i1p1f1,ssp126,SSP1-2.6,Sacramento,CA,38.5816,-121.4944,38.16753926701571,238.75,2098,290.82877,17.678772,17.14314,0.5356312,1995-2014
CESM2,r4i1p1f1,ssp126,SSP1-2.6,Sacramento,CA,38.5816,-121.4944,38.16753926701571,238.75,2099,292.126,18.976013,17.14314,1.8328724,1995-2014
CESM2,r4i1p1f1,ssp126,SSP1-2.6,Sacramento,CA,38.5816,-121.4944,38.16753926701571,238.75,2100,292.66708,19.51709,17.14314,2.373949,1995-2014
CESM2,r4i1p1f1,ssp245,SSP2-4.5,Sacramento,CA,38.5816,-121.4944,38.16753926701571,238.75,2015,290.6819,17.53189,17.14314,0.38875008,1995-2014
CESM2,r4i1p1f1,ssp245,SSP2-4.5,Sacramento,CA,38.5816,-121.4944,38.16753926701571,238.75,2016,290.64038,17.490387,17.14314,0.34724617,1995-2014
CESM2,r4i1p1f1,ssp245,SSP2-4.5,Sacramento,CA,38.5816,-121.4944,38.16753926701571,238.75,2017,290.9059,17.75592,17.14314,0.6127796,1995-2014
CESM2,r4i1p1f1,ssp245,SSP2-4.5,Sacramento,CA,38.5816,-121.4944,38.16753926701571,238.75,2018,290.01797,16.867981,17.14314,-0.27515984,1995-2014
CESM2,r4i1p1f1,ssp245,SSP2-4.5,Sacramento,CA,38.5816,-121.4944,38.16753926701571,238.75,2019,290.3378,17.187805,17.14314,0.044664383,1995-2014
CESM2,r4i1p1f1,ssp245,SSP2-4.5,Sacramento,CA,38.5816,-121.4944,38.16753926701571,238.75,2020,290.36697,17.21698,17.14314,0.07383919,1995-2014
CESM2,r4i1p1f1,ssp245,SSP2-4.5,Sacramento,CA,38.5816,-121.4944,38.16753926701571,238.75,2021,290.17813,17.028137,17.14314,-0.115003586,1995-2014
CESM2,r4i1p1f1,ssp245,SSP2-4.5,Sacramento,CA,38.5816,-121.4944,38.16753926701571,238.75,2022,290.29,17.140015,17.14314,-0.0031261444,1995-2014
CESM2,r4i1p1f1,ssp245,SSP2-4.5,Sacramento,CA,38.5816,-121.4944,38.16753926701571,238.75,2023,289.8624,16.712402,17.14314,-0.43073845,1995-2014
CESM2,r4i1p1f1,ssp245,SSP2-4.5,Sacramento,CA,38.5816,-121.4944,38.16753926701571,238.75,2024,290.11954,16.969543,17.14314,-0.17359734,1995-2014
CESM2,r4i1p1f1,ssp245,SSP2-4.5,Sacramento,CA,38.5816,-121.4944,38.16753926701571,238.75,2025,291.57523,18.425232,17.14314,1.2820911,1995-2014
CESM2,r4i1p1f1,ssp245,SSP2-4.5,Sacramento,CA,38.5816,-121.4944,38.16753926701571,238.75,2026,291.49603,18.346039,17.14314,1.202898,1995-2014
CESM2,r4i1p1f1,ssp245,SSP2-4.5,Sacramento,CA,38.5816,-121.4944,38.16753926701571,238.75,2027,290.5935,17.443512,17.14314,0.30037117,1995-2014
CESM2,r4i1p1f1,ssp245,SSP2-4.5,Sacramento,CA,38.5816,-121.4944,38.16753926701571,238.75,2028,291.3662,18.216217,17.14314,1.0730762,1995-2014
CESM2,r4i1p1f1,ssp245,SSP2-4.5,Sacramento,CA,38.5816,-121.4944,38.16753926701571,238.75,2029,291.2093,18.059296,17.14314,0.91615486,1995-2014
CESM2,r4i1p1f1,ssp245,SSP2-4.5,Sacramento,CA,38.5816,-121.4944,38.16753926701571,238.75,2030,291.78238,18.632385,17.14314,1.4892445,1995-2014
CESM2,r4i1p1f1,ssp245,SSP2-4.5,Sacramento,CA,38.5816,-121.4944,38.16753926701571,238.75,2031,291.27505,18.125061,17.14314,0.98192024,1995-2014
CESM2,r4i1p1f1,ssp245,SSP2-4.5,Sacramento,CA,38.5816,-121.4944,38.16753926701571,238.75,2032,290.6151,17.465118,17.14314,0.32197762,1995-2014
CESM2,r4i1p1f1,ssp245,SSP2-4.5,Sacramento,CA,38.5816,-121.4944,38.16753926701571,238.75,2033,290.0173,16.86731,17.14314,-0.27583122,1995-2014
CESM2,r4i1p1f1,ssp245,SSP2-4.5,Sacramento,CA,38.5816,-121.4944,38.16753926701571,238.75,2034,290.2379,17.087921,17.14314,-0.05521965,1995-2014
CESM2,r4i1p1f1,ssp245,SSP2-4.5,Sacramento,CA,38.5816,-121.4944,38.16753926701571,238.75,2035,290.78543,17.635437,17.14314,0.49229622,1995-2014
CESM2,r4i1p1f1,ssp245,SSP2-4.5,Sacramento,CA,38.5816,-121.4944,38.16753926701571,238.75,2036,290.44757,17.297577,17.14314,0.15443611,1995-2014
CESM2,r4i1p1f1,ssp245,SSP2-4.5,Sacramento,CA,38.5816,-121.4944,38.16753926701571,238.75,2037,290.3985,17.248505,17.14314,0.105363846,1995-2014
CESM2,r4i1p1f1,ssp245,SSP2-4.5,Sacramento,CA,38.5816,-121.4944,38.16753926701571,238.75,2038,291.31766,18.167664,17.14314,1.0245228,1995-2014
CESM2,r4i1p1f1,ssp245,SSP2-4.5,Sacramento,CA,38.5816,-121.4944,38.16753926701571,238.75,2039,292.1274,18.977417,17.14314,1.8342762,1995-2014
CESM2,r4i1p1f1,ssp245,SSP2-4.5,Sacramento,CA,38.5816,-121.4944,38.16753926701571,238.75,2040,291.37085,18.220856,17.14314,1.0777149,1995-2014
CESM2,r4i1p1f1,ssp245,SSP2-4.5,Sacramento,CA,38.5816,-121.4944,38.16753926701571,238.75,2041,291.73883,18.588837,17.14314,1.4456959,1995-2014
CESM2,r4i1p1f1,ssp245,SSP2-4.5,Sacramento,CA,38.5816,-121.4944,38.16753926701571,238.75,2042,291.60507,18.455078,17.14314,1.3119373,1995-2014
CESM2,r4i1p1f1,ssp245,SSP2-4.5,Sacramento,CA,38.5816,-121.4944,38.16753926701571,238.75,2043,292.40353,19.25354,17.14314,2.1103992,1995-2014
CESM2,r4i1p1f1,ssp245,SSP2-4.5,Sacramento,CA,38.5816,-121.4944,38.16753926701571,238.75,2044,291.86533,18.715332,17.14314,1.5721912,1995-2014
CESM2,r4i1p1f1,ssp245,SSP2-4.5,Sacramento,CA,38.5816,-121.4944,38.16753926701571,238.75,2045,291.51385,18.363861,17.14314,1.2207203,1995-2014
CESM2,r4i1p1f1,ssp245,SSP2-4.5,Sacramento,CA,38.5816,-121.4944,38.16753926701571,238.75,2046,291.51395,18.363953,17.14314,1.2208118,1995-2014
CESM2,r4i1p1f1,ssp245,SSP2-4.5,Sacramento,CA,38.5816,-121.4944,38.16753926701571,238.75,2047,292.4872,19.33722,17.14314,2.1940784,1995-2014
CESM2,r4i1p1f1,ssp245,SSP2-4.5,Sacramento,CA,38.5816,-121.4944,38.16753926701571,238.75,2048,293.08353,19.933533,17.14314,2.790392,1995-2014
CESM2,r4i1p1f1,ssp245,SSP2-4.5,Sacramento,CA,38.5816,-121.4944,38.16753926701571,238.75,2049,292.40872,19.258728,17.14314,2.1155872,1995-2014
CESM2,r4i1p1f1,ssp245,SSP2-4.5,Sacramento,CA,38.5816,-121.4944,38.16753926701571,238.75,2050,291.77988,18.629883,17.14314,1.486742,1995-2014
CESM2,r4i1p1f1,ssp245,SSP2-4.5,Sacramento,CA,38.5816,-121.4944,38.16753926701571,238.75,2051,292.0283,18.878296,17.14314,1.7351551,1995-2014
CESM2,r4i1p1f1,ssp245,SSP2-4.5,Sacramento,CA,38.5816,-121.4944,38.16753926701571,238.75,2052,291.04834,17.898346,17.14314,0.75520515,1995-2014
CESM2,r4i1p1f1,ssp245,SSP2-4.5,Sacramento,CA,38.5816,-121.4944,38.16753926701571,238.75,2053,291.53183,18.381836,17.14314,1.2386951,1995-2014
CESM2,r4i1p1f1,ssp245,SSP2-4.5,Sacramento,CA,38.5816,-121.4944,38.16753926701571,238.75,2054,292.27454,19.124542,17.14314,1.9814014,1995-2014
CESM2,r4i1p1f1,ssp245,SSP2-4.5,Sacramento,CA,38.5816,-121.4944,38.16753926701571,238.75,2055,292.01987,18.869873,17.14314,1.7267323,1995-2014
CESM2,r4i1p1f1,ssp245,SSP2-4.5,Sacramento,CA,38.5816,-121.4944,38.16753926701571,238.75,2056,291.8673,18.717316,17.14314,1.5741749,1995-2014
CESM2,r4i1p1f1,ssp245,SSP2-4.5,Sacramento,CA,38.5816,-121.4944,38.16753926701571,238.75,2057,290.4373,17.287292,17.14314,0.14415169,1995-2014
CESM2,r4i1p1f1,ssp245,SSP2-4.5,Sacramento,CA,38.5816,-121.4944,38.16753926701571,238.75,2058,291.64688,18.496887,17.14314,1.3537464,1995-2014
CESM2,r4i1p1f1,ssp245,SSP2-4.5,Sacramento,CA,38.5816,-121.4944,38.16753926701571,238.75,2059,291.33035,18.180359,17.14314,1.0372181,1995-2014
CESM2,r4i1p1f1,ssp245,SSP2-4.5,Sacramento,CA,38.5816,-121.4944,38.16753926701571,238.75,2060,291.4119,18.261902,17.14314,1.1187611,1995-2014
CESM2,r4i1p1f1,ssp245,SSP2-4.5,Sacramento,CA,38.5816,-121.4944,38.16753926701571,238.75,2061,292.7178,19.56781,17.14314,2.4246693,1995-2014
CESM2,r4i1p1f1,ssp245,SSP2-4.5,Sacramento,CA,38.5816,-121.4944,38.16753926701571,238.75,2062,291.75467,18.604675,17.14314,1.4615345,1995-2014
CESM2,r4i1p1f1,ssp245,SSP2-4.5,Sacramento,CA,38.5816,-121.4944,38.16753926701571,238.75,2063,292.4998,19.349792,17.14314,2.2066517,1995-2014
CESM2,r4i1p1f1,ssp245,SSP2-4.5,Sacramento,CA,38.5816,-121.4944,38.16753926701571,238.75,2064,291.6691,18.519104,17.14314,1.3759632,1995-2014
CESM2,r4i1p1f1,ssp245,SSP2-4.5,Sacramento,CA,38.5816,-121.4944,38.16753926701571,238.75,2065,291.94113,18.791138,17.14314,1.6479969,1995-2014
CESM2,r4i1p1f1,ssp245,SSP2-4.5,Sacramento,CA,38.5816,-121.4944,38.16753926701571,238.75,2066,291.694,18.544006,17.14314,1.4008656,1995-2014
CESM2,r4i1p1f1,ssp245,SSP2-4.5,Sacramento,CA,38.5816,-121.4944,38.16753926701571,238.75,2067,291.81915,18.669159,17.14314,1.5260181,1995-2014
CESM2,r4i1p1f1,ssp245,SSP2-4.5,Sacramento,CA,38.5816,-121.4944,38.16753926701571,238.75,2068,291.88916,18.739166,17.14314,1.5960255,1995-2014
CESM2,r4i1p1f1,ssp245,SSP2-4.5,Sacramento,CA,38.5816,-121.4944,38.16753926701571,238.75,2069,292.72946,19.579468,17.14314,2.436327,1995-2014
CESM2,r4i1p1f1,ssp245,SSP2-4.5,Sacramento,CA,38.5816,-121.4944,38.16753926701571,238.75,2070,292.01978,18.869781,17.14314,1.7266407,1995-2014
CESM2,r4i1p1f1,ssp245,SSP2-4.5,Sacramento,CA,38.5816,-121.4944,38.16753926701571,238.75,2071,292.24887,19.098877,17.14314,1.9557362,1995-2014
CESM2,r4i1p1f1,ssp245,SSP2-4.5,Sacramento,CA,38.5816,-121.4944,38.16753926701571,238.75,2072,291.29544,18.145447,17.14314,1.002306,1995-2014
CESM2,r4i1p1f1,ssp245,SSP2-4.5,Sacramento,CA,38.5816,-121.4944,38.16753926701571,238.75,2073,293.3696,20.219604,17.14314,3.0764637,1995-2014
CESM2,r4i1p1f1,ssp245,SSP2-4.5,Sacramento,CA,38.5816,-121.4944,38.16753926701571,238.75,2074,290.91553,17.765533,17.14314,0.62239265,1995-2014
CESM2,r4i1p1f1,ssp245,SSP2-4.5,Sacramento,CA,38.5816,-121.4944,38.16753926701571,238.75,2075,293.0711,19.921112,17.14314,2.7779713,1995-2014
CESM2,r4i1p1f1,ssp245,SSP2-4.5,Sacramento,CA,38.5816,-121.4944,38.16753926701571,238.75,2076,292.14597,18.995972,17.14314,1.8528309,1995-2014
CESM2,r4i1p1f1,ssp245,SSP2-4.5,Sacramento,CA,38.5816,-121.4944,38.16753926701571,238.75,2077,292.25854,19.108551,17.14314,1.9654102,1995-2014
CESM2,r4i1p1f1,ssp245,SSP2-4.5,Sacramento,CA,38.5816,-121.4944,38.16753926701571,238.75,2078,292.15994,19.009949,17.14314,1.8668079,1995-2014
CESM2,r4i1p1f1,ssp245,SSP2-4.5,Sacramento,CA,38.5816,-121.4944,38.16753926701571,238.75,2079,292.74213,19.592133,17.14314,2.4489918,1995-2014
CESM2,r4i1p1f1,ssp245,SSP2-4.5,Sacramento,CA,38.5816,-121.4944,38.16753926701571,238.75,2080,291.8821,18.732117,17.14314,1.5889759,1995-2014
CESM2,r4i1p1f1,ssp245,SSP2-4.5,Sacramento,CA,38.5816,-121.4944,38.16753926701571,238.75,2081,291.0262,17.87622,17.14314,0.7330799,1995-2014
CESM2,r4i1p1f1,ssp245,SSP2-4.5,Sacramento,CA,38.5816,-121.4944,38.16753926701571,238.75,2082,291.63547,18.485474,17.14314,1.3423328,1995-2014
CESM2,r4i1p1f1,ssp245,SSP2-4.5,Sacramento,CA,38.5816,-121.4944,38.16753926701571,238.75,2083,292.94998,19.799988,17.14314,2.656847,1995-2014
CESM2,r4i1p1f1,ssp245,SSP2-4.5,Sacramento,CA,38.5816,-121.4944,38.16753926701571,238.75,2084,292.94632,19.796326,17.14314,2.653185,1995-2014
CESM2,r4i1p1f1,ssp245,SSP2-4.5,Sacramento,CA,38.5816,-121.4944,38.16753926701571,238.75,2085,292.3044,19.154419,17.14314,2.0112782,1995-2014
CESM2,r4i1p1f1,ssp245,SSP2-4.5,Sacramento,CA,38.5816,-121.4944,38.16753926701571,238.75,2086,293.14297,19.992981,17.14314,2.8498402,1995-2014
CESM2,r4i1p1f1,ssp245,SSP2-4.5,Sacramento,CA,38.5816,-121.4944,38.16753926701571,238.75,2087,292.2986,19.14862,17.14314,2.0054798,1995-2014
CESM2,r4i1p1f1,ssp245,SSP2-4.5,Sacramento,CA,38.5816,-121.4944,38.16753926701571,238.75,2088,292.46155,19.311554,17.14314,2.1684132,1995-2014
CESM2,r4i1p1f1,ssp245,SSP2-4.5,Sacramento,CA,38.5816,-121.4944,38.16753926701571,238.75,2089,292.14825,18.99826,17.14314,1.8551197,1995-2014
CESM2,r4i1p1f1,ssp245,SSP2-4.5,Sacramento,CA,38.5816,-121.4944,38.16753926701571,238.75,2090,292.60614,19.456146,17.14314,2.3130054,1995-2014
CESM2,r4i1p1f1,ssp245,SSP2-4.5,Sacramento,CA,38.5816,-121.4944,38.16753926701571,238.75,2091,292.3842,19.234192,17.14314,2.091051,1995-2014
CESM2,r4i1p1f1,ssp245,SSP2-4.5,Sacramento,CA,38.5816,-121.4944,38.16753926701571,238.75,2092,292.13525,18.98526,17.14314,1.8421192,1995-2014
CESM2,r4i1p1f1,ssp245,SSP2-4.5,Sacramento,CA,38.5816,-121.4944,38.16753926701571,238.75,2093,292.16165,19.011658,17.14314,1.8685169,1995-2014
CESM2,r4i1p1f1,ssp245,SSP2-4.5,Sacramento,CA,38.5816,-121.4944,38.16753926701571,238.75,2094,292.745,19.595001,17.14314,2.4518604,1995-2014
CESM2,r4i1p1f1,ssp245,SSP2-4.5,Sacramento,CA,38.5816,-121.4944,38.16753926701571,238.75,2095,293.0204,19.870392,17.14314,2.727251,1995-2014
CESM2,r4i1p1f1,ssp245,SSP2-4.5,Sacramento,CA,38.5816,-121.4944,38.16753926701571,238.75,2096,293.25803,20.108032,17.14314,2.9648914,1995-2014
CESM2,r4i1p1f1,ssp245,SSP2-4.5,Sacramento,CA,38.5816,-121.4944,38.16753926701571,238.75,2097,293.175,20.024994,17.14314,2.881853,1995-2014
CESM2,r4i1p1f1,ssp245,SSP2-4.5,Sacramento,CA,38.5816,-121.4944,38.16753926701571,238.75,2098,292.38376,19.233765,17.14314,2.0906239,1995-2014
CESM2,r4i1p1f1,ssp245,SSP2-4.5,Sacramento,CA,38.5816,-121.4944,38.16753926701571,238.75,2099,293.79147,20.64148,17.14314,3.4983387,1995-2014
CESM2,r4i1p1f1,ssp245,SSP2-4.5,Sacramento,CA,38.5816,-121.4944,38.16753926701571,238.75,2100,291.56546,18.415466,17.14314,1.2723255,1995-2014
CESM2,r4i1p1f1,ssp585,SSP5-8.5,Sacramento,CA,38.5816,-121.4944,38.16753926701571,238.75,2015,290.3231,17.173096,17.14314,0.02995491,1995-2014
CESM2,r4i1p1f1,ssp585,SSP5-8.5,Sacramento,CA,38.5816,-121.4944,38.16753926701571,238.75,2016,291.74316,18.59317,17.14314,1.4500294,1995-2014
CESM2,r4i1p1f1,ssp585,SSP5-8.5,Sacramento,CA,38.5816,-121.4944,38.16753926701571,238.75,2017,290.0569,16.90689,17.14314,-0.23624992,1995-2014
CESM2,r4i1p1f1,ssp585,SSP5-8.5,Sacramento,CA,38.5816,-121.4944,38.16753926701571,238.75,2018,291.28122,18.131226,17.14314,0.9880848,1995-2014
CESM2,r4i1p1f1,ssp585,SSP5-8.5,Sacramento,CA,38.5816,-121.4944,38.16753926701571,238.75,2019,290.98544,17.83545,17.14314,0.6923084,1995-2014
CESM2,r4i1p1f1,ssp585,SSP5-8.5,Sacramento,CA,38.5816,-121.4944,38.16753926701571,238.75,2020,290.32297,17.172974,17.14314,0.02983284,1995-2014
CESM2,r4i1p1f1,ssp585,SSP5-8.5,Sacramento,CA,38.5816,-121.4944,38.16753926701571,238.75,2021,291.01968,17.86969,17.14314,0.72654915,1995-2014
CESM2,r4i1p1f1,ssp585,SSP5-8.5,Sacramento,CA,38.5816,-121.4944,38.16753926701571,238.75,2022,290.63284,17.48285,17.14314,0.33970833,1995-2014
CESM2,r4i1p1f1,ssp585,SSP5-8.5,Sacramento,CA,38.5816,-121.4944,38.16753926701571,238.75,2023,290.04135,16.891357,17.14314,-0.25178337,1995-2014
CESM2,r4i1p1f1,ssp585,SSP5-8.5,Sacramento,CA,38.5816,-121.4944,38.16753926701571,238.75,2024,291.08817,17.938171,17.14314,0.7950306,1995-2014
CESM2,r4i1p1f1,ssp585,SSP5-8.5,Sacramento,CA,38.5816,-121.4944,38.16753926701571,238.75,2025,290.8746,17.72461,17.14314,0.5814686,1995-2014
CESM2,r4i1p1f1,ssp585,SSP5-8.5,Sacramento,CA,38.5816,-121.4944,38.16753926701571,238.75,2026,290.98917,17.839172,17.14314,0.6960316,1995-2014
CESM2,r4i1p1f1,ssp585,SSP5-8.5,Sacramento,CA,38.5816,-121.4944,38.16753926701571,238.75,2027,290.55154,17.40155,17.14314,0.2584095,1995-2014
CESM2,r4i1p1f1,ssp585,SSP5-8.5,Sacramento,CA,38.5816,-121.4944,38.16753926701571,238.75,2028,290.76004,17.610046,17.14314,0.4669056,1995-2014
CESM2,r4i1p1f1,ssp585,SSP5-8.5,Sacramento,CA,38.5816,-121.4944,38.16753926701571,238.75,2029,291.3185,18.168518,17.14314,1.0253773,1995-2014
CESM2,r4i1p1f1,ssp585,SSP5-8.5,Sacramento,CA,38.5816,-121.4944,38.16753926701571,238.75,2030,290.62515,17.475159,17.14314,0.3320179,1995-2014
CESM2,r4i1p1f1,ssp585,SSP5-8.5,Sacramento,CA,38.5816,-121.4944,38.16753926701571,238.75,2031,290.61343,17.46344,17.14314,0.32029915,1995-2014
CESM2,r4i1p1f1,ssp585,SSP5-8.5,Sacramento,CA,38.5816,-121.4944,38.16753926701571,238.75,2032,292.61246,19.462463,17.14314,2.3193226,1995-2014
CESM2,r4i1p1f1,ssp585,SSP5-8.5,Sacramento,CA,38.5816,-121.4944,38.16753926701571,238.75,2033,291.41544,18.265442,17.14314,1.1223011,1995-2014
CESM2,r4i1p1f1,ssp585,SSP5-8.5,Sacramento,CA,38.5816,-121.4944,38.16753926701571,238.75,2034,292.22324,19.073242,17.14314,1.9301014,1995-2014
CESM2,r4i1p1f1,ssp585,SSP5-8.5,Sacramento,CA,38.5816,-121.4944,38.16753926701571,238.75,2035,290.87567,17.725677,17.14314,0.5825367,1995-2014
CESM2,r4i1p1f1,ssp585,SSP5-8.5,Sacramento,CA,38.5816,-121.4944,38.16753926701571,238.75,2036,291.32007,18.170074,17.14314,1.0269337,1995-2014
CESM2,r4i1p1f1,ssp585,SSP5-8.5,Sacramento,CA,38.5816,-121.4944,38.16753926701571,238.75,2037,292.1551,19.005096,17.14314,1.8619556,1995-2014
CESM2,r4i1p1f1,ssp585,SSP5-8.5,Sacramento,CA,38.5816,-121.4944,38.16753926701571,238.75,2038,291.27225,18.122253,17.14314,0.9791126,1995-2014
CESM2,r4i1p1f1,ssp585,SSP5-8.5,Sacramento,CA,38.5816,-121.4944,38.16753926701571,238.75,2039,291.5651,18.4151,17.14314,1.2719593,1995-2014
CESM2,r4i1p1f1,ssp585,SSP5-8.5,Sacramento,CA,38.5816,-121.4944,38.16753926701571,238.75,2040,292.65958,19.509583,17.14314,2.3664417,1995-2014
CESM2,r4i1p1f1,ssp585,SSP5-8.5,Sacramento,CA,38.5816,-121.4944,38.16753926701571,238.75,2041,291.49588,18.345886,17.14314,1.2027454,1995-2014
CESM2,r4i1p1f1,ssp585,SSP5-8.5,Sacramento,CA,38.5816,-121.4944,38.16753926701571,238.75,2042,291.6702,18.520203,17.14314,1.3770618,1995-2014
CESM2,r4i1p1f1,ssp585,SSP5-8.5,Sacramento,CA,38.5816,-121.4944,38.16753926701571,238.75,2043,291.54056,18.390564,17.14314,1.2474232,1995-2014
CESM2,r4i1p1f1,ssp585,SSP5-8.5,Sacramento,CA,38.5816,-121.4944,38.16753926701571,238.75,2044,291.6117,18.4617,17.14314,1.3185596,1995-2014
CESM2,r4i1p1f1,ssp585,SSP5-8.5,Sacramento,CA,38.5816,-121.4944,38.16753926701571,238.75,2045,292.9481,19.798096,17.14314,2.654955,1995-2014
CESM2,r4i1p1f1,ssp585,SSP5-8.5,Sacramento,CA,38.5816,-121.4944,38.16753926701571,238.75,2046,291.93637,18.786377,17.14314,1.6432362,1995-2014
CESM2,r4i1p1f1,ssp585,SSP5-8.5,Sacramento,CA,38.5816,-121.4944,38.16753926701571,238.75,2047,291.94052,18.790527,17.14314,1.6473866,1995-2014
CESM2,r4i1p1f1,ssp585,SSP5-8.5,Sacramento,CA,38.5816,-121.4944,38.16753926701571,238.75,2048,292.73447,19.584473,17.14314,2.4413319,1995-2014
CESM2,r4i1p1f1,ssp585,SSP5-8.5,Sacramento,CA,38.5816,-121.4944,38.16753926701571,238.75,2049,292.77756,19.627563,17.14314,2.4844227,1995-2014
CESM2,r4i1p1f1,ssp585,SSP5-8.5,Sacramento,CA,38.5816,-121.4944,38.16753926701571,238.75,2050,292.84872,19.69873,17.14314,2.5555897,1995-2014
CESM2,r4i1p1f1,ssp585,SSP5-8.5,Sacramento,CA,38.5816,-121.4944,38.16753926701571,238.75,2051,292.44568,19.295685,17.14314,2.152544,1995-2014
CESM2,r4i1p1f1,ssp585,SSP5-8.5,Sacramento,CA,38.5816,-121.4944,38.16753926701571,238.75,2052,292.67575,19.525757,17.14314,2.382616,1995-2014
CESM2,r4i1p1f1,ssp585,SSP5-8.5,Sacramento,CA,38.5816,-121.4944,38.16753926701571,238.75,2053,293.09848,19.948486,17.14314,2.8053455,1995-2014
CESM2,r4i1p1f1,ssp585,SSP5-8.5,Sacramento,CA,38.5816,-121.4944,38.16753926701571,238.75,2054,292.3691,19.219116,17.14314,2.0759754,1995-2014
CESM2,r4i1p1f1,ssp585,SSP5-8.5,Sacramento,CA,38.5816,-121.4944,38.16753926701571,238.75,2055,293.47415,20.324158,17.14314,3.181017,1995-2014
CESM2,r4i1p1f1,ssp585,SSP5-8.5,Sacramento,CA,38.5816,-121.4944,38.16753926701571,238.75,2056,292.88663,19.736633,17.14314,2.5934925,1995-2014
CESM2,r4i1p1f1,ssp585,SSP5-8.5,Sacramento,CA,38.5816,-121.4944,38.16753926701571,238.75,2057,291.58963,18.439636,17.14314,1.2964954,1995-2014
CESM2,r4i1p1f1,ssp585,SSP5-8.5,Sacramento,CA,38.5816,-121.4944,38.16753926701571,238.75,2058,293.27582,20.125824,17.14314,2.9826832,1995-2014
CESM2,r4i1p1f1,ssp585,SSP5-8.5,Sacramento,CA,38.5816,-121.4944,38.16753926701571,238.75,2059,292.46945,19.319458,17.14314,2.1763172,1995-2014
CESM2,r4i1p1f1,ssp585,SSP5-8.5,Sacramento,CA,38.5816,-121.4944,38.16753926701571,238.75,2060,292.849,19.699005,17.14314,2.5558643,1995-2014
CESM2,r4i1p1f1,ssp585,SSP5-8.5,Sacramento,CA,38.5816,-121.4944,38.16753926701571,238.75,2061,292.48044,19.330444,17.14314,2.1873035,1995-2014
CESM2,r4i1p1f1,ssp585,SSP5-8.5,Sacramento,CA,38.5816,-121.4944,38.16753926701571,238.75,2062,291.9397,18.789703,17.14314,1.6465626,1995-2014
CESM2,r4i1p1f1,ssp585,SSP5-8.5,Sacramento,CA,38.5816,-121.4944,38.16753926701571,238.75,2063,292.855,19.705017,17.14314,2.5618763,1995-2014
CESM2,r4i1p1f1,ssp585,SSP5-8.5,Sacramento,CA,38.5816,-121.4944,38.16753926701571,238.75,2064,294.10297,20.952972,17.14314,3.8098316,1995-2014
CESM2,r4i1p1f1,ssp585,SSP5-8.5,Sacramento,CA,38.5816,-121.4944,38.16753926701571,238.75,2065,292.4304,19.280396,17.14314,2.1372547,1995-2014
CESM2,r4i1p1f1,ssp585,SSP5-8.5,Sacramento,CA,38.5816,-121.4944,38.16753926701571,238.75,2066,292.6225,19.472504,17.14314,2.3293629,1995-2014
CESM2,r4i1p1f1,ssp585,SSP5-8.5,Sacramento,CA,38.5816,-121.4944,38.16753926701571,238.75,2067,291.81857,18.66858,17.14314,1.5254383,1995-2014
CESM2,r4i1p1f1,ssp585,SSP5-8.5,Sacramento,CA,38.5816,-121.4944,38.16753926701571,238.75,2068,293.4142,20.264221,17.14314,3.1210804,1995-2014
CESM2,r4i1p1f1,ssp585,SSP5-8.5,Sacramento,CA,38.5816,-121.4944,38.16753926701571,238.75,2069,293.87094,20.720947,17.14314,3.5778065,1995-2014
CESM2,r4i1p1f1,ssp585,SSP5-8.5,Sacramento,CA,38.5816,-121.4944,38.16753926701571,238.75,2070,293.8675,20.717499,17.14314,3.574358,1995-2014
CESM2,r4i1p1f1,ssp585,SSP5-8.5,Sacramento,CA,38.5816,-121.4944,38.16753926701571,238.75,2071,292.45953,19.30954,17.14314,2.166399,1995-2014
CESM2,r4i1p1f1,ssp585,SSP5-8.5,Sacramento,CA,38.5816,-121.4944,38.16753926701571,238.75,2072,293.2024,20.052399,17.14314,2.909258,1995-2014
CESM2,r4i1p1f1,ssp585,SSP5-8.5,Sacramento,CA,38.5816,-121.4944,38.16753926701571,238.75,2073,293.06094,19.91095,17.14314,2.767809,1995-2014
CESM2,r4i1p1f1,ssp585,SSP5-8.5,Sacramento,CA,38.5816,-121.4944,38.16753926701571,238.75,2074,294.60904,21.459045,17.14314,4.3159046,1995-2014
CESM2,r4i1p1f1,ssp585,SSP5-8.5,Sacramento,CA,38.5816,-121.4944,38.16753926701571,238.75,2075,293.56354,20.413544,17.14314,3.270403,1995-2014
CESM2,r4i1p1f1,ssp585,SSP5-8.5,Sacramento,CA,38.5816,-121.4944,38.16753926701571,238.75,2076,293.87778,20.727783,17.14314,3.5846424,1995-2014
CESM2,r4i1p1f1,ssp585,SSP5-8.5,Sacramento,CA,38.5816,-121.4944,38.16753926701571,238.75,2077,292.86295,19.712952,17.14314,2.5698109,1995-2014
CESM2,r4i1p1f1,ssp585,SSP5-8.5,Sacramento,CA,38.5816,-121.4944,38.16753926701571,238.75,2078,292.91776,19.767761,17.14314,2.6246204,1995-2014
CESM2,r4i1p1f1,ssp585,SSP5-8.5,Sacramento,CA,38.5816,-121.4944,38.16753926701571,238.75,2079,293.96472,20.814728,17.14314,3.671587,1995-2014
CESM2,r4i1p1f1,ssp585,SSP5-8.5,Sacramento,CA,38.5816,-121.4944,38.16753926701571,238.75,2080,294.4778,21.32782,17.14314,4.184679,1995-2014
CESM2,r4i1p1f1,ssp585,SSP5-8.5,Sacramento,CA,38.5816,-121.4944,38.16753926701571,238.75,2081,294.07956,20.929565,17.14314,3.7864246,1995-2014
CESM2,r4i1p1f1,ssp585,SSP5-8.5,Sacramento,CA,38.5816,-121.4944,38.16753926701571,238.75,2082,294.21805,21.068054,17.14314,3.9249134,1995-2014
CESM2,r4i1p1f1,ssp585,SSP5-8.5,Sacramento,CA,38.5816,-121.4944,38.16753926701571,238.75,2083,294.68317,21.533173,17.14314,4.390032,1995-2014
CESM2,r4i1p1f1,ssp585,SSP5-8.5,Sacramento,CA,38.5816,-121.4944,38.16753926701571,238.75,2084,294.07736,20.927368,17.14314,3.7842274,1995-2014
CESM2,r4i1p1f1,ssp585,SSP5-8.5,Sacramento,CA,38.5816,-121.4944,38.16753926701571,238.75,2085,294.30252,21.152527,17.14314,4.009386,1995-2014
CESM2,r4i1p1f1,ssp585,SSP5-8.5,Sacramento,CA,38.5816,-121.4944,38.16753926701571,238.75,2086,293.90515,20.755157,17.14314,3.6120167,1995-2014
CESM2,r4i1p1f1,ssp585,SSP5-8.5,Sacramento,CA,38.5816,-121.4944,38.16753926701571,238.75,2087,294.48294,21.332947,17.14314,4.189806,1995-2014
CESM2,r4i1p1f1,ssp585,SSP5-8.5,Sacramento,CA,38.5816,-121.4944,38.16753926701571,238.75,2088,294.90805,21.758057,17.14314,4.614916,1995-2014
CESM2,r4i1p1f1,ssp585,SSP5-8.5,Sacramento,CA,38.5816,-121.4944,38.16753926701571,238.75,2089,295.16345,22.013458,17.14314,4.8703175,1995-2014
CESM2,r4i1p1f1,ssp585,SSP5-8.5,Sacramento,CA,38.5816,-121.4944,38.16753926701571,238.75,2090,294.7066,21.55661,17.14314,4.4134693,1995-2014
CESM2,r4i1p1f1,ssp585,SSP5-8.5,Sacramento,CA,38.5816,-121.4944,38.16753926701571,238.75,2091,295.2773,22.12732,17.14314,4.9841785,1995-2014
CESM2,r4i1p1f1,ssp585,SSP5-8.5,Sacramento,CA,38.5816,-121.4944,38.16753926701571,238.75,2092,295.93918,22.789185,17.14314,5.646044,1995-2014
CESM2,r4i1p1f1,ssp585,SSP5-8.5,Sacramento,CA,38.5816,-121.4944,38.16753926701571,238.75,2093,294.48053,21.330536,17.14314,4.187395,1995-2014
CESM2,r4i1p1f1,ssp585,SSP5-8.5,Sacramento,CA,38.5816,-121.4944,38.16753926701571,238.75,2094,295.69702,22.547028,17.14314,5.403887,1995-2014
CESM2,r4i1p1f1,ssp585,SSP5-8.5,Sacramento,CA,38.5816,-121.4944,38.16753926701571,238.75,2095,294.8491,21.699097,17.14314,4.555956,1995-2014
CESM2,r4i1p1f1,ssp585,SSP5-8.5,Sacramento,CA,38.5816,-121.4944,38.16753926701571,238.75,2096,296.72495,23.574951,17.14314,6.4318104,1995-2014
CESM2,r4i1p1f1,ssp585,SSP5-8.5,Sacramento,CA,38.5816,-121.4944,38.16753926701571,238.75,2097,295.2702,22.120209,17.14314,4.977068,1995-2014
CESM2,r4i1p1f1,ssp585,SSP5-8.5,Sacramento,CA,38.5816,-121.4944,38.16753926701571,238.75,2098,296.34268,23.192688,17.14314,6.049547,1995-2014
CESM2,r4i1p1f1,ssp585,SSP5-8.5,Sacramento,CA,38.5816,-121.4944,38.16753926701571,238.75,2099,296.84543,23.695435,17.14314,6.552294,1995-2014
CESM2,r4i1p1f1,ssp585,SSP5-8.5,Sacramento,CA,38.5816,-121.4944,38.16753926701571,238.75,2100,295.04758,21.897583,17.14314,4.754442,1995-2014
CESM2,r4i1p1f1,historical,Historical,San Diego,CA,32.7157,-117.1611,32.5130890052356,242.5,1950,290.6453,17.4953,18.075333,-0.58003235,1995-2014
CESM2,r4i1p1f1,historical,Historical,San Diego,CA,32.7157,-117.1611,32.5130890052356,242.5,1951,290.5151,17.365112,18.075333,-0.71022034,1995-2014
CESM2,r4i1p1f1,historical,Historical,San Diego,CA,32.7157,-117.1611,32.5130890052356,242.5,1952,290.03403,16.884033,18.075333,-1.1912994,1995-2014
CESM2,r4i1p1f1,historical,Historical,San Diego,CA,32.7157,-117.1611,32.5130890052356,242.5,1953,290.06796,16.917969,18.075333,-1.1573639,1995-2014
CESM2,r4i1p1f1,historical,Historical,San Diego,CA,32.7157,-117.1611,32.5130890052356,242.5,1954,290.6671,17.51712,18.075333,-0.5582123,1995-2014
CESM2,r4i1p1f1,historical,Historical,San Diego,CA,32.7157,-117.1611,32.5130890052356,242.5,1955,290.72275,17.572754,18.075333,-0.50257874,1995-2014
CESM2,r4i1p1f1,historical,Historical,San Diego,CA,32.7157,-117.1611,32.5130890052356,242.5,1956,290.36282,17.21283,18.075333,-0.86250305,1995-2014
CESM2,r4i1p1f1,historical,Historical,San Diego,CA,32.7157,-117.1611,32.5130890052356,242.5,1957,290.59256,17.442566,18.075333,-0.6327667,1995-2014
CESM2,r4i1p1f1,historical,Historical,San Diego,CA,32.7157,-117.1611,32.5130890052356,242.5,1958,290.13034,16.980347,18.075333,-1.094986,1995-2014
CESM2,r4i1p1f1,historical,Historical,San Diego,CA,32.7157,-117.1611,32.5130890052356,242.5,1959,290.26978,17.119781,18.075333,-0.95555115,1995-2014
CESM2,r4i1p1f1,historical,Historical,San Diego,CA,32.7157,-117.1611,32.5130890052356,242.5,1960,289.2233,16.073303,18.075333,-2.0020294,1995-2014
CESM2,r4i1p1f1,historical,Historical,San Diego,CA,32.7157,-117.1611,32.5130890052356,242.5,1961,288.51132,15.361328,18.075333,-2.7140045,1995-2014
CESM2,r4i1p1f1,historical,Historical,San Diego,CA,32.7157,-117.1611,32.5130890052356,242.5,1962,288.94376,15.793762,18.075333,-2.2815704,1995-2014
CESM2,r4i1p1f1,historical,Historical,San Diego,CA,32.7157,-117.1611,32.5130890052356,242.5,1963,290.53156,17.381561,18.075333,-0.69377136,1995-2014
CESM2,r4i1p1f1,historical,Historical,San Diego,CA,32.7157,-117.1611,32.5130890052356,242.5,1964,290.25507,17.105072,18.075333,-0.9702606,1995-2014
CESM2,r4i1p1f1,historical,Historical,San Diego,CA,32.7157,-117.1611,32.5130890052356,242.5,1965,290.0363,16.886292,18.075333,-1.1890411,1995-2014
CESM2,r4i1p1f1,historical,Historical,San Diego,CA,32.7157,-117.1611,32.5130890052356,242.5,1966,289.7989,16.648895,18.075333,-1.4264374,1995-2014
CESM2,r4i1p1f1,historical,Historical,San Diego,CA,32.7157,-117.1611,32.5130890052356,242.5,1967,290.16684,17.016846,18.075333,-1.0584869,1995-2014
CESM2,r4i1p1f1,historical,Historical,San Diego,CA,32.7157,-117.1611,32.5130890052356,242.5,1968,290.45114,17.301147,18.075333,-0.7741852,1995-2014
CESM2,r4i1p1f1,historical,Historical,San Diego,CA,32.7157,-117.1611,32.5130890052356,242.5,1969,290.08963,16.939636,18.075333,-1.1356964,1995-2014
CESM2,r4i1p1f1,historical,Historical,San Diego,CA,32.7157,-117.1611,32.5130890052356,242.5,1970,289.99915,16.849152,18.075333,-1.226181,1995-2014
CESM2,r4i1p1f1,historical,Historical,San Diego,CA,32.7157,-117.1611,32.5130890052356,242.5,1971,289.61,16.459991,18.075333,-1.6153412,1995-2014
CESM2,r4i1p1f1,historical,Historical,San Diego,CA,32.7157,-117.1611,32.5130890052356,242.5,1972,290.2535,17.103516,18.075333,-0.971817,1995-2014
CESM2,r4i1p1f1,historical,Historical,San Diego,CA,32.7157,-117.1611,32.5130890052356,242.5,1973,289.67838,16.528381,18.075333,-1.5469513,1995-2014
CESM2,r4i1p1f1,historical,Historical,San Diego,CA,32.7157,-117.1611,32.5130890052356,242.5,1974,290.13086,16.980865,18.075333,-1.0944672,1995-2014
CESM2,r4i1p1f1,historical,Historical,San Diego,CA,32.7157,-117.1611,32.5130890052356,242.5,1975,290.52307,17.373077,18.075333,-0.70225525,1995-2014
CESM2,r4i1p1f1,historical,Historical,San Diego,CA,32.7157,-117.1611,32.5130890052356,242.5,1976,290.53543,17.385437,18.075333,-0.68989563,1995-2014
CESM2,r4i1p1f1,historical,Historical,San Diego,CA,32.7157,-117.1611,32.5130890052356,242.5,1977,290.042,16.891998,18.075333,-1.1833344,1995-2014
CESM2,r4i1p1f1,historical,Historical,San Diego,CA,32.7157,-117.1611,32.5130890052356,242.5,1978,290.6239,17.473907,18.075333,-0.6014252,1995-2014
CESM2,r4i1p1f1,historical,Historical,San Diego,CA,32.7157,-117.1611,32.5130890052356,242.5,1979,290.76083,17.61084,18.075333,-0.4644928,1995-2014
CESM2,r4i1p1f1,historical,Historical,San Diego,CA,32.7157,-117.1611,32.5130890052356,242.5,1980,290.28802,17.138031,18.075333,-0.93730164,1995-2014
CESM2,r4i1p1f1,historical,Historical,San Diego,CA,32.7157,-117.1611,32.5130890052356,242.5,1981,290.78012,17.630127,18.075333,-0.4452057,1995-2014
CESM2,r4i1p1f1,historical,Historical,San Diego,CA,32.7157,-117.1611,32.5130890052356,242.5,1982,289.64908,16.499084,18.075333,-1.5762482,1995-2014
CESM2,r4i1p1f1,historical,Historical,San Diego,CA,32.7157,-117.1611,32.5130890052356,242.5,1983,290.5563,17.406311,18.075333,-0.6690216,1995-2014
CESM2,r4i1p1f1,historical,Historical,San Diego,CA,32.7157,-117.1611,32.5130890052356,242.5,1984,290.84598,17.695984,18.075333,-0.37934875,1995-2014
CESM2,r4i1p1f1,historical,Historical,San Diego,CA,32.7157,-117.1611,32.5130890052356,242.5,1985,290.95596,17.80597,18.075333,-0.2693634,1995-2014
CESM2,r4i1p1f1,historical,Historical,San Diego,CA,32.7157,-117.1611,32.5130890052356,242.5,1986,291.77213,18.622131,18.075333,0.5467987,1995-2014
CESM2,r4i1p1f1,historical,Historical,San Diego,CA,32.7157,-117.1611,32.5130890052356,242.5,1987,291.74457,18.594574,18.075333,0.51924133,1995-2014
CESM2,r4i1p1f1,historical,Historical,San Diego,CA,32.7157,-117.1611,32.5130890052356,242.5,1988,290.5344,17.3844,18.075333,-0.6909332,1995-2014
CESM2,r4i1p1f1,historical,Historical,San Diego,CA,32.7157,-117.1611,32.5130890052356,242.5,1989,291.19168,18.041687,18.075333,-0.03364563,1995-2014
CESM2,r4i1p1f1,historical,Historical,San Diego,CA,32.7157,-117.1611,32.5130890052356,242.5,1990,290.8262,17.676208,18.075333,-0.39912415,1995-2014
CESM2,r4i1p1f1,historical,Historical,San Diego,CA,32.7157,-117.1611,32.5130890052356,242.5,1991,289.95596,16.80597,18.075333,-1.2693634,1995-2014
CESM2,r4i1p1f1,historical,Historical,San Diego,CA,32.7157,-117.1611,32.5130890052356,242.5,1992,290.8301,17.680115,18.075333,-0.3952179,1995-2014
CESM2,r4i1p1f1,historical,Historical,San Diego,CA,32.7157,-117.1611,32.5130890052356,242.5,1993,290.72653,17.576538,18.075333,-0.49879456,1995-2014
CESM2,r4i1p1f1,historical,Historical,San Diego,CA,32.7157,-117.1611,32.5130890052356,242.5,1994,291.53195,18.381958,18.075333,0.30662537,1995-2014
CESM2,r4i1p1f1,historical,Historical,San Diego,CA,32.7157,-117.1611,32.5130890052356,242.5,1995,291.21432,18.064331,18.075333,-0.011001587,1995-2014
CESM2,r4i1p1f1,historical,Historical,San Diego,CA,32.7157,-117.1611,32.5130890052356,242.5,1996,290.67224,17.522247,18.075333,-0.5530853,1995-2014
CESM2,r4i1p1f1,historical,Historical,San Diego,CA,32.7157,-117.1611,32.5130890052356,242.5,1997,291.78067,18.630676,18.075333,0.5553436,1995-2014
CESM2,r4i1p1f1,historical,Historical,San Diego,CA,32.7157,-117.1611,32.5130890052356,242.5,1998,291.07956,17.929565,18.075333,-0.14576721,1995-2014
CESM2,r4i1p1f1,historical,Historical,San Diego,CA,32.7157,-117.1611,32.5130890052356,242.5,1999,291.72794,18.577942,18.075333,0.50260925,1995-2014
CESM2,r4i1p1f1,historical,Historical,San Diego,CA,32.7157,-117.1611,32.5130890052356,242.5,2000,291.6627,18.512695,18.075333,0.43736267,1995-2014
CESM2,r4i1p1f1,historical,Historical,San Diego,CA,32.7157,-117.1611,32.5130890052356,242.5,2001,292.63828,19.488281,18.075333,1.4129486,1995-2014
CESM2,r4i1p1f1,historical,Historical,San Diego,CA,32.7157,-117.1611,32.5130890052356,242.5,2002,291.28067,18.130676,18.075333,0.055343628,1995-2014
CESM2,r4i1p1f1,historical,Historical,San Diego,CA,32.7157,-117.1611,32.5130890052356,242.5,2003,290.8279,17.677917,18.075333,-0.39741516,1995-2014
CESM2,r4i1p1f1,historical,Historical,San Diego,CA,32.7157,-117.1611,32.5130890052356,242.5,2004,291.11362,17.963623,18.075333,-0.111709595,1995-2014
CESM2,r4i1p1f1,historical,Historical,San Diego,CA,32.7157,-117.1611,32.5130890052356,242.5,2005,290.94125,17.79126,18.075333,-0.28407288,1995-2014
CESM2,r4i1p1f1,historical,Historical,San Diego,CA,32.7157,-117.1611,32.5130890052356,242.5,2006,290.534,17.384003,18.075333,-0.69132996,1995-2014
CESM2,r4i1p1f1,historical,Historical,San Diego,CA,32.7157,-117.1611,32.5130890052356,242.5,2007,290.8257,17.67572,18.075333,-0.39961243,1995-2014
CESM2,r4i1p1f1,historical,Historical,San Diego,CA,32.7157,-117.1611,32.5130890052356,242.5,2008,290.68942,17.539429,18.075333,-0.53590393,1995-2014
CESM2,r4i1p1f1,historical,Historical,San Diego,CA,32.7157,-117.1611,32.5130890052356,242.5,2009,291.26257,18.11258,18.075333,0.037246704,1995-2014
CESM2,r4i1p1f1,historical,Historical,San Diego,CA,32.7157,-117.1611,32.5130890052356,242.5,2010,291.74243,18.592438,18.075333,0.5171051,1995-2014
CESM2,r4i1p1f1,historical,Historical,San Diego,CA,32.7157,-117.1611,32.5130890052356,242.5,2011,290.72348,17.573486,18.075333,-0.5018463,1995-2014
CESM2,r4i1p1f1,historical,Historical,San Diego,CA,32.7157,-117.1611,32.5130890052356,242.5,2012,291.34332,18.193329,18.075333,0.117996216,1995-2014
CESM2,r4i1p1f1,historical,Historical,San Diego,CA,32.7157,-117.1611,32.5130890052356,242.5,2013,291.549,18.399017,18.075333,0.3236847,1995-2014
CESM2,r4i1p1f1,historical,Historical,San Diego,CA,32.7157,-117.1611,32.5130890052356,242.5,2014,290.89743,17.747437,18.075333,-0.32789612,1995-2014
CESM2,r4i1p1f1,ssp126,SSP1-2.6,San Diego,CA,32.7157,-117.1611,32.5130890052356,242.5,2015,290.18246,17.03247,18.075333,-1.0428619,1995-2014
CESM2,r4i1p1f1,ssp126,SSP1-2.6,San Diego,CA,32.7157,-117.1611,32.5130890052356,242.5,2016,291.4135,18.26352,18.075333,0.18818665,1995-2014
CESM2,r4i1p1f1,ssp126,SSP1-2.6,San Diego,CA,32.7157,-117.1611,32.5130890052356,242.5,2017,290.5541,17.404114,18.075333,-0.6712189,1995-2014
CESM2,r4i1p1f1,ssp126,SSP1-2.6,San Diego,CA,32.7157,-117.1611,32.5130890052356,242.5,2018,291.61105,18.46106,18.075333,0.38572693,1995-2014
CESM2,r4i1p1f1,ssp126,SSP1-2.6,San Diego,CA,32.7157,-117.1611,32.5130890052356,242.5,2019,291.48642,18.336426,18.075333,0.26109314,1995-2014
CESM2,r4i1p1f1,ssp126,SSP1-2.6,San Diego,CA,32.7157,-117.1611,32.5130890052356,242.5,2020,291.7029,18.552917,18.075333,0.47758484,1995-2014
CESM2,r4i1p1f1,ssp126,SSP1-2.6,San Diego,CA,32.7157,-117.1611,32.5130890052356,242.5,2021,291.15207,18.002075,18.075333,-0.07325745,1995-2014
CESM2,r4i1p1f1,ssp126,SSP1-2.6,San Diego,CA,32.7157,-117.1611,32.5130890052356,242.5,2022,291.48776,18.337769,18.075333,0.2624359,1995-2014
CESM2,r4i1p1f1,ssp126,SSP1-2.6,San Diego,CA,32.7157,-117.1611,32.5130890052356,242.5,2023,292.0934,18.94342,18.075333,0.86808777,1995-2014
CESM2,r4i1p1f1,ssp126,SSP1-2.6,San Diego,CA,32.7157,-117.1611,32.5130890052356,242.5,2024,291.31076,18.160767,18.075333,0.08543396,1995-2014
CESM2,r4i1p1f1,ssp126,SSP1-2.6,San Diego,CA,32.7157,-117.1611,32.5130890052356,242.5,2025,291.3541,18.204102,18.075333,0.12876892,1995-2014
CESM2,r4i1p1f1,ssp126,SSP1-2.6,San Diego,CA,32.7157,-117.1611,32.5130890052356,242.5,2026,291.1777,18.02771,18.075333,-0.04762268,1995-2014
CESM2,r4i1p1f1,ssp126,SSP1-2.6,San Diego,CA,32.7157,-117.1611,32.5130890052356,242.5,2027,292.6063,19.456299,18.075333,1.3809662,1995-2014
CESM2,r4i1p1f1,ssp126,SSP1-2.6,San Diego,CA,32.7157,-117.1611,32.5130890052356,242.5,2028,291.5261,18.376099,18.075333,0.300766,1995-2014
CESM2,r4i1p1f1,ssp126,SSP1-2.6,San Diego,CA,32.7157,-117.1611,32.5130890052356,242.5,2029,291.57736,18.427368,18.075333,0.35203552,1995-2014
CESM2,r4i1p1f1,ssp126,SSP1-2.6,San Diego,CA,32.7157,-117.1611,32.5130890052356,242.5,2030,292.3575,19.20752,18.075333,1.1321869,1995-2014
CESM2,r4i1p1f1,ssp126,SSP1-2.6,San Diego,CA,32.7157,-117.1611,32.5130890052356,242.5,2031,291.93106,18.781067,18.075333,0.70573425,1995-2014
CESM2,r4i1p1f1,ssp126,SSP1-2.6,San Diego,CA,32.7157,-117.1611,32.5130890052356,242.5,2032,291.80478,18.654785,18.075333,0.5794525,1995-2014
CESM2,r4i1p1f1,ssp126,SSP1-2.6,San Diego,CA,32.7157,-117.1611,32.5130890052356,242.5,2033,290.71902,17.56903,18.075333,-0.5063019,1995-2014
CESM2,r4i1p1f1,ssp126,SSP1-2.6,San Diego,CA,32.7157,-117.1611,32.5130890052356,242.5,2034,291.23587,18.085876,18.075333,0.010543823,1995-2014
CESM2,r4i1p1f1,ssp126,SSP1-2.6,San Diego,CA,32.7157,-117.1611,32.5130890052356,242.5,2035,291.5529,18.402893,18.075333,0.32756042,1995-2014
CESM2,r4i1p1f1,ssp126,SSP1-2.6,San Diego,CA,32.7157,-117.1611,32.5130890052356,242.5,2036,291.6624,18.51242,18.075333,0.437088,1995-2014
CESM2,r4i1p1f1,ssp126,SSP1-2.6,San Diego,CA,32.7157,-117.1611,32.5130890052356,242.5,2037,291.33798,18.187988,18.075333,0.11265564,1995-2014
CESM2,r4i1p1f1,ssp126,SSP1-2.6,San Diego,CA,32.7157,-117.1611,32.5130890052356,242.5,2038,291.66464,18.514648,18.075333,0.4393158,1995-2014
CESM2,r4i1p1f1,ssp126,SSP1-2.6,San Diego,CA,32.7157,-117.1611,32.5130890052356,242.5,2039,292.6964,19.546417,18.075333,1.4710846,1995-2014
CESM2,r4i1p1f1,ssp126,SSP1-2.6,San Diego,CA,32.7157,-117.1611,32.5130890052356,242.5,2040,293.04355,19.893555,18.075333,1.818222,1995-2014
CESM2,r4i1p1f1,ssp126,SSP1-2.6,San Diego,CA,32.7157,-117.1611,32.5130890052356,242.5,2041,291.86557,18.715576,18.075333,0.64024353,1995-2014
CESM2,r4i1p1f1,ssp126,SSP1-2.6,San Diego,CA,32.7157,-117.1611,32.5130890052356,242.5,2042,291.11026,17.960266,18.075333,-0.11506653,1995-2014
CESM2,r4i1p1f1,ssp126,SSP1-2.6,San Diego,CA,32.7157,-117.1611,32.5130890052356,242.5,2043,292.52042,19.370422,18.075333,1.2950897,1995-2014
CESM2,r4i1p1f1,ssp126,SSP1-2.6,San Diego,CA,32.7157,-117.1611,32.5130890052356,242.5,2044,291.37244,18.222443,18.075333,0.14710999,1995-2014
CESM2,r4i1p1f1,ssp126,SSP1-2.6,San Diego,CA,32.7157,-117.1611,32.5130890052356,242.5,2045,291.92944,18.77945,18.075333,0.7041168,1995-2014
CESM2,r4i1p1f1,ssp126,SSP1-2.6,San Diego,CA,32.7157,-117.1611,32.5130890052356,242.5,2046,292.58475,19.434753,18.075333,1.3594208,1995-2014
CESM2,r4i1p1f1,ssp126,SSP1-2.6,San Diego,CA,32.7157,-117.1611,32.5130890052356,242.5,2047,291.9575,18.807495,18.075333,0.7321625,1995-2014
CESM2,r4i1p1f1,ssp126,SSP1-2.6,San Diego,CA,32.7157,-117.1611,32.5130890052356,242.5,2048,292.94232,19.792328,18.075333,1.7169952,1995-2014
CESM2,r4i1p1f1,ssp126,SSP1-2.6,San Diego,CA,32.7157,-117.1611,32.5130890052356,242.5,2049,292.75928,19.609283,18.075333,1.5339508,1995-2014
CESM2,r4i1p1f1,ssp126,SSP1-2.6,San Diego,CA,32.7157,-117.1611,32.5130890052356,242.5,2050,293.07498,19.924988,18.075333,1.8496552,1995-2014
CESM2,r4i1p1f1,ssp126,SSP1-2.6,San Diego,CA,32.7157,-117.1611,32.5130890052356,242.5,2051,293.04294,19.892944,18.075333,1.8176117,1995-2014
CESM2,r4i1p1f1,ssp126,SSP1-2.6,San Diego,CA,32.7157,-117.1611,32.5130890052356,242.5,2052,292.30875,19.158752,18.075333,1.0834198,1995-2014
CESM2,r4i1p1f1,ssp126,SSP1-2.6,San Diego,CA,32.7157,-117.1611,32.5130890052356,242.5,2053,292.94608,19.796082,18.075333,1.7207489,1995-2014
CESM2,r4i1p1f1,ssp126,SSP1-2.6,San Diego,CA,32.7157,-117.1611,32.5130890052356,242.5,2054,292.1034,18.9534,18.075333,0.878067,1995-2014
CESM2,r4i1p1f1,ssp126,SSP1-2.6,San Diego,CA,32.7157,-117.1611,32.5130890052356,242.5,2055,291.73972,18.589722,18.075333,0.51438904,1995-2014
CESM2,r4i1p1f1,ssp126,SSP1-2.6,San Diego,CA,32.7157,-117.1611,32.5130890052356,242.5,2056,291.62323,18.473236,18.075333,0.39790344,1995-2014
CESM2,r4i1p1f1,ssp126,SSP1-2.6,San Diego,CA,32.7157,-117.1611,32.5130890052356,242.5,2057,293.05005,19.900055,18.075333,1.8247223,1995-2014
CESM2,r4i1p1f1,ssp126,SSP1-2.6,San Diego,CA,32.7157,-117.1611,32.5130890052356,242.5,2058,292.59045,19.44046,18.075333,1.3651276,1995-2014
CESM2,r4i1p1f1,ssp126,SSP1-2.6,San Diego,CA,32.7157,-117.1611,32.5130890052356,242.5,2059,292.3567,19.206696,18.075333,1.1313629,1995-2014
CESM2,r4i1p1f1,ssp126,SSP1-2.6,San Diego,CA,32.7157,-117.1611,32.5130890052356,242.5,2060,291.77344,18.623444,18.075333,0.54811096,1995-2014
CESM2,r4i1p1f1,ssp126,SSP1-2.6,San Diego,CA,32.7157,-117.1611,32.5130890052356,242.5,2061,292.47025,19.320251,18.075333,1.2449188,1995-2014
CESM2,r4i1p1f1,ssp126,SSP1-2.6,San Diego,CA,32.7157,-117.1611,32.5130890052356,242.5,2062,291.37796,18.227966,18.075333,0.15263367,1995-2014
CESM2,r4i1p1f1,ssp126,SSP1-2.6,San Diego,CA,32.7157,-117.1611,32.5130890052356,242.5,2063,291.8048,18.654816,18.075333,0.57948303,1995-2014
CESM2,r4i1p1f1,ssp126,SSP1-2.6,San Diego,CA,32.7157,-117.1611,32.5130890052356,242.5,2064,291.8964,18.746399,18.075333,0.6710663,1995-2014
CESM2,r4i1p1f1,ssp126,SSP1-2.6,San Diego,CA,32.7157,-117.1611,32.5130890052356,242.5,2065,291.92856,18.778564,18.075333,0.7032318,1995-2014
CESM2,r4i1p1f1,ssp126,SSP1-2.6,San Diego,CA,32.7157,-117.1611,32.5130890052356,242.5,2066,292.0856,18.935608,18.075333,0.86027527,1995-2014
CESM2,r4i1p1f1,ssp126,SSP1-2.6,San Diego,CA,32.7157,-117.1611,32.5130890052356,242.5,2067,292.23123,19.081238,18.075333,1.0059052,1995-2014
CESM2,r4i1p1f1,ssp126,SSP1-2.6,San Diego,CA,32.7157,-117.1611,32.5130890052356,242.5,2068,292.5073,19.3573,18.075333,1.2819672,1995-2014
CESM2,r4i1p1f1,ssp126,SSP1-2.6,San Diego,CA,32.7157,-117.1611,32.5130890052356,242.5,2069,292.0178,18.867798,18.075333,0.7924652,1995-2014
CESM2,r4i1p1f1,ssp126,SSP1-2.6,San Diego,CA,32.7157,-117.1611,32.5130890052356,242.5,2070,292.25345,19.103455,18.075333,1.028122,1995-2014
CESM2,r4i1p1f1,ssp126,SSP1-2.6,San Diego,CA,32.7157,-117.1611,32.5130890052356,242.5,2071,292.17343,19.023438,18.075333,0.94810486,1995-2014
CESM2,r4i1p1f1,ssp126,SSP1-2.6,San Diego,CA,32.7157,-117.1611,32.5130890052356,242.5,2072,292.14682,18.996826,18.075333,0.92149353,1995-2014
CESM2,r4i1p1f1,ssp126,SSP1-2.6,San Diego,CA,32.7157,-117.1611,32.5130890052356,242.5,2073,292.46857,19.318573,18.075333,1.2432404,1995-2014
CESM2,r4i1p1f1,ssp126,SSP1-2.6,San Diego,CA,32.7157,-117.1611,32.5130890052356,242.5,2074,292.8226,19.672607,18.075333,1.5972748,1995-2014
CESM2,r4i1p1f1,ssp126,SSP1-2.6,San Diego,CA,32.7157,-117.1611,32.5130890052356,242.5,2075,292.58633,19.43634,18.075333,1.3610077,1995-2014
CESM2,r4i1p1f1,ssp126,SSP1-2.6,San Diego,CA,32.7157,-117.1611,32.5130890052356,242.5,2076,292.2524,19.102417,18.075333,1.0270844,1995-2014
CESM2,r4i1p1f1,ssp126,SSP1-2.6,San Diego,CA,32.7157,-117.1611,32.5130890052356,242.5,2077,291.83728,18.687286,18.075333,0.61195374,1995-2014
CESM2,r4i1p1f1,ssp126,SSP1-2.6,San Diego,CA,32.7157,-117.1611,32.5130890052356,242.5,2078,291.8195,18.669495,18.075333,0.594162,1995-2014
CESM2,r4i1p1f1,ssp126,SSP1-2.6,San Diego,CA,32.7157,-117.1611,32.5130890052356,242.5,2079,292.42538,19.27539,18.075333,1.200058,1995-2014
CESM2,r4i1p1f1,ssp126,SSP1-2.6,San Diego,CA,32.7157,-117.1611,32.5130890052356,242.5,2080,292.89804,19.748047,18.075333,1.6727142,1995-2014
CESM2,r4i1p1f1,ssp126,SSP1-2.6,San Diego,CA,32.7157,-117.1611,32.5130890052356,242.5,2081,292.1008,18.950806,18.075333,0.875473,1995-2014
CESM2,r4i1p1f1,ssp126,SSP1-2.6,San Diego,CA,32.7157,-117.1611,32.5130890052356,242.5,2082,292.0325,18.882507,18.075333,0.8071747,1995-2014
CESM2,r4i1p1f1,ssp126,SSP1-2.6,San Diego,CA,32.7157,-117.1611,32.5130890052356,242.5,2083,291.28787,18.137878,18.075333,0.06254578,1995-2014
CESM2,r4i1p1f1,ssp126,SSP1-2.6,San Diego,CA,32.7157,-117.1611,32.5130890052356,242.5,2084,291.82965,18.679657,18.075333,0.60432434,1995-2014
CESM2,r4i1p1f1,ssp126,SSP1-2.6,San Diego,CA,32.7157,-117.1611,32.5130890052356,242.5,2085,292.8884,19.738403,18.075333,1.6630707,1995-2014
CESM2,r4i1p1f1,ssp126,SSP1-2.6,San Diego,CA,32.7157,-117.1611,32.5130890052356,242.5,2086,293.06686,19.91687,18.075333,1.8415375,1995-2014
CESM2,r4i1p1f1,ssp126,SSP1-2.6,San Diego,CA,32.7157,-117.1611,32.5130890052356,242.5,2087,291.73654,18.586548,18.075333,0.5112152,1995-2014
CESM2,r4i1p1f1,ssp126,SSP1-2.6,San Diego,CA,32.7157,-117.1611,32.5130890052356,242.5,2088,291.38495,18.234955,18.075333,0.15962219,1995-2014
CESM2,r4i1p1f1,ssp126,SSP1-2.6,San Diego,CA,32.7157,-117.1611,32.5130890052356,242.5,2089,291.51508,18.365082,18.075333,0.28974915,1995-2014
CESM2,r4i1p1f1,ssp126,SSP1-2.6,San Diego,CA,32.7157,-117.1611,32.5130890052356,242.5,2090,292.10684,18.956848,18.075333,0.8815155,1995-2014
CESM2,r4i1p1f1,ssp126,SSP1-2.6,San Diego,CA,32.7157,-117.1611,32.5130890052356,242.5,2091,291.9835,18.833496,18.075333,0.75816345,1995-2014
CESM2,r4i1p1f1,ssp126,SSP1-2.6,San Diego,CA,32.7157,-117.1611,32.5130890052356,242.5,2092,291.58896,18.438965,18.075333,0.3636322,1995-2014
CESM2,r4i1p1f1,ssp126,SSP1-2.6,San Diego,CA,32.7157,-117.1611,32.5130890052356,242.5,2093,293.15756,20.007568,18.075333,1.9322357,1995-2014
CESM2,r4i1p1f1,ssp126,SSP1-2.6,San Diego,CA,32.7157,-117.1611,32.5130890052356,242.5,2094,292.11343,18.96344,18.075333,0.8881073,1995-2014
CESM2,r4i1p1f1,ssp126,SSP1-2.6,San Diego,CA,32.7157,-117.1611,32.5130890052356,242.5,2095,291.6766,18.526611,18.075333,0.4512787,1995-2014
CESM2,r4i1p1f1,ssp126,SSP1-2.6,San Diego,CA,32.7157,-117.1611,32.5130890052356,242.5,2096,291.88934,18.73935,18.075333,0.6640167,1995-2014
CESM2,r4i1p1f1,ssp126,SSP1-2.6,San Diego,CA,32.7157,-117.1611,32.5130890052356,242.5,2097,292.85327,19.703278,18.075333,1.627945,1995-2014
CESM2,r4i1p1f1,ssp126,SSP1-2.6,San Diego,CA,32.7157,-117.1611,32.5130890052356,242.5,2098,291.82867,18.67868,18.075333,0.6033478,1995-2014
CESM2,r4i1p1f1,ssp126,SSP1-2.6,San Diego,CA,32.7157,-117.1611,32.5130890052356,242.5,2099,292.1404,18.990417,18.075333,0.91508484,1995-2014
CESM2,r4i1p1f1,ssp126,SSP1-2.6,San Diego,CA,32.7157,-117.1611,32.5130890052356,242.5,2100,292.78293,19.632935,18.075333,1.5576019,1995-2014
CESM2,r4i1p1f1,ssp245,SSP2-4.5,San Diego,CA,32.7157,-117.1611,32.5130890052356,242.5,2015,291.11282,17.96283,18.075333,-0.11250305,1995-2014
CESM2,r4i1p1f1,ssp245,SSP2-4.5,San Diego,CA,32.7157,-117.1611,32.5130890052356,242.5,2016,291.4208,18.270813,18.075333,0.19548035,1995-2014
CESM2,r4i1p1f1,ssp245,SSP2-4.5,San Diego,CA,32.7157,-117.1611,32.5130890052356,242.5,2017,291.60242,18.452423,18.075333,0.37709045,1995-2014
CESM2,r4i1p1f1,ssp245,SSP2-4.5,San Diego,CA,32.7157,-117.1611,32.5130890052356,242.5,2018,290.5867,17.436707,18.075333,-0.6386261,1995-2014
CESM2,r4i1p1f1,ssp245,SSP2-4.5,San Diego,CA,32.7157,-117.1611,32.5130890052356,242.5,2019,290.61398,17.46399,18.075333,-0.6113434,1995-2014
CESM2,r4i1p1f1,ssp245,SSP2-4.5,San Diego,CA,32.7157,-117.1611,32.5130890052356,242.5,2020,290.87772,17.727722,18.075333,-0.34761047,1995-2014
CESM2,r4i1p1f1,ssp245,SSP2-4.5,San Diego,CA,32.7157,-117.1611,32.5130890052356,242.5,2021,291.1063,17.956299,18.075333,-0.11903381,1995-2014
CESM2,r4i1p1f1,ssp245,SSP2-4.5,San Diego,CA,32.7157,-117.1611,32.5130890052356,242.5,2022,290.73096,17.580963,18.075333,-0.4943695,1995-2014
CESM2,r4i1p1f1,ssp245,SSP2-4.5,San Diego,CA,32.7157,-117.1611,32.5130890052356,242.5,2023,291.80386,18.65387,18.075333,0.578537,1995-2014
CESM2,r4i1p1f1,ssp245,SSP2-4.5,San Diego,CA,32.7157,-117.1611,32.5130890052356,242.5,2024,291.2388,18.088806,18.075333,0.013473511,1995-2014
CESM2,r4i1p1f1,ssp245,SSP2-4.5,San Diego,CA,32.7157,-117.1611,32.5130890052356,242.5,2025,291.3654,18.215393,18.075333,0.14006042,1995-2014
CESM2,r4i1p1f1,ssp245,SSP2-4.5,San Diego,CA,32.7157,-117.1611,32.5130890052356,242.5,2026,291.47287,18.322876,18.075333,0.24754333,1995-2014
CESM2,r4i1p1f1,ssp245,SSP2-4.5,San Diego,CA,32.7157,-117.1611,32.5130890052356,242.5,2027,292.0306,18.880615,18.075333,0.8052826,1995-2014
CESM2,r4i1p1f1,ssp245,SSP2-4.5,San Diego,CA,32.7157,-117.1611,32.5130890052356,242.5,2028,292.1473,18.997314,18.075333,0.9219818,1995-2014
CESM2,r4i1p1f1,ssp245,SSP2-4.5,San Diego,CA,32.7157,-117.1611,32.5130890052356,242.5,2029,292.1542,19.004211,18.075333,0.9288788,1995-2014
CESM2,r4i1p1f1,ssp245,SSP2-4.5,San Diego,CA,32.7157,-117.1611,32.5130890052356,242.5,2030,292.11432,18.964325,18.075333,0.8889923,1995-2014
CESM2,r4i1p1f1,ssp245,SSP2-4.5,San Diego,CA,32.7157,-117.1611,32.5130890052356,242.5,2031,291.9671,18.817108,18.075333,0.7417755,1995-2014
CESM2,r4i1p1f1,ssp245,SSP2-4.5,San Diego,CA,32.7157,-117.1611,32.5130890052356,242.5,2032,292.24948,19.099487,18.075333,1.0241547,1995-2014
CESM2,r4i1p1f1,ssp245,SSP2-4.5,San Diego,CA,32.7157,-117.1611,32.5130890052356,242.5,2033,291.34744,18.197449,18.075333,0.12211609,1995-2014
CESM2,r4i1p1f1,ssp245,SSP2-4.5,San Diego,CA,32.7157,-117.1611,32.5130890052356,242.5,2034,291.5559,18.405914,18.075333,0.33058167,1995-2014
CESM2,r4i1p1f1,ssp245,SSP2-4.5,San Diego,CA,32.7157,-117.1611,32.5130890052356,242.5,2035,291.54916,18.39917,18.075333,0.32383728,1995-2014
CESM2,r4i1p1f1,ssp245,SSP2-4.5,San Diego,CA,32.7157,-117.1611,32.5130890052356,242.5,2036,291.67166,18.521667,18.075333,0.44633484,1995-2014
CESM2,r4i1p1f1,ssp245,SSP2-4.5,San Diego,CA,32.7157,-117.1611,32.5130890052356,242.5,2037,290.70615,17.556152,18.075333,-0.5191803,1995-2014
CESM2,r4i1p1f1,ssp245,SSP2-4.5,San Diego,CA,32.7157,-117.1611,32.5130890052356,242.5,2038,291.75876,18.608765,18.075333,0.533432,1995-2014
CESM2,r4i1p1f1,ssp245,SSP2-4.5,San Diego,CA,32.7157,-117.1611,32.5130890052356,242.5,2039,291.68903,18.539032,18.075333,0.46369934,1995-2014
CESM2,r4i1p1f1,ssp245,SSP2-4.5,San Diego,CA,32.7157,-117.1611,32.5130890052356,242.5,2040,291.51004,18.360046,18.075333,0.28471375,1995-2014
CESM2,r4i1p1f1,ssp245,SSP2-4.5,San Diego,CA,32.7157,-117.1611,32.5130890052356,242.5,2041,292.3021,19.1521,18.075333,1.076767,1995-2014
CESM2,r4i1p1f1,ssp245,SSP2-4.5,San Diego,CA,32.7157,-117.1611,32.5130890052356,242.5,2042,291.8527,18.702698,18.075333,0.6273651,1995-2014
CESM2,r4i1p1f1,ssp245,SSP2-4.5,San Diego,CA,32.7157,-117.1611,32.5130890052356,242.5,2043,293.5908,20.440796,18.075333,2.3654633,1995-2014
CESM2,r4i1p1f1,ssp245,SSP2-4.5,San Diego,CA,32.7157,-117.1611,32.5130890052356,242.5,2044,292.6139,19.463898,18.075333,1.3885651,1995-2014
CESM2,r4i1p1f1,ssp245,SSP2-4.5,San Diego,CA,32.7157,-117.1611,32.5130890052356,242.5,2045,292.19513,19.045135,18.075333,0.96980286,1995-2014
CESM2,r4i1p1f1,ssp245,SSP2-4.5,San Diego,CA,32.7157,-117.1611,32.5130890052356,242.5,2046,292.23727,19.08728,18.075333,1.0119476,1995-2014
CESM2,r4i1p1f1,ssp245,SSP2-4.5,San Diego,CA,32.7157,-117.1611,32.5130890052356,242.5,2047,292.69254,19.542542,18.075333,1.4672089,1995-2014
CESM2,r4i1p1f1,ssp245,SSP2-4.5,San Diego,CA,32.7157,-117.1611,32.5130890052356,242.5,2048,292.93106,19.781067,18.075333,1.7057343,1995-2014
CESM2,r4i1p1f1,ssp245,SSP2-4.5,San Diego,CA,32.7157,-117.1611,32.5130890052356,242.5,2049,293.10416,19.954163,18.075333,1.87883,1995-2014
CESM2,r4i1p1f1,ssp245,SSP2-4.5,San Diego,CA,32.7157,-117.1611,32.5130890052356,242.5,2050,291.90808,18.758087,18.075333,0.6827545,1995-2014
CESM2,r4i1p1f1,ssp245,SSP2-4.5,San Diego,CA,32.7157,-117.1611,32.5130890052356,242.5,2051,293.03262,19.88263,18.075333,1.8072968,1995-2014
CESM2,r4i1p1f1,ssp245,SSP2-4.5,San Diego,CA,32.7157,-117.1611,32.5130890052356,242.5,2052,292.47342,19.323425,18.075333,1.2480927,1995-2014
CESM2,r4i1p1f1,ssp245,SSP2-4.5,San Diego,CA,32.7157,-117.1611,32.5130890052356,242.5,2053,292.24277,19.092773,18.075333,1.0174408,1995-2014
CESM2,r4i1p1f1,ssp245,SSP2-4.5,San Diego,CA,32.7157,-117.1611,32.5130890052356,242.5,2054,292.46884,19.318848,18.075333,1.243515,1995-2014
CESM2,r4i1p1f1,ssp245,SSP2-4.5,San Diego,CA,32.7157,-117.1611,32.5130890052356,242.5,2055,292.08426,18.934265,18.075333,0.8589325,1995-2014
CESM2,r4i1p1f1,ssp245,SSP2-4.5,San Diego,CA,32.7157,-117.1611,32.5130890052356,242.5,2056,291.62894,18.478943,18.075333,0.40361023,1995-2014
CESM2,r4i1p1f1,ssp245,SSP2-4.5,San Diego,CA,32.7157,-117.1611,32.5130890052356,242.5,2057,291.53305,18.383057,18.075333,0.307724,1995-2014
CESM2,r4i1p1f1,ssp245,SSP2-4.5,San Diego,CA,32.7157,-117.1611,32.5130890052356,242.5,2058,291.99506,18.845062,18.075333,0.7697296,1995-2014
CESM2,r4i1p1f1,ssp245,SSP2-4.5,San Diego,CA,32.7157,-117.1611,32.5130890052356,242.5,2059,291.88403,18.73404,18.075333,0.65870667,1995-2014
CESM2,r4i1p1f1,ssp245,SSP2-4.5,San Diego,CA,32.7157,-117.1611,32.5130890052356,242.5,2060,291.8308,18.680817,18.075333,0.605484,1995-2014
CESM2,r4i1p1f1,ssp245,SSP2-4.5,San Diego,CA,32.7157,-117.1611,32.5130890052356,242.5,2061,292.59204,19.442047,18.075333,1.3667145,1995-2014
CESM2,r4i1p1f1,ssp245,SSP2-4.5,San Diego,CA,32.7157,-117.1611,32.5130890052356,242.5,2062,292.04617,18.89618,18.075333,0.82084656,1995-2014
CESM2,r4i1p1f1,ssp245,SSP2-4.5,San Diego,CA,32.7157,-117.1611,32.5130890052356,242.5,2063,292.20078,19.050781,18.075333,0.9754486,1995-2014
CESM2,r4i1p1f1,ssp245,SSP2-4.5,San Diego,CA,32.7157,-117.1611,32.5130890052356,242.5,2064,292.29388,19.14389,18.075333,1.0685577,1995-2014
CESM2,r4i1p1f1,ssp245,SSP2-4.5,San Diego,CA,32.7157,-117.1611,32.5130890052356,242.5,2065,292.33817,19.188171,18.075333,1.1128387,1995-2014
CESM2,r4i1p1f1,ssp245,SSP2-4.5,San Diego,CA,32.7157,-117.1611,32.5130890052356,242.5,2066,292.34064,19.190643,18.075333,1.1153107,1995-2014
CESM2,r4i1p1f1,ssp245,SSP2-4.5,San Diego,CA,32.7157,-117.1611,32.5130890052356,242.5,2067,292.05057,18.900574,18.075333,0.8252411,1995-2014
CESM2,r4i1p1f1,ssp245,SSP2-4.5,San Diego,CA,32.7157,-117.1611,32.5130890052356,242.5,2068,292.40887,19.25888,18.075333,1.183548,1995-2014
CESM2,r4i1p1f1,ssp245,SSP2-4.5,San Diego,CA,32.7157,-117.1611,32.5130890052356,242.5,2069,293.0472,19.897217,18.075333,1.8218842,1995-2014
CESM2,r4i1p1f1,ssp245,SSP2-4.5,San Diego,CA,32.7157,-117.1611,32.5130890052356,242.5,2070,292.67618,19.526184,18.075333,1.4508514,1995-2014
CESM2,r4i1p1f1,ssp245,SSP2-4.5,San Diego,CA,32.7157,-117.1611,32.5130890052356,242.5,2071,292.6905,19.540497,18.075333,1.4651642,1995-2014
CESM2,r4i1p1f1,ssp245,SSP2-4.5,San Diego,CA,32.7157,-117.1611,32.5130890052356,242.5,2072,291.97836,18.82837,18.075333,0.7530365,1995-2014
CESM2,r4i1p1f1,ssp245,SSP2-4.5,San Diego,CA,32.7157,-117.1611,32.5130890052356,242.5,2073,293.41733,20.267334,18.075333,2.1920013,1995-2014
CESM2,r4i1p1f1,ssp245,SSP2-4.5,San Diego,CA,32.7157,-117.1611,32.5130890052356,242.5,2074,292.57352,19.423523,18.075333,1.3481903,1995-2014
CESM2,r4i1p1f1,ssp245,SSP2-4.5,San Diego,CA,32.7157,-117.1611,32.5130890052356,242.5,2075,293.23462,20.084625,18.075333,2.0092926,1995-2014
CESM2,r4i1p1f1,ssp245,SSP2-4.5,San Diego,CA,32.7157,-117.1611,32.5130890052356,242.5,2076,292.7276,19.577606,18.075333,1.5022736,1995-2014
CESM2,r4i1p1f1,ssp245,SSP2-4.5,San Diego,CA,32.7157,-117.1611,32.5130890052356,242.5,2077,293.10867,19.95868,18.075333,1.8833466,1995-2014
CESM2,r4i1p1f1,ssp245,SSP2-4.5,San Diego,CA,32.7157,-117.1611,32.5130890052356,242.5,2078,292.59796,19.447968,18.075333,1.3726349,1995-2014
CESM2,r4i1p1f1,ssp245,SSP2-4.5,San Diego,CA,32.7157,-117.1611,32.5130890052356,242.5,2079,293.7639,20.613892,18.075333,2.538559,1995-2014
CESM2,r4i1p1f1,ssp245,SSP2-4.5,San Diego,CA,32.7157,-117.1611,32.5130890052356,242.5,2080,292.43387,19.283875,18.075333,1.2085419,1995-2014
CESM2,r4i1p1f1,ssp245,SSP2-4.5,San Diego,CA,32.7157,-117.1611,32.5130890052356,242.5,2081,292.2888,19.138794,18.075333,1.0634613,1995-2014
CESM2,r4i1p1f1,ssp245,SSP2-4.5,San Diego,CA,32.7157,-117.1611,32.5130890052356,242.5,2082,292.34955,19.199554,18.075333,1.1242218,1995-2014
CESM2,r4i1p1f1,ssp245,SSP2-4.5,San Diego,CA,32.7157,-117.1611,32.5130890052356,242.5,2083,293.0842,19.934204,18.075333,1.8588715,1995-2014
CESM2,r4i1p1f1,ssp245,SSP2-4.5,San Diego,CA,32.7157,-117.1611,32.5130890052356,242.5,2084,292.94955,19.79956,18.075333,1.7242279,1995-2014
CESM2,r4i1p1f1,ssp245,SSP2-4.5,San Diego,CA,32.7157,-117.1611,32.5130890052356,242.5,2085,292.60074,19.450745,18.075333,1.375412,1995-2014
CESM2,r4i1p1f1,ssp245,SSP2-4.5,San Diego,CA,32.7157,-117.1611,32.5130890052356,242.5,2086,293.52338,20.373383,18.075333,2.29805,1995-2014
CESM2,r4i1p1f1,ssp245,SSP2-4.5,San Diego,CA,32.7157,-117.1611,32.5130890052356,242.5,2087,292.88156,19.731567,18.075333,1.6562347,1995-2014
CESM2,r4i1p1f1,ssp245,SSP2-4.5,San Diego,CA,32.7157,-117.1611,32.5130890052356,242.5,2088,293.04874,19.898743,18.075333,1.82341,1995-2014
CESM2,r4i1p1f1,ssp245,SSP2-4.5,San Diego,CA,32.7157,-117.1611,32.5130890052356,242.5,2089,292.3801,19.230103,18.075333,1.1547699,1995-2014
CESM2,r4i1p1f1,ssp245,SSP2-4.5,San Diego,CA,32.7157,-117.1611,32.5130890052356,242.5,2090,293.46988,20.319885,18.075333,2.2445526,1995-2014
CESM2,r4i1p1f1,ssp245,SSP2-4.5,San Diego,CA,32.7157,-117.1611,32.5130890052356,242.5,2091,293.00674,19.85675,18.075333,1.7814178,1995-2014
CESM2,r4i1p1f1,ssp245,SSP2-4.5,San Diego,CA,32.7157,-117.1611,32.5130890052356,242.5,2092,292.59677,19.446777,18.075333,1.3714447,1995-2014
CESM2,r4i1p1f1,ssp245,SSP2-4.5,San Diego,CA,32.7157,-117.1611,32.5130890052356,242.5,2093,292.95166,19.801666,18.075333,1.7263336,1995-2014
CESM2,r4i1p1f1,ssp245,SSP2-4.5,San Diego,CA,32.7157,-117.1611,32.5130890052356,242.5,2094,292.93454,19.784546,18.075333,1.7092133,1995-2014
CESM2,r4i1p1f1,ssp245,SSP2-4.5,San Diego,CA,32.7157,-117.1611,32.5130890052356,242.5,2095,292.8351,19.68512,18.075333,1.609787,1995-2014
CESM2,r4i1p1f1,ssp245,SSP2-4.5,San Diego,CA,32.7157,-117.1611,32.5130890052356,242.5,2096,292.76248,19.612488,18.075333,1.5371552,1995-2014
CESM2,r4i1p1f1,ssp245,SSP2-4.5,San Diego,CA,32.7157,-117.1611,32.5130890052356,242.5,2097,293.8538,20.703796,18.075333,2.6284637,1995-2014
CESM2,r4i1p1f1,ssp245,SSP2-4.5,San Diego,CA,32.7157,-117.1611,32.5130890052356,242.5,2098,292.73987,19.589874,18.075333,1.5145416,1995-2014
CESM2,r4i1p1f1,ssp245,SSP2-4.5,San Diego,CA,32.7157,-117.1611,32.5130890052356,242.5,2099,293.72278,20.572784,18.075333,2.4974518,1995-2014
CESM2,r4i1p1f1,ssp245,SSP2-4.5,San Diego,CA,32.7157,-117.1611,32.5130890052356,242.5,2100,292.93115,19.781158,18.075333,1.7058258,1995-2014
CESM2,r4i1p1f1,ssp585,SSP5-8.5,San Diego,CA,32.7157,-117.1611,32.5130890052356,242.5,2015,291.0247,17.874695,18.075333,-0.20063782,1995-2014
CESM2,r4i1p1f1,ssp585,SSP5-8.5,San Diego,CA,32.7157,-117.1611,32.5130890052356,242.5,2016,291.74847,18.59848,18.075333,0.5231476,1995-2014
CESM2,r4i1p1f1,ssp585,SSP5-8.5,San Diego,CA,32.7157,-117.1611,32.5130890052356,242.5,2017,291.2396,18.0896,18.075333,0.014266968,1995-2014
CESM2,r4i1p1f1,ssp585,SSP5-8.5,San Diego,CA,32.7157,-117.1611,32.5130890052356,242.5,2018,291.35648,18.206482,18.075333,0.13114929,1995-2014
CESM2,r4i1p1f1,ssp585,SSP5-8.5,San Diego,CA,32.7157,-117.1611,32.5130890052356,242.5,2019,292.14188,18.991882,18.075333,0.9165497,1995-2014
CESM2,r4i1p1f1,ssp585,SSP5-8.5,San Diego,CA,32.7157,-117.1611,32.5130890052356,242.5,2020,291.56155,18.41156,18.075333,0.33622742,1995-2014
CESM2,r4i1p1f1,ssp585,SSP5-8.5,San Diego,CA,32.7157,-117.1611,32.5130890052356,242.5,2021,291.7766,18.626617,18.075333,0.5512848,1995-2014
CESM2,r4i1p1f1,ssp585,SSP5-8.5,San Diego,CA,32.7157,-117.1611,32.5130890052356,242.5,2022,291.74985,18.599854,18.075333,0.5245209,1995-2014
CESM2,r4i1p1f1,ssp585,SSP5-8.5,San Diego,CA,32.7157,-117.1611,32.5130890052356,242.5,2023,290.98532,17.835327,18.075333,-0.2400055,1995-2014
CESM2,r4i1p1f1,ssp585,SSP5-8.5,San Diego,CA,32.7157,-117.1611,32.5130890052356,242.5,2024,291.6548,18.504791,18.075333,0.42945862,1995-2014
CESM2,r4i1p1f1,ssp585,SSP5-8.5,San Diego,CA,32.7157,-117.1611,32.5130890052356,242.5,2025,291.23685,18.086853,18.075333,0.011520386,1995-2014
CESM2,r4i1p1f1,ssp585,SSP5-8.5,San Diego,CA,32.7157,-117.1611,32.5130890052356,242.5,2026,291.81467,18.664673,18.075333,0.5893402,1995-2014
CESM2,r4i1p1f1,ssp585,SSP5-8.5,San Diego,CA,32.7157,-117.1611,32.5130890052356,242.5,2027,291.6754,18.525421,18.075333,0.4500885,1995-2014
CESM2,r4i1p1f1,ssp585,SSP5-8.5,San Diego,CA,32.7157,-117.1611,32.5130890052356,242.5,2028,291.46744,18.317444,18.075333,0.2421112,1995-2014
CESM2,r4i1p1f1,ssp585,SSP5-8.5,San Diego,CA,32.7157,-117.1611,32.5130890052356,242.5,2029,291.53897,18.388977,18.075333,0.3136444,1995-2014
CESM2,r4i1p1f1,ssp585,SSP5-8.5,San Diego,CA,32.7157,-117.1611,32.5130890052356,242.5,2030,291.84457,18.69458,18.075333,0.61924744,1995-2014
CESM2,r4i1p1f1,ssp585,SSP5-8.5,San Diego,CA,32.7157,-117.1611,32.5130890052356,242.5,2031,291.02676,17.87677,18.075333,-0.19856262,1995-2014
CESM2,r4i1p1f1,ssp585,SSP5-8.5,San Diego,CA,32.7157,-117.1611,32.5130890052356,242.5,2032,292.748,19.597992,18.075333,1.5226593,1995-2014
CESM2,r4i1p1f1,ssp585,SSP5-8.5,San Diego,CA,32.7157,-117.1611,32.5130890052356,242.5,2033,291.5551,18.40512,18.075333,0.3297882,1995-2014
CESM2,r4i1p1f1,ssp585,SSP5-8.5,San Diego,CA,32.7157,-117.1611,32.5130890052356,242.5,2034,292.22885,19.078857,18.075333,1.0035248,1995-2014
CESM2,r4i1p1f1,ssp585,SSP5-8.5,San Diego,CA,32.7157,-117.1611,32.5130890052356,242.5,2035,291.66837,18.518372,18.075333,0.44303894,1995-2014
CESM2,r4i1p1f1,ssp585,SSP5-8.5,San Diego,CA,32.7157,-117.1611,32.5130890052356,242.5,2036,291.58603,18.436035,18.075333,0.3607025,1995-2014
CESM2,r4i1p1f1,ssp585,SSP5-8.5,San Diego,CA,32.7157,-117.1611,32.5130890052356,242.5,2037,291.95227,18.802277,18.075333,0.72694397,1995-2014
CESM2,r4i1p1f1,ssp585,SSP5-8.5,San Diego,CA,32.7157,-117.1611,32.5130890052356,242.5,2038,291.9718,18.821808,18.075333,0.7464752,1995-2014
CESM2,r4i1p1f1,ssp585,SSP5-8.5,San Diego,CA,32.7157,-117.1611,32.5130890052356,242.5,2039,292.42532,19.27533,18.075333,1.199997,1995-2014
CESM2,r4i1p1f1,ssp585,SSP5-8.5,San Diego,CA,32.7157,-117.1611,32.5130890052356,242.5,2040,293.0538,19.903809,18.075333,1.828476,1995-2014
CESM2,r4i1p1f1,ssp585,SSP5-8.5,San Diego,CA,32.7157,-117.1611,32.5130890052356,242.5,2041,291.5999,18.44992,18.075333,0.374588,1995-2014
CESM2,r4i1p1f1,ssp585,SSP5-8.5,San Diego,CA,32.7157,-117.1611,32.5130890052356,242.5,2042,291.9482,18.798218,18.075333,0.72288513,1995-2014
CESM2,r4i1p1f1,ssp585,SSP5-8.5,San Diego,CA,32.7157,-117.1611,32.5130890052356,242.5,2043,291.11475,17.964752,18.075333,-0.110580444,1995-2014
CESM2,r4i1p1f1,ssp585,SSP5-8.5,San Diego,CA,32.7157,-117.1611,32.5130890052356,242.5,2044,292.16693,19.016937,18.075333,0.9416046,1995-2014
CESM2,r4i1p1f1,ssp585,SSP5-8.5,San Diego,CA,32.7157,-117.1611,32.5130890052356,242.5,2045,292.4507,19.30072,18.075333,1.2253876,1995-2014
CESM2,r4i1p1f1,ssp585,SSP5-8.5,San Diego,CA,32.7157,-117.1611,32.5130890052356,242.5,2046,292.28156,19.131561,18.075333,1.0562286,1995-2014
CESM2,r4i1p1f1,ssp585,SSP5-8.5,San Diego,CA,32.7157,-117.1611,32.5130890052356,242.5,2047,292.99997,19.849976,18.075333,1.774643,1995-2014
CESM2,r4i1p1f1,ssp585,SSP5-8.5,San Diego,CA,32.7157,-117.1611,32.5130890052356,242.5,2048,292.77036,19.620361,18.075333,1.5450287,1995-2014
CESM2,r4i1p1f1,ssp585,SSP5-8.5,San Diego,CA,32.7157,-117.1611,32.5130890052356,242.5,2049,293.53598,20.385986,18.075333,2.3106537,1995-2014
CESM2,r4i1p1f1,ssp585,SSP5-8.5,San Diego,CA,32.7157,-117.1611,32.5130890052356,242.5,2050,293.68344,20.533447,18.075333,2.4581146,1995-2014
CESM2,r4i1p1f1,ssp585,SSP5-8.5,San Diego,CA,32.7157,-117.1611,32.5130890052356,242.5,2051,292.54013,19.390137,18.075333,1.3148041,1995-2014
CESM2,r4i1p1f1,ssp585,SSP5-8.5,San Diego,CA,32.7157,-117.1611,32.5130890052356,242.5,2052,292.75742,19.607422,18.075333,1.5320892,1995-2014
CESM2,r4i1p1f1,ssp585,SSP5-8.5,San Diego,CA,32.7157,-117.1611,32.5130890052356,242.5,2053,293.61136,20.461365,18.075333,2.386032,1995-2014
CESM2,r4i1p1f1,ssp585,SSP5-8.5,San Diego,CA,32.7157,-117.1611,32.5130890052356,242.5,2054,293.02557,19.87558,18.075333,1.8002472,1995-2014
CESM2,r4i1p1f1,ssp585,SSP5-8.5,San Diego,CA,32.7157,-117.1611,32.5130890052356,242.5,2055,293.91562,20.765625,18.075333,2.6902924,1995-2014
CESM2,r4i1p1f1,ssp585,SSP5-8.5,San Diego,CA,32.7157,-117.1611,32.5130890052356,242.5,2056,293.3372,20.187195,18.075333,2.1118622,1995-2014
CESM2,r4i1p1f1,ssp585,SSP5-8.5,San Diego,CA,32.7157,-117.1611,32.5130890052356,242.5,2057,292.62924,19.479248,18.075333,1.4039154,1995-2014
CESM2,r4i1p1f1,ssp585,SSP5-8.5,San Diego,CA,32.7157,-117.1611,32.5130890052356,242.5,2058,292.52658,19.376587,18.075333,1.3012543,1995-2014
CESM2,r4i1p1f1,ssp585,SSP5-8.5,San Diego,CA,32.7157,-117.1611,32.5130890052356,242.5,2059,292.6731,19.523102,18.075333,1.4477692,1995-2014
CESM2,r4i1p1f1,ssp585,SSP5-8.5,San Diego,CA,32.7157,-117.1611,32.5130890052356,242.5,2060,293.25253,20.10254,18.075333,2.0272064,1995-2014
CESM2,r4i1p1f1,ssp585,SSP5-8.5,San Diego,CA,32.7157,-117.1611,32.5130890052356,242.5,2061,293.23578,20.085785,18.075333,2.0104523,1995-2014
CESM2,r4i1p1f1,ssp585,SSP5-8.5,San Diego,CA,32.7157,-117.1611,32.5130890052356,242.5,2062,292.3339,19.183899,18.075333,1.1085663,1995-2014
CESM2,r4i1p1f1,ssp585,SSP5-8.5,San Diego,CA,32.7157,-117.1611,32.5130890052356,242.5,2063,292.81277,19.66278,18.075333,1.5874481,1995-2014
CESM2,r4i1p1f1,ssp585,SSP5-8.5,San Diego,CA,32.7157,-117.1611,32.5130890052356,242.5,2064,293.58078,20.430786,18.075333,2.3554535,1995-2014
CESM2,r4i1p1f1,ssp585,SSP5-8.5,San Diego,CA,32.7157,-117.1611,32.5130890052356,242.5,2065,293.28513,20.135132,18.075333,2.0597992,1995-2014
CESM2,r4i1p1f1,ssp585,SSP5-8.5,San Diego,CA,32.7157,-117.1611,32.5130890052356,242.5,2066,292.71814,19.568146,18.075333,1.4928131,1995-2014
CESM2,r4i1p1f1,ssp585,SSP5-8.5,San Diego,CA,32.7157,-117.1611,32.5130890052356,242.5,2067,292.15564,19.005646,18.075333,0.9303131,1995-2014
CESM2,r4i1p1f1,ssp585,SSP5-8.5,San Diego,CA,32.7157,-117.1611,32.5130890052356,242.5,2068,293.56827,20.418274,18.075333,2.3429413,1995-2014
CESM2,r4i1p1f1,ssp585,SSP5-8.5,San Diego,CA,32.7157,-117.1611,32.5130890052356,242.5,2069,293.99173,20.841736,18.075333,2.7664032,1995-2014
CESM2,r4i1p1f1,ssp585,SSP5-8.5,San Diego,CA,32.7157,-117.1611,32.5130890052356,242.5,2070,294.06656,20.916565,18.075333,2.8412323,1995-2014
CESM2,r4i1p1f1,ssp585,SSP5-8.5,San Diego,CA,32.7157,-117.1611,32.5130890052356,242.5,2071,293.68777,20.53778,18.075333,2.4624481,1995-2014
CESM2,r4i1p1f1,ssp585,SSP5-8.5,San Diego,CA,32.7157,-117.1611,32.5130890052356,242.5,2072,293.74814,20.598145,18.075333,2.522812,1995-2014
CESM2,r4i1p1f1,ssp585,SSP5-8.5,San Diego,CA,32.7157,-117.1611,32.5130890052356,242.5,2073,293.60287,20.45288,18.075333,2.3775482,1995-2014
CESM2,r4i1p1f1,ssp585,SSP5-8.5,San Diego,CA,32.7157,-117.1611,32.5130890052356,242.5,2074,294.08853,20.938538,18.075333,2.863205,1995-2014
CESM2,r4i1p1f1,ssp585,SSP5-8.5,San Diego,CA,32.7157,-117.1611,32.5130890052356,242.5,2075,294.15936,21.009369,18.075333,2.9340363,1995-2014
CESM2,r4i1p1f1,ssp585,SSP5-8.5,San Diego,CA,32.7157,-117.1611,32.5130890052356,242.5,2076,294.02042,20.870422,18.075333,2.7950897,1995-2014
CESM2,r4i1p1f1,ssp585,SSP5-8.5,San Diego,CA,32.7157,-117.1611,32.5130890052356,242.5,2077,293.78568,20.635681,18.075333,2.5603485,1995-2014
CESM2,r4i1p1f1,ssp585,SSP5-8.5,San Diego,CA,32.7157,-117.1611,32.5130890052356,242.5,2078,293.56302,20.413025,18.075333,2.3376923,1995-2014
CESM2,r4i1p1f1,ssp585,SSP5-8.5,San Diego,CA,32.7157,-117.1611,32.5130890052356,242.5,2079,293.47833,20.328339,18.075333,2.253006,1995-2014
CESM2,r4i1p1f1,ssp585,SSP5-8.5,San Diego,CA,32.7157,-117.1611,32.5130890052356,242.5,2080,294.18103,21.031036,18.075333,2.9557037,1995-2014
CESM2,r4i1p1f1,ssp585,SSP5-8.5,San Diego,CA,32.7157,-117.1611,32.5130890052356,242.5,2081,294.37067,21.220673,18.075333,3.14534,1995-2014
CESM2,r4i1p1f1,ssp585,SSP5-8.5,San Diego,CA,32.7157,-117.1611,32.5130890052356,242.5,2082,294.46744,21.317444,18.075333,3.2421112,1995-2014
CESM2,r4i1p1f1,ssp585,SSP5-8.5,San Diego,CA,32.7157,-117.1611,32.5130890052356,242.5,2083,294.77603,21.626038,18.075333,3.550705,1995-2014
CESM2,r4i1p1f1,ssp585,SSP5-8.5,San Diego,CA,32.7157,-117.1611,32.5130890052356,242.5,2084,294.5649,21.414917,18.075333,3.3395844,1995-2014
CESM2,r4i1p1f1,ssp585,SSP5-8.5,San Diego,CA,32.7157,-117.1611,32.5130890052356,242.5,2085,294.5894,21.439392,18.075333,3.3640594,1995-2014
CESM2,r4i1p1f1,ssp585,SSP5-8.5,San Diego,CA,32.7157,-117.1611,32.5130890052356,242.5,2086,293.92648,20.77649,18.075333,2.7011566,1995-2014
CESM2,r4i1p1f1,ssp585,SSP5-8.5,San Diego,CA,32.7157,-117.1611,32.5130890052356,242.5,2087,295.20685,22.056854,18.075333,3.9815216,1995-2014
CESM2,r4i1p1f1,ssp585,SSP5-8.5,San Diego,CA,32.7157,-117.1611,32.5130890052356,242.5,2088,294.92932,21.779327,18.075333,3.7039948,1995-2014
CESM2,r4i1p1f1,ssp585,SSP5-8.5,San Diego,CA,32.7157,-117.1611,32.5130890052356,242.5,2089,294.91278,21.762787,18.075333,3.6874542,1995-2014
CESM2,r4i1p1f1,ssp585,SSP5-8.5,San Diego,CA,32.7157,-117.1611,32.5130890052356,242.5,2090,294.24112,21.091125,18.075333,3.0157928,1995-2014
CESM2,r4i1p1f1,ssp585,SSP5-8.5,San Diego,CA,32.7157,-117.1611,32.5130890052356,242.5,2091,294.29837,21.148376,18.075333,3.0730438,1995-2014
CESM2,r4i1p1f1,ssp585,SSP5-8.5,San Diego,CA,32.7157,-117.1611,32.5130890052356,242.5,2092,295.80685,22.65686,18.075333,4.5815277,1995-2014
CESM2,r4i1p1f1,ssp585,SSP5-8.5,San Diego,CA,32.7157,-117.1611,32.5130890052356,242.5,2093,294.7072,21.55722,18.075333,3.4818878,1995-2014
CESM2,r4i1p1f1,ssp585,SSP5-8.5,San Diego,CA,32.7157,-117.1611,32.5130890052356,242.5,2094,295.69595,22.54596,18.075333,4.470627,1995-2014
CESM2,r4i1p1f1,ssp585,SSP5-8.5,San Diego,CA,32.7157,-117.1611,32.5130890052356,242.5,2095,294.437,21.287018,18.075333,3.2116852,1995-2014
CESM2,r4i1p1f1,ssp585,SSP5-8.5,San Diego,CA,32.7157,-117.1611,32.5130890052356,242.5,2096,295.73297,22.582977,18.075333,4.5076447,1995-2014
CESM2,r4i1p1f1,ssp585,SSP5-8.5,San Diego,CA,32.7157,-117.1611,32.5130890052356,242.5,2097,295.4769,22.326904,18.075333,4.2515717,1995-2014
CESM2,r4i1p1f1,ssp585,SSP5-8.5,San Diego,CA,32.7157,-117.1611,32.5130890052356,242.5,2098,295.50803,22.358032,18.075333,4.2826996,1995-2014
CESM2,r4i1p1f1,ssp585,SSP5-8.5,San Diego,CA,32.7157,-117.1611,32.5130890052356,242.5,2099,295.7601,22.610107,18.075333,4.534775,1995-2014
CESM2,r4i1p1f1,ssp585,SSP5-8.5,San Diego,CA,32.7157,-117.1611,32.5130890052356,242.5,2100,295.01096,21.860962,18.075333,3.7856293,1995-2014
CESM2,r4i1p1f1,historical,Historical,San Francisco,CA,37.7749,-122.4194,38.16753926701571,237.5,1950,288.9519,15.80191,16.560783,-0.758873,1995-2014
CESM2,r4i1p1f1,historical,Historical,San Francisco,CA,37.7749,-122.4194,38.16753926701571,237.5,1951,289.51486,16.364868,16.560783,-0.19591522,1995-2014
CESM2,r4i1p1f1,historical,Historical,San Francisco,CA,37.7749,-122.4194,38.16753926701571,237.5,1952,288.76382,15.613831,16.560783,-0.9469528,1995-2014
CESM2,r4i1p1f1,historical,Historical,San Francisco,CA,37.7749,-122.4194,38.16753926701571,237.5,1953,288.52567,15.375671,16.560783,-1.185112,1995-2014
CESM2,r4i1p1f1,historical,Historical,San Francisco,CA,37.7749,-122.4194,38.16753926701571,237.5,1954,288.9253,15.775299,16.560783,-0.7854843,1995-2014
CESM2,r4i1p1f1,historical,Historical,San Francisco,CA,37.7749,-122.4194,38.16753926701571,237.5,1955,289.31976,16.16977,16.560783,-0.3910141,1995-2014
CESM2,r4i1p1f1,historical,Historical,San Francisco,CA,37.7749,-122.4194,38.16753926701571,237.5,1956,288.84793,15.697937,16.560783,-0.8628464,1995-2014
CESM2,r4i1p1f1,historical,Historical,San Francisco,CA,37.7749,-122.4194,38.16753926701571,237.5,1957,289.1943,16.044312,16.560783,-0.51647186,1995-2014
CESM2,r4i1p1f1,historical,Historical,San Francisco,CA,37.7749,-122.4194,38.16753926701571,237.5,1958,288.9811,15.831116,16.560783,-0.72966766,1995-2014
CESM2,r4i1p1f1,historical,Historical,San Francisco,CA,37.7749,-122.4194,38.16753926701571,237.5,1959,289.01334,15.863342,16.560783,-0.6974411,1995-2014
CESM2,r4i1p1f1,historical,Historical,San Francisco,CA,37.7749,-122.4194,38.16753926701571,237.5,1960,288.23257,15.082581,16.560783,-1.4782028,1995-2014
CESM2,r4i1p1f1,historical,Historical,San Francisco,CA,37.7749,-122.4194,38.16753926701571,237.5,1961,287.25925,14.109253,16.560783,-2.4515305,1995-2014
CESM2,r4i1p1f1,historical,Historical,San Francisco,CA,37.7749,-122.4194,38.16753926701571,237.5,1962,288.03976,14.8897705,16.560783,-1.6710129,1995-2014
CESM2,r4i1p1f1,historical,Historical,San Francisco,CA,37.7749,-122.4194,38.16753926701571,237.5,1963,289.39352,16.24353,16.560783,-0.3172531,1995-2014
CESM2,r4i1p1f1,historical,Historical,San Francisco,CA,37.7749,-122.4194,38.16753926701571,237.5,1964,288.59604,15.446045,16.560783,-1.1147385,1995-2014
CESM2,r4i1p1f1,historical,Historical,San Francisco,CA,37.7749,-122.4194,38.16753926701571,237.5,1965,288.63812,15.488129,16.560783,-1.0726547,1995-2014
CESM2,r4i1p1f1,historical,Historical,San Francisco,CA,37.7749,-122.4194,38.16753926701571,237.5,1966,289.0967,15.946716,16.560783,-0.6140671,1995-2014
CESM2,r4i1p1f1,historical,Historical,San Francisco,CA,37.7749,-122.4194,38.16753926701571,237.5,1967,288.7648,15.614807,16.560783,-0.94597626,1995-2014
CESM2,r4i1p1f1,historical,Historical,San Francisco,CA,37.7749,-122.4194,38.16753926701571,237.5,1968,289.39932,16.249329,16.560783,-0.31145477,1995-2014
CESM2,r4i1p1f1,historical,Historical,San Francisco,CA,37.7749,-122.4194,38.16753926701571,237.5,1969,288.69363,15.54364,16.560783,-1.0171432,1995-2014
CESM2,r4i1p1f1,historical,Historical,San Francisco,CA,37.7749,-122.4194,38.16753926701571,237.5,1970,288.68774,15.53775,16.560783,-1.0230331,1995-2014
CESM2,r4i1p1f1,historical,Historical,San Francisco,CA,37.7749,-122.4194,38.16753926701571,237.5,1971,288.90982,15.759827,16.560783,-0.8009567,1995-2014
CESM2,r4i1p1f1,historical,Historical,San Francisco,CA,37.7749,-122.4194,38.16753926701571,237.5,1972,288.1592,15.009216,16.560783,-1.5515671,1995-2014
CESM2,r4i1p1f1,historical,Historical,San Francisco,CA,37.7749,-122.4194,38.16753926701571,237.5,1973,288.45505,15.305054,16.560783,-1.2557297,1995-2014
CESM2,r4i1p1f1,historical,Historical,San Francisco,CA,37.7749,-122.4194,38.16753926701571,237.5,1974,288.81235,15.6623535,16.560783,-0.8984299,1995-2014
CESM2,r4i1p1f1,historical,Historical,San Francisco,CA,37.7749,-122.4194,38.16753926701571,237.5,1975,289.43283,16.282837,16.560783,-0.27794647,1995-2014
CESM2,r4i1p1f1,historical,Historical,San Francisco,CA,37.7749,-122.4194,38.16753926701571,237.5,1976,288.9718,15.821808,16.560783,-0.7389755,1995-2014
CESM2,r4i1p1f1,historical,Historical,San Francisco,CA,37.7749,-122.4194,38.16753926701571,237.5,1977,288.8295,15.679504,16.560783,-0.881279,1995-2014
CESM2,r4i1p1f1,historical,Historical,San Francisco,CA,37.7749,-122.4194,38.16753926701571,237.5,1978,289.03854,15.88855,16.560783,-0.6722336,1995-2014
CESM2,r4i1p1f1,historical,Historical,San Francisco,CA,37.7749,-122.4194,38.16753926701571,237.5,1979,288.75272,15.602722,16.560783,-0.9580612,1995-2014
CESM2,r4i1p1f1,historical,Historical,San Francisco,CA,37.7749,-122.4194,38.16753926701571,237.5,1980,289.222,16.071991,16.560783,-0.48879242,1995-2014
CESM2,r4i1p1f1,historical,Historical,San Francisco,CA,37.7749,-122.4194,38.16753926701571,237.5,1981,289.3103,16.160309,16.560783,-0.40047455,1995-2014
CESM2,r4i1p1f1,historical,Historical,San Francisco,CA,37.7749,-122.4194,38.16753926701571,237.5,1982,288.5267,15.376709,16.560783,-1.1840744,1995-2014
CESM2,r4i1p1f1,historical,Historical,San Francisco,CA,37.7749,-122.4194,38.16753926701571,237.5,1983,288.88052,15.73053,16.560783,-0.8302536,1995-2014
CESM2,r4i1p1f1,historical,Historical,San Francisco,CA,37.7749,-122.4194,38.16753926701571,237.5,1984,289.43774,16.28775,16.560783,-0.27303314,1995-2014
CESM2,r4i1p1f1,historical,Historical,San Francisco,CA,37.7749,-122.4194,38.16753926701571,237.5,1985,289.4726,16.322601,16.560783,-0.23818207,1995-2014
CESM2,r4i1p1f1,historical,Historical,San Francisco,CA,37.7749,-122.4194,38.16753926701571,237.5,1986,289.85086,16.700867,16.560783,0.14008331,1995-2014
CESM2,r4i1p1f1,historical,Historical,San Francisco,CA,37.7749,-122.4194,38.16753926701571,237.5,1987,290.15628,17.006287,16.560783,0.44550323,1995-2014
CESM2,r4i1p1f1,historical,Historical,San Francisco,CA,37.7749,-122.4194,38.16753926701571,237.5,1988,289.35056,16.200562,16.560783,-0.36022186,1995-2014
CESM2,r4i1p1f1,historical,Historical,San Francisco,CA,37.7749,-122.4194,38.16753926701571,237.5,1989,289.33255,16.182556,16.560783,-0.37822723,1995-2014
CESM2,r4i1p1f1,historical,Historical,San Francisco,CA,37.7749,-122.4194,38.16753926701571,237.5,1990,289.28476,16.134766,16.560783,-0.42601776,1995-2014
CESM2,r4i1p1f1,historical,Historical,San Francisco,CA,37.7749,-122.4194,38.16753926701571,237.5,1991,288.75742,15.607422,16.560783,-0.9533615,1995-2014
CESM2,r4i1p1f1,historical,Historical,San Francisco,CA,37.7749,-122.4194,38.16753926701571,237.5,1992,289.50467,16.354675,16.560783,-0.2061081,1995-2014
CESM2,r4i1p1f1,historical,Historical,San Francisco,CA,37.7749,-122.4194,38.16753926701571,237.5,1993,289.3638,16.213806,16.560783,-0.34697723,1995-2014
CESM2,r4i1p1f1,historical,Historical,San Francisco,CA,37.7749,-122.4194,38.16753926701571,237.5,1994,290.37634,17.226349,16.560783,0.6655655,1995-2014
CESM2,r4i1p1f1,historical,Historical,San Francisco,CA,37.7749,-122.4194,38.16753926701571,237.5,1995,289.1998,16.049805,16.560783,-0.5109787,1995-2014
CESM2,r4i1p1f1,historical,Historical,San Francisco,CA,37.7749,-122.4194,38.16753926701571,237.5,1996,289.71738,16.567383,16.560783,0.0065994263,1995-2014
CESM2,r4i1p1f1,historical,Historical,San Francisco,CA,37.7749,-122.4194,38.16753926701571,237.5,1997,289.43484,16.284851,16.560783,-0.2759323,1995-2014
CESM2,r4i1p1f1,historical,Historical,San Francisco,CA,37.7749,-122.4194,38.16753926701571,237.5,1998,289.58905,16.439056,16.560783,-0.12172699,1995-2014
CESM2,r4i1p1f1,historical,Historical,San Francisco,CA,37.7749,-122.4194,38.16753926701571,237.5,1999,290.3859,17.2359,16.560783,0.6751175,1995-2014
CESM2,r4i1p1f1,historical,Historical,San Francisco,CA,37.7749,-122.4194,38.16753926701571,237.5,2000,289.84146,16.691467,16.560783,0.1306839,1995-2014
CESM2,r4i1p1f1,historical,Historical,San Francisco,CA,37.7749,-122.4194,38.16753926701571,237.5,2001,290.856,17.705994,16.560783,1.1452103,1995-2014
CESM2,r4i1p1f1,historical,Historical,San Francisco,CA,37.7749,-122.4194,38.16753926701571,237.5,2002,289.62543,16.475433,16.560783,-0.08535004,1995-2014
CESM2,r4i1p1f1,historical,Historical,San Francisco,CA,37.7749,-122.4194,38.16753926701571,237.5,2003,289.93753,16.787537,16.560783,0.22675323,1995-2014
CESM2,r4i1p1f1,historical,Historical,San Francisco,CA,37.7749,-122.4194,38.16753926701571,237.5,2004,289.192,16.041992,16.560783,-0.5187912,1995-2014
CESM2,r4i1p1f1,historical,Historical,San Francisco,CA,37.7749,-122.4194,38.16753926701571,237.5,2005,289.73346,16.583466,16.560783,0.02268219,1995-2014
CESM2,r4i1p1f1,historical,Historical,San Francisco,CA,37.7749,-122.4194,38.16753926701571,237.5,2006,289.29623,16.14624,16.560783,-0.41454315,1995-2014
CESM2,r4i1p1f1,historical,Historical,San Francisco,CA,37.7749,-122.4194,38.16753926701571,237.5,2007,289.98886,16.838867,16.560783,0.2780838,1995-2014
CESM2,r4i1p1f1,historical,Historical,San Francisco,CA,37.7749,-122.4194,38.16753926701571,237.5,2008,288.87592,15.725922,16.560783,-0.83486176,1995-2014
CESM2,r4i1p1f1,historical,Historical,San Francisco,CA,37.7749,-122.4194,38.16753926701571,237.5,2009,289.86295,16.712952,16.560783,0.15216827,1995-2014
CESM2,r4i1p1f1,historical,Historical,San Francisco,CA,37.7749,-122.4194,38.16753926701571,237.5,2010,290.21945,17.069458,16.560783,0.5086746,1995-2014
CESM2,r4i1p1f1,historical,Historical,San Francisco,CA,37.7749,-122.4194,38.16753926701571,237.5,2011,289.50732,16.35733,16.560783,-0.20345306,1995-2014
CESM2,r4i1p1f1,historical,Historical,San Francisco,CA,37.7749,-122.4194,38.16753926701571,237.5,2012,289.94986,16.799866,16.560783,0.23908234,1995-2014
CESM2,r4i1p1f1,historical,Historical,San Francisco,CA,37.7749,-122.4194,38.16753926701571,237.5,2013,289.62448,16.474487,16.560783,-0.08629608,1995-2014
CESM2,r4i1p1f1,historical,Historical,San Francisco,CA,37.7749,-122.4194,38.16753926701571,237.5,2014,289.37766,16.227661,16.560783,-0.33312225,1995-2014
CESM2,r4i1p1f1,ssp126,SSP1-2.6,San Francisco,CA,37.7749,-122.4194,38.16753926701571,237.5,2015,289.63443,16.484436,16.560783,-0.07634735,1995-2014
CESM2,r4i1p1f1,ssp126,SSP1-2.6,San Francisco,CA,37.7749,-122.4194,38.16753926701571,237.5,2016,289.85507,16.705078,16.560783,0.14429474,1995-2014
CESM2,r4i1p1f1,ssp126,SSP1-2.6,San Francisco,CA,37.7749,-122.4194,38.16753926701571,237.5,2017,289.07242,15.922424,16.560783,-0.63835907,1995-2014
CESM2,r4i1p1f1,ssp126,SSP1-2.6,San Francisco,CA,37.7749,-122.4194,38.16753926701571,237.5,2018,290.32388,17.17389,16.560783,0.6131058,1995-2014
CESM2,r4i1p1f1,ssp126,SSP1-2.6,San Francisco,CA,37.7749,-122.4194,38.16753926701571,237.5,2019,289.885,16.735016,16.560783,0.17423248,1995-2014
CESM2,r4i1p1f1,ssp126,SSP1-2.6,San Francisco,CA,37.7749,-122.4194,38.16753926701571,237.5,2020,290.28494,17.134949,16.560783,0.57416534,1995-2014
CESM2,r4i1p1f1,ssp126,SSP1-2.6,San Francisco,CA,37.7749,-122.4194,38.16753926701571,237.5,2021,290.60828,17.458282,16.560783,0.8974991,1995-2014
CESM2,r4i1p1f1,ssp126,SSP1-2.6,San Francisco,CA,37.7749,-122.4194,38.16753926701571,237.5,2022,290.13953,16.989532,16.560783,0.42874908,1995-2014
CESM2,r4i1p1f1,ssp126,SSP1-2.6,San Francisco,CA,37.7749,-122.4194,38.16753926701571,237.5,2023,290.93393,17.783936,16.560783,1.2231522,1995-2014
CESM2,r4i1p1f1,ssp126,SSP1-2.6,San Francisco,CA,37.7749,-122.4194,38.16753926701571,237.5,2024,289.93954,16.78955,16.560783,0.2287674,1995-2014
CESM2,r4i1p1f1,ssp126,SSP1-2.6,San Francisco,CA,37.7749,-122.4194,38.16753926701571,237.5,2025,289.5268,16.3768,16.560783,-0.18398285,1995-2014
CESM2,r4i1p1f1,ssp126,SSP1-2.6,San Francisco,CA,37.7749,-122.4194,38.16753926701571,237.5,2026,289.92676,16.776764,16.560783,0.21598053,1995-2014
CESM2,r4i1p1f1,ssp126,SSP1-2.6,San Francisco,CA,37.7749,-122.4194,38.16753926701571,237.5,2027,290.9004,17.750397,16.560783,1.1896133,1995-2014
CESM2,r4i1p1f1,ssp126,SSP1-2.6,San Francisco,CA,37.7749,-122.4194,38.16753926701571,237.5,2028,290.5918,17.441803,16.560783,0.8810196,1995-2014
CESM2,r4i1p1f1,ssp126,SSP1-2.6,San Francisco,CA,37.7749,-122.4194,38.16753926701571,237.5,2029,290.2272,17.07721,16.560783,0.5164261,1995-2014
CESM2,r4i1p1f1,ssp126,SSP1-2.6,San Francisco,CA,37.7749,-122.4194,38.16753926701571,237.5,2030,291.04367,17.893677,16.560783,1.3328934,1995-2014
CESM2,r4i1p1f1,ssp126,SSP1-2.6,San Francisco,CA,37.7749,-122.4194,38.16753926701571,237.5,2031,290.57266,17.422668,16.560783,0.8618851,1995-2014
CESM2,r4i1p1f1,ssp126,SSP1-2.6,San Francisco,CA,37.7749,-122.4194,38.16753926701571,237.5,2032,290.28946,17.139465,16.560783,0.57868195,1995-2014
CESM2,r4i1p1f1,ssp126,SSP1-2.6,San Francisco,CA,37.7749,-122.4194,38.16753926701571,237.5,2033,289.74606,16.59607,16.560783,0.03528595,1995-2014
CESM2,r4i1p1f1,ssp126,SSP1-2.6,San Francisco,CA,37.7749,-122.4194,38.16753926701571,237.5,2034,290.25607,17.10608,16.560783,0.5452957,1995-2014
CESM2,r4i1p1f1,ssp126,SSP1-2.6,San Francisco,CA,37.7749,-122.4194,38.16753926701571,237.5,2035,290.59467,17.444672,16.560783,0.88388824,1995-2014
CESM2,r4i1p1f1,ssp126,SSP1-2.6,San Francisco,CA,37.7749,-122.4194,38.16753926701571,237.5,2036,290.57565,17.42566,16.560783,0.8648758,1995-2014
CESM2,r4i1p1f1,ssp126,SSP1-2.6,San Francisco,CA,37.7749,-122.4194,38.16753926701571,237.5,2037,290.08444,16.934448,16.560783,0.37366486,1995-2014
CESM2,r4i1p1f1,ssp126,SSP1-2.6,San Francisco,CA,37.7749,-122.4194,38.16753926701571,237.5,2038,290.79694,17.646942,16.560783,1.0861588,1995-2014
CESM2,r4i1p1f1,ssp126,SSP1-2.6,San Francisco,CA,37.7749,-122.4194,38.16753926701571,237.5,2039,292.0482,18.898193,16.560783,2.33741,1995-2014
CESM2,r4i1p1f1,ssp126,SSP1-2.6,San Francisco,CA,37.7749,-122.4194,38.16753926701571,237.5,2040,291.74704,18.597046,16.560783,2.0362625,1995-2014
CESM2,r4i1p1f1,ssp126,SSP1-2.6,San Francisco,CA,37.7749,-122.4194,38.16753926701571,237.5,2041,290.31836,17.168365,16.560783,0.6075821,1995-2014
CESM2,r4i1p1f1,ssp126,SSP1-2.6,San Francisco,CA,37.7749,-122.4194,38.16753926701571,237.5,2042,289.8079,16.657898,16.560783,0.09711456,1995-2014
CESM2,r4i1p1f1,ssp126,SSP1-2.6,San Francisco,CA,37.7749,-122.4194,38.16753926701571,237.5,2043,291.42587,18.275879,16.560783,1.7150955,1995-2014
CESM2,r4i1p1f1,ssp126,SSP1-2.6,San Francisco,CA,37.7749,-122.4194,38.16753926701571,237.5,2044,290.53217,17.382172,16.560783,0.82138824,1995-2014
CESM2,r4i1p1f1,ssp126,SSP1-2.6,San Francisco,CA,37.7749,-122.4194,38.16753926701571,237.5,2045,290.47736,17.327362,16.560783,0.7665787,1995-2014
CESM2,r4i1p1f1,ssp126,SSP1-2.6,San Francisco,CA,37.7749,-122.4194,38.16753926701571,237.5,2046,291.6825,18.532501,16.560783,1.9717178,1995-2014
CESM2,r4i1p1f1,ssp126,SSP1-2.6,San Francisco,CA,37.7749,-122.4194,38.16753926701571,237.5,2047,290.96112,17.811127,16.560783,1.2503433,1995-2014
CESM2,r4i1p1f1,ssp126,SSP1-2.6,San Francisco,CA,37.7749,-122.4194,38.16753926701571,237.5,2048,291.9776,18.827606,16.560783,2.2668228,1995-2014
CESM2,r4i1p1f1,ssp126,SSP1-2.6,San Francisco,CA,37.7749,-122.4194,38.16753926701571,237.5,2049,291.88382,18.733826,16.560783,2.1730423,1995-2014
CESM2,r4i1p1f1,ssp126,SSP1-2.6,San Francisco,CA,37.7749,-122.4194,38.16753926701571,237.5,2050,291.87823,18.728241,16.560783,2.1674576,1995-2014
CESM2,r4i1p1f1,ssp126,SSP1-2.6,San Francisco,CA,37.7749,-122.4194,38.16753926701571,237.5,2051,291.8948,18.744812,16.560783,2.1840286,1995-2014
CESM2,r4i1p1f1,ssp126,SSP1-2.6,San Francisco,CA,37.7749,-122.4194,38.16753926701571,237.5,2052,290.55847,17.408478,16.560783,0.8476944,1995-2014
CESM2,r4i1p1f1,ssp126,SSP1-2.6,San Francisco,CA,37.7749,-122.4194,38.16753926701571,237.5,2053,290.63474,17.484741,16.560783,0.9239578,1995-2014
CESM2,r4i1p1f1,ssp126,SSP1-2.6,San Francisco,CA,37.7749,-122.4194,38.16753926701571,237.5,2054,291.03644,17.886444,16.560783,1.3256607,1995-2014
CESM2,r4i1p1f1,ssp126,SSP1-2.6,San Francisco,CA,37.7749,-122.4194,38.16753926701571,237.5,2055,290.6113,17.461304,16.560783,0.9005203,1995-2014
CESM2,r4i1p1f1,ssp126,SSP1-2.6,San Francisco,CA,37.7749,-122.4194,38.16753926701571,237.5,2056,290.2766,17.126617,16.560783,0.56583405,1995-2014
CESM2,r4i1p1f1,ssp126,SSP1-2.6,San Francisco,CA,37.7749,-122.4194,38.16753926701571,237.5,2057,291.28976,18.13977,16.560783,1.5789871,1995-2014
CESM2,r4i1p1f1,ssp126,SSP1-2.6,San Francisco,CA,37.7749,-122.4194,38.16753926701571,237.5,2058,291.1627,18.012695,16.560783,1.4519119,1995-2014
CESM2,r4i1p1f1,ssp126,SSP1-2.6,San Francisco,CA,37.7749,-122.4194,38.16753926701571,237.5,2059,291.06912,17.919128,16.560783,1.358345,1995-2014
CESM2,r4i1p1f1,ssp126,SSP1-2.6,San Francisco,CA,37.7749,-122.4194,38.16753926701571,237.5,2060,290.1555,17.005493,16.560783,0.44470978,1995-2014
CESM2,r4i1p1f1,ssp126,SSP1-2.6,San Francisco,CA,37.7749,-122.4194,38.16753926701571,237.5,2061,290.7486,17.598602,16.560783,1.0378189,1995-2014
CESM2,r4i1p1f1,ssp126,SSP1-2.6,San Francisco,CA,37.7749,-122.4194,38.16753926701571,237.5,2062,290.39908,17.249084,16.560783,0.6883011,1995-2014
CESM2,r4i1p1f1,ssp126,SSP1-2.6,San Francisco,CA,37.7749,-122.4194,38.16753926701571,237.5,2063,290.65878,17.50879,16.560783,0.9480057,1995-2014
CESM2,r4i1p1f1,ssp126,SSP1-2.6,San Francisco,CA,37.7749,-122.4194,38.16753926701571,237.5,2064,291.20108,18.051086,16.560783,1.490303,1995-2014
CESM2,r4i1p1f1,ssp126,SSP1-2.6,San Francisco,CA,37.7749,-122.4194,38.16753926701571,237.5,2065,291.26688,18.116882,16.560783,1.5560989,1995-2014
CESM2,r4i1p1f1,ssp126,SSP1-2.6,San Francisco,CA,37.7749,-122.4194,38.16753926701571,237.5,2066,291.29294,18.142944,16.560783,1.582161,1995-2014
CESM2,r4i1p1f1,ssp126,SSP1-2.6,San Francisco,CA,37.7749,-122.4194,38.16753926701571,237.5,2067,290.7571,17.607117,16.560783,1.0463333,1995-2014
CESM2,r4i1p1f1,ssp126,SSP1-2.6,San Francisco,CA,37.7749,-122.4194,38.16753926701571,237.5,2068,291.23755,18.087555,16.560783,1.5267715,1995-2014
CESM2,r4i1p1f1,ssp126,SSP1-2.6,San Francisco,CA,37.7749,-122.4194,38.16753926701571,237.5,2069,291.47507,18.325073,16.560783,1.7642899,1995-2014
CESM2,r4i1p1f1,ssp126,SSP1-2.6,San Francisco,CA,37.7749,-122.4194,38.16753926701571,237.5,2070,290.9664,17.816406,16.560783,1.2556229,1995-2014
CESM2,r4i1p1f1,ssp126,SSP1-2.6,San Francisco,CA,37.7749,-122.4194,38.16753926701571,237.5,2071,290.6791,17.529114,16.560783,0.9683304,1995-2014
CESM2,r4i1p1f1,ssp126,SSP1-2.6,San Francisco,CA,37.7749,-122.4194,38.16753926701571,237.5,2072,290.4692,17.319214,16.560783,0.7584305,1995-2014
CESM2,r4i1p1f1,ssp126,SSP1-2.6,San Francisco,CA,37.7749,-122.4194,38.16753926701571,237.5,2073,291.1946,18.044617,16.560783,1.4838333,1995-2014
CESM2,r4i1p1f1,ssp126,SSP1-2.6,San Francisco,CA,37.7749,-122.4194,38.16753926701571,237.5,2074,291.60623,18.456238,16.560783,1.8954544,1995-2014
CESM2,r4i1p1f1,ssp126,SSP1-2.6,San Francisco,CA,37.7749,-122.4194,38.16753926701571,237.5,2075,291.9809,18.830902,16.560783,2.2701187,1995-2014
CESM2,r4i1p1f1,ssp126,SSP1-2.6,San Francisco,CA,37.7749,-122.4194,38.16753926701571,237.5,2076,291.13907,17.989075,16.560783,1.4282913,1995-2014
CESM2,r4i1p1f1,ssp126,SSP1-2.6,San Francisco,CA,37.7749,-122.4194,38.16753926701571,237.5,2077,290.58545,17.435455,16.560783,0.87467194,1995-2014
CESM2,r4i1p1f1,ssp126,SSP1-2.6,San Francisco,CA,37.7749,-122.4194,38.16753926701571,237.5,2078,290.75534,17.605347,16.560783,1.0445633,1995-2014
CESM2,r4i1p1f1,ssp126,SSP1-2.6,San Francisco,CA,37.7749,-122.4194,38.16753926701571,237.5,2079,290.84232,17.692322,16.560783,1.1315384,1995-2014
CESM2,r4i1p1f1,ssp126,SSP1-2.6,San Francisco,CA,37.7749,-122.4194,38.16753926701571,237.5,2080,290.85883,17.708832,16.560783,1.1480484,1995-2014
CESM2,r4i1p1f1,ssp126,SSP1-2.6,San Francisco,CA,37.7749,-122.4194,38.16753926701571,237.5,2081,290.79434,17.644348,16.560783,1.0835648,1995-2014
CESM2,r4i1p1f1,ssp126,SSP1-2.6,San Francisco,CA,37.7749,-122.4194,38.16753926701571,237.5,2082,291.19962,18.049622,16.560783,1.4888382,1995-2014
CESM2,r4i1p1f1,ssp126,SSP1-2.6,San Francisco,CA,37.7749,-122.4194,38.16753926701571,237.5,2083,290.4419,17.2919,16.560783,0.73111725,1995-2014
CESM2,r4i1p1f1,ssp126,SSP1-2.6,San Francisco,CA,37.7749,-122.4194,38.16753926701571,237.5,2084,291.1783,18.02832,16.560783,1.4675369,1995-2014
CESM2,r4i1p1f1,ssp126,SSP1-2.6,San Francisco,CA,37.7749,-122.4194,38.16753926701571,237.5,2085,291.57913,18.429138,16.560783,1.8683548,1995-2014
CESM2,r4i1p1f1,ssp126,SSP1-2.6,San Francisco,CA,37.7749,-122.4194,38.16753926701571,237.5,2086,291.3336,18.183594,16.560783,1.6228104,1995-2014
CESM2,r4i1p1f1,ssp126,SSP1-2.6,San Francisco,CA,37.7749,-122.4194,38.16753926701571,237.5,2087,291.12402,17.97403,16.560783,1.4132462,1995-2014
CESM2,r4i1p1f1,ssp126,SSP1-2.6,San Francisco,CA,37.7749,-122.4194,38.16753926701571,237.5,2088,289.96658,16.81659,16.560783,0.25580597,1995-2014
CESM2,r4i1p1f1,ssp126,SSP1-2.6,San Francisco,CA,37.7749,-122.4194,38.16753926701571,237.5,2089,290.3145,17.16452,16.560783,0.6037369,1995-2014
CESM2,r4i1p1f1,ssp126,SSP1-2.6,San Francisco,CA,37.7749,-122.4194,38.16753926701571,237.5,2090,290.8522,17.70221,16.560783,1.1414261,1995-2014
CESM2,r4i1p1f1,ssp126,SSP1-2.6,San Francisco,CA,37.7749,-122.4194,38.16753926701571,237.5,2091,291.0836,17.933594,16.560783,1.3728104,1995-2014
CESM2,r4i1p1f1,ssp126,SSP1-2.6,San Francisco,CA,37.7749,-122.4194,38.16753926701571,237.5,2092,290.06467,16.914673,16.560783,0.35388947,1995-2014
CESM2,r4i1p1f1,ssp126,SSP1-2.6,San Francisco,CA,37.7749,-122.4194,38.16753926701571,237.5,2093,291.70193,18.55194,16.560783,1.9911575,1995-2014
CESM2,r4i1p1f1,ssp126,SSP1-2.6,San Francisco,CA,37.7749,-122.4194,38.16753926701571,237.5,2094,290.94833,17.79834,16.560783,1.2375565,1995-2014
CESM2,r4i1p1f1,ssp126,SSP1-2.6,San Francisco,CA,37.7749,-122.4194,38.16753926701571,237.5,2095,290.8921,17.742096,16.560783,1.1813126,1995-2014
CESM2,r4i1p1f1,ssp126,SSP1-2.6,San Francisco,CA,37.7749,-122.4194,38.16753926701571,237.5,2096,290.64645,17.49646,16.560783,0.9356766,1995-2014
CESM2,r4i1p1f1,ssp126,SSP1-2.6,San Francisco,CA,37.7749,-122.4194,38.16753926701571,237.5,2097,291.3171,18.167114,16.560783,1.6063309,1995-2014
CESM2,r4i1p1f1,ssp126,SSP1-2.6,San Francisco,CA,37.7749,-122.4194,38.16753926701571,237.5,2098,290.47318,17.323181,16.560783,0.76239777,1995-2014
CESM2,r4i1p1f1,ssp126,SSP1-2.6,San Francisco,CA,37.7749,-122.4194,38.16753926701571,237.5,2099,291.46524,18.315247,16.560783,1.7544632,1995-2014
CESM2,r4i1p1f1,ssp126,SSP1-2.6,San Francisco,CA,37.7749,-122.4194,38.16753926701571,237.5,2100,291.81476,18.664764,16.560783,2.103981,1995-2014
CESM2,r4i1p1f1,ssp245,SSP2-4.5,San Francisco,CA,37.7749,-122.4194,38.16753926701571,237.5,2015,290.00363,16.853638,16.560783,0.2928543,1995-2014
CESM2,r4i1p1f1,ssp245,SSP2-4.5,San Francisco,CA,37.7749,-122.4194,38.16753926701571,237.5,2016,290.1069,16.95691,16.560783,0.3961258,1995-2014
CESM2,r4i1p1f1,ssp245,SSP2-4.5,San Francisco,CA,37.7749,-122.4194,38.16753926701571,237.5,2017,290.0719,16.921906,16.560783,0.36112213,1995-2014
CESM2,r4i1p1f1,ssp245,SSP2-4.5,San Francisco,CA,37.7749,-122.4194,38.16753926701571,237.5,2018,289.2944,16.14441,16.560783,-0.4163742,1995-2014
CESM2,r4i1p1f1,ssp245,SSP2-4.5,San Francisco,CA,37.7749,-122.4194,38.16753926701571,237.5,2019,289.94937,16.799377,16.560783,0.23859406,1995-2014
CESM2,r4i1p1f1,ssp245,SSP2-4.5,San Francisco,CA,37.7749,-122.4194,38.16753926701571,237.5,2020,289.76703,16.617035,16.560783,0.056251526,1995-2014
CESM2,r4i1p1f1,ssp245,SSP2-4.5,San Francisco,CA,37.7749,-122.4194,38.16753926701571,237.5,2021,289.4877,16.337708,16.560783,-0.22307587,1995-2014
CESM2,r4i1p1f1,ssp245,SSP2-4.5,San Francisco,CA,37.7749,-122.4194,38.16753926701571,237.5,2022,289.66653,16.51654,16.560783,-0.04424286,1995-2014
CESM2,r4i1p1f1,ssp245,SSP2-4.5,San Francisco,CA,37.7749,-122.4194,38.16753926701571,237.5,2023,289.44507,16.295074,16.560783,-0.26570892,1995-2014
CESM2,r4i1p1f1,ssp245,SSP2-4.5,San Francisco,CA,37.7749,-122.4194,38.16753926701571,237.5,2024,289.9845,16.834503,16.560783,0.2737198,1995-2014
CESM2,r4i1p1f1,ssp245,SSP2-4.5,San Francisco,CA,37.7749,-122.4194,38.16753926701571,237.5,2025,290.82767,17.677673,16.560783,1.11689,1995-2014
CESM2,r4i1p1f1,ssp245,SSP2-4.5,San Francisco,CA,37.7749,-122.4194,38.16753926701571,237.5,2026,290.75513,17.605133,16.560783,1.0443497,1995-2014
CESM2,r4i1p1f1,ssp245,SSP2-4.5,San Francisco,CA,37.7749,-122.4194,38.16753926701571,237.5,2027,290.20724,17.057251,16.560783,0.4964676,1995-2014
CESM2,r4i1p1f1,ssp245,SSP2-4.5,San Francisco,CA,37.7749,-122.4194,38.16753926701571,237.5,2028,290.75342,17.603424,16.560783,1.0426407,1995-2014
CESM2,r4i1p1f1,ssp245,SSP2-4.5,San Francisco,CA,37.7749,-122.4194,38.16753926701571,237.5,2029,290.40576,17.255768,16.560783,0.69498444,1995-2014
CESM2,r4i1p1f1,ssp245,SSP2-4.5,San Francisco,CA,37.7749,-122.4194,38.16753926701571,237.5,2030,291.29388,18.14389,16.560783,1.583107,1995-2014
CESM2,r4i1p1f1,ssp245,SSP2-4.5,San Francisco,CA,37.7749,-122.4194,38.16753926701571,237.5,2031,290.5673,17.417297,16.560783,0.856514,1995-2014
CESM2,r4i1p1f1,ssp245,SSP2-4.5,San Francisco,CA,37.7749,-122.4194,38.16753926701571,237.5,2032,289.9407,16.79071,16.560783,0.22992706,1995-2014
CESM2,r4i1p1f1,ssp245,SSP2-4.5,San Francisco,CA,37.7749,-122.4194,38.16753926701571,237.5,2033,289.4994,16.349396,16.560783,-0.21138763,1995-2014
CESM2,r4i1p1f1,ssp245,SSP2-4.5,San Francisco,CA,37.7749,-122.4194,38.16753926701571,237.5,2034,290.06223,16.912231,16.560783,0.35144806,1995-2014
CESM2,r4i1p1f1,ssp245,SSP2-4.5,San Francisco,CA,37.7749,-122.4194,38.16753926701571,237.5,2035,289.87607,16.726074,16.560783,0.16529083,1995-2014
CESM2,r4i1p1f1,ssp245,SSP2-4.5,San Francisco,CA,37.7749,-122.4194,38.16753926701571,237.5,2036,290.0884,16.938416,16.560783,0.37763214,1995-2014
CESM2,r4i1p1f1,ssp245,SSP2-4.5,San Francisco,CA,37.7749,-122.4194,38.16753926701571,237.5,2037,289.81934,16.669342,16.560783,0.108558655,1995-2014
CESM2,r4i1p1f1,ssp245,SSP2-4.5,San Francisco,CA,37.7749,-122.4194,38.16753926701571,237.5,2038,290.6792,17.529205,16.560783,0.96842194,1995-2014
CESM2,r4i1p1f1,ssp245,SSP2-4.5,San Francisco,CA,37.7749,-122.4194,38.16753926701571,237.5,2039,290.9353,17.785309,16.560783,1.2245255,1995-2014
CESM2,r4i1p1f1,ssp245,SSP2-4.5,San Francisco,CA,37.7749,-122.4194,38.16753926701571,237.5,2040,290.59152,17.441528,16.560783,0.88074493,1995-2014
CESM2,r4i1p1f1,ssp245,SSP2-4.5,San Francisco,CA,37.7749,-122.4194,38.16753926701571,237.5,2041,291.14548,17.995483,16.560783,1.4347,1995-2014
CESM2,r4i1p1f1,ssp245,SSP2-4.5,San Francisco,CA,37.7749,-122.4194,38.16753926701571,237.5,2042,290.47656,17.326569,16.560783,0.7657852,1995-2014
CESM2,r4i1p1f1,ssp245,SSP2-4.5,San Francisco,CA,37.7749,-122.4194,38.16753926701571,237.5,2043,291.52142,18.37143,16.560783,1.810646,1995-2014
CESM2,r4i1p1f1,ssp245,SSP2-4.5,San Francisco,CA,37.7749,-122.4194,38.16753926701571,237.5,2044,291.30685,18.15686,16.560783,1.596077,1995-2014
CESM2,r4i1p1f1,ssp245,SSP2-4.5,San Francisco,CA,37.7749,-122.4194,38.16753926701571,237.5,2045,291.03122,17.881226,16.560783,1.3204422,1995-2014
CESM2,r4i1p1f1,ssp245,SSP2-4.5,San Francisco,CA,37.7749,-122.4194,38.16753926701571,237.5,2046,291.18332,18.033325,16.560783,1.4725418,1995-2014
CESM2,r4i1p1f1,ssp245,SSP2-4.5,San Francisco,CA,37.7749,-122.4194,38.16753926701571,237.5,2047,291.564,18.414001,16.560783,1.8532181,1995-2014
CESM2,r4i1p1f1,ssp245,SSP2-4.5,San Francisco,CA,37.7749,-122.4194,38.16753926701571,237.5,2048,292.33786,19.187866,16.560783,2.6270828,1995-2014
CESM2,r4i1p1f1,ssp245,SSP2-4.5,San Francisco,CA,37.7749,-122.4194,38.16753926701571,237.5,2049,292.04584,18.895844,16.560783,2.3350601,1995-2014
CESM2,r4i1p1f1,ssp245,SSP2-4.5,San Francisco,CA,37.7749,-122.4194,38.16753926701571,237.5,2050,290.8561,17.706116,16.560783,1.1453323,1995-2014
CESM2,r4i1p1f1,ssp245,SSP2-4.5,San Francisco,CA,37.7749,-122.4194,38.16753926701571,237.5,2051,291.25162,18.101624,16.560783,1.5408401,1995-2014
CESM2,r4i1p1f1,ssp245,SSP2-4.5,San Francisco,CA,37.7749,-122.4194,38.16753926701571,237.5,2052,291.0886,17.938599,16.560783,1.3778152,1995-2014
CESM2,r4i1p1f1,ssp245,SSP2-4.5,San Francisco,CA,37.7749,-122.4194,38.16753926701571,237.5,2053,290.90585,17.75586,16.560783,1.195076,1995-2014
CESM2,r4i1p1f1,ssp245,SSP2-4.5,San Francisco,CA,37.7749,-122.4194,38.16753926701571,237.5,2054,291.26517,18.115173,16.560783,1.55439,1995-2014
CESM2,r4i1p1f1,ssp245,SSP2-4.5,San Francisco,CA,37.7749,-122.4194,38.16753926701571,237.5,2055,291.10342,17.95343,16.560783,1.3926468,1995-2014
CESM2,r4i1p1f1,ssp245,SSP2-4.5,San Francisco,CA,37.7749,-122.4194,38.16753926701571,237.5,2056,291.09088,17.940887,16.560783,1.3801041,1995-2014
CESM2,r4i1p1f1,ssp245,SSP2-4.5,San Francisco,CA,37.7749,-122.4194,38.16753926701571,237.5,2057,289.99698,16.846985,16.560783,0.28620148,1995-2014
CESM2,r4i1p1f1,ssp245,SSP2-4.5,San Francisco,CA,37.7749,-122.4194,38.16753926701571,237.5,2058,290.7633,17.613312,16.560783,1.0525284,1995-2014
CESM2,r4i1p1f1,ssp245,SSP2-4.5,San Francisco,CA,37.7749,-122.4194,38.16753926701571,237.5,2059,290.75485,17.604858,16.560783,1.044075,1995-2014
CESM2,r4i1p1f1,ssp245,SSP2-4.5,San Francisco,CA,37.7749,-122.4194,38.16753926701571,237.5,2060,290.5944,17.444397,16.560783,0.8836136,1995-2014
CESM2,r4i1p1f1,ssp245,SSP2-4.5,San Francisco,CA,37.7749,-122.4194,38.16753926701571,237.5,2061,291.5776,18.427612,16.560783,1.8668289,1995-2014
CESM2,r4i1p1f1,ssp245,SSP2-4.5,San Francisco,CA,37.7749,-122.4194,38.16753926701571,237.5,2062,290.97882,17.828827,16.560783,1.2680435,1995-2014
CESM2,r4i1p1f1,ssp245,SSP2-4.5,San Francisco,CA,37.7749,-122.4194,38.16753926701571,237.5,2063,291.35684,18.206848,16.560783,1.6460648,1995-2014
CESM2,r4i1p1f1,ssp245,SSP2-4.5,San Francisco,CA,37.7749,-122.4194,38.16753926701571,237.5,2064,290.84772,17.697723,16.560783,1.13694,1995-2014
CESM2,r4i1p1f1,ssp245,SSP2-4.5,San Francisco,CA,37.7749,-122.4194,38.16753926701571,237.5,2065,291.45935,18.309357,16.560783,1.7485733,1995-2014
CESM2,r4i1p1f1,ssp245,SSP2-4.5,San Francisco,CA,37.7749,-122.4194,38.16753926701571,237.5,2066,290.94968,17.799683,16.560783,1.2388992,1995-2014
CESM2,r4i1p1f1,ssp245,SSP2-4.5,San Francisco,CA,37.7749,-122.4194,38.16753926701571,237.5,2067,290.99377,17.84378,16.560783,1.2829971,1995-2014
CESM2,r4i1p1f1,ssp245,SSP2-4.5,San Francisco,CA,37.7749,-122.4194,38.16753926701571,237.5,2068,291.52493,18.374939,16.560783,1.8141556,1995-2014
CESM2,r4i1p1f1,ssp245,SSP2-4.5,San Francisco,CA,37.7749,-122.4194,38.16753926701571,237.5,2069,291.697,18.546997,16.560783,1.9862137,1995-2014
CESM2,r4i1p1f1,ssp245,SSP2-4.5,San Francisco,CA,37.7749,-122.4194,38.16753926701571,237.5,2070,291.33524,18.185242,16.560783,1.6244583,1995-2014
CESM2,r4i1p1f1,ssp245,SSP2-4.5,San Francisco,CA,37.7749,-122.4194,38.16753926701571,237.5,2071,291.39523,18.24524,16.560783,1.6844559,1995-2014
CESM2,r4i1p1f1,ssp245,SSP2-4.5,San Francisco,CA,37.7749,-122.4194,38.16753926701571,237.5,2072,290.8761,17.726105,16.560783,1.1653214,1995-2014
CESM2,r4i1p1f1,ssp245,SSP2-4.5,San Francisco,CA,37.7749,-122.4194,38.16753926701571,237.5,2073,292.4534,19.303406,16.560783,2.7426224,1995-2014
CESM2,r4i1p1f1,ssp245,SSP2-4.5,San Francisco,CA,37.7749,-122.4194,38.16753926701571,237.5,2074,290.81238,17.662384,16.560783,1.1016006,1995-2014
CESM2,r4i1p1f1,ssp245,SSP2-4.5,San Francisco,CA,37.7749,-122.4194,38.16753926701571,237.5,2075,292.17023,19.020233,16.560783,2.4594498,1995-2014
CESM2,r4i1p1f1,ssp245,SSP2-4.5,San Francisco,CA,37.7749,-122.4194,38.16753926701571,237.5,2076,291.68173,18.531738,16.560783,1.9709549,1995-2014
CESM2,r4i1p1f1,ssp245,SSP2-4.5,San Francisco,CA,37.7749,-122.4194,38.16753926701571,237.5,2077,291.4974,18.347412,16.560783,1.7866287,1995-2014
CESM2,r4i1p1f1,ssp245,SSP2-4.5,San Francisco,CA,37.7749,-122.4194,38.16753926701571,237.5,2078,291.23166,18.081665,16.560783,1.5208817,1995-2014
CESM2,r4i1p1f1,ssp245,SSP2-4.5,San Francisco,CA,37.7749,-122.4194,38.16753926701571,237.5,2079,292.1525,19.002502,16.560783,2.441719,1995-2014
CESM2,r4i1p1f1,ssp245,SSP2-4.5,San Francisco,CA,37.7749,-122.4194,38.16753926701571,237.5,2080,291.2311,18.081116,16.560783,1.5203323,1995-2014
CESM2,r4i1p1f1,ssp245,SSP2-4.5,San Francisco,CA,37.7749,-122.4194,38.16753926701571,237.5,2081,290.40915,17.259155,16.560783,0.6983719,1995-2014
CESM2,r4i1p1f1,ssp245,SSP2-4.5,San Francisco,CA,37.7749,-122.4194,38.16753926701571,237.5,2082,291.00992,17.859924,16.560783,1.2991409,1995-2014
CESM2,r4i1p1f1,ssp245,SSP2-4.5,San Francisco,CA,37.7749,-122.4194,38.16753926701571,237.5,2083,291.9039,18.753906,16.560783,2.1931229,1995-2014
CESM2,r4i1p1f1,ssp245,SSP2-4.5,San Francisco,CA,37.7749,-122.4194,38.16753926701571,237.5,2084,292.08273,18.93274,16.560783,2.3719559,1995-2014
CESM2,r4i1p1f1,ssp245,SSP2-4.5,San Francisco,CA,37.7749,-122.4194,38.16753926701571,237.5,2085,291.52948,18.379486,16.560783,1.8187027,1995-2014
CESM2,r4i1p1f1,ssp245,SSP2-4.5,San Francisco,CA,37.7749,-122.4194,38.16753926701571,237.5,2086,292.19974,19.049744,16.560783,2.4889603,1995-2014
CESM2,r4i1p1f1,ssp245,SSP2-4.5,San Francisco,CA,37.7749,-122.4194,38.16753926701571,237.5,2087,291.8143,18.664307,16.560783,2.1035233,1995-2014
CESM2,r4i1p1f1,ssp245,SSP2-4.5,San Francisco,CA,37.7749,-122.4194,38.16753926701571,237.5,2088,291.88016,18.730164,16.560783,2.1693802,1995-2014
CESM2,r4i1p1f1,ssp245,SSP2-4.5,San Francisco,CA,37.7749,-122.4194,38.16753926701571,237.5,2089,291.39603,18.246033,16.560783,1.6852493,1995-2014
CESM2,r4i1p1f1,ssp245,SSP2-4.5,San Francisco,CA,37.7749,-122.4194,38.16753926701571,237.5,2090,292.14868,18.998688,16.560783,2.4379044,1995-2014
CESM2,r4i1p1f1,ssp245,SSP2-4.5,San Francisco,CA,37.7749,-122.4194,38.16753926701571,237.5,2091,291.85242,18.702423,16.560783,2.1416397,1995-2014
CESM2,r4i1p1f1,ssp245,SSP2-4.5,San Francisco,CA,37.7749,-122.4194,38.16753926701571,237.5,2092,291.41666,18.266663,16.560783,1.7058792,1995-2014
CESM2,r4i1p1f1,ssp245,SSP2-4.5,San Francisco,CA,37.7749,-122.4194,38.16753926701571,237.5,2093,291.35263,18.202637,16.560783,1.6418533,1995-2014
CESM2,r4i1p1f1,ssp245,SSP2-4.5,San Francisco,CA,37.7749,-122.4194,38.16753926701571,237.5,2094,291.65573,18.505737,16.560783,1.9449539,1995-2014
CESM2,r4i1p1f1,ssp245,SSP2-4.5,San Francisco,CA,37.7749,-122.4194,38.16753926701571,237.5,2095,292.2269,19.076904,16.560783,2.516121,1995-2014
CESM2,r4i1p1f1,ssp245,SSP2-4.5,San Francisco,CA,37.7749,-122.4194,38.16753926701571,237.5,2096,292.55692,19.406921,16.560783,2.846138,1995-2014
CESM2,r4i1p1f1,ssp245,SSP2-4.5,San Francisco,CA,37.7749,-122.4194,38.16753926701571,237.5,2097,292.45218,19.302185,16.560783,2.7414017,1995-2014
CESM2,r4i1p1f1,ssp245,SSP2-4.5,San Francisco,CA,37.7749,-122.4194,38.16753926701571,237.5,2098,291.6192,18.469208,16.560783,1.9084244,1995-2014
CESM2,r4i1p1f1,ssp245,SSP2-4.5,San Francisco,CA,37.7749,-122.4194,38.16753926701571,237.5,2099,292.68442,19.534424,16.560783,2.9736404,1995-2014
CESM2,r4i1p1f1,ssp245,SSP2-4.5,San Francisco,CA,37.7749,-122.4194,38.16753926701571,237.5,2100,291.24765,18.097656,16.560783,1.5368729,1995-2014
CESM2,r4i1p1f1,ssp585,SSP5-8.5,San Francisco,CA,37.7749,-122.4194,38.16753926701571,237.5,2015,289.7399,16.589905,16.560783,0.029121399,1995-2014
CESM2,r4i1p1f1,ssp585,SSP5-8.5,San Francisco,CA,37.7749,-122.4194,38.16753926701571,237.5,2016,290.82413,17.674133,16.560783,1.1133499,1995-2014
CESM2,r4i1p1f1,ssp585,SSP5-8.5,San Francisco,CA,37.7749,-122.4194,38.16753926701571,237.5,2017,289.8079,16.657898,16.560783,0.09711456,1995-2014
CESM2,r4i1p1f1,ssp585,SSP5-8.5,San Francisco,CA,37.7749,-122.4194,38.16753926701571,237.5,2018,290.54294,17.392944,16.560783,0.83216095,1995-2014
CESM2,r4i1p1f1,ssp585,SSP5-8.5,San Francisco,CA,37.7749,-122.4194,38.16753926701571,237.5,2019,290.11584,16.96585,16.560783,0.40506744,1995-2014
CESM2,r4i1p1f1,ssp585,SSP5-8.5,San Francisco,CA,37.7749,-122.4194,38.16753926701571,237.5,2020,289.74255,16.59256,16.560783,0.03177643,1995-2014
CESM2,r4i1p1f1,ssp585,SSP5-8.5,San Francisco,CA,37.7749,-122.4194,38.16753926701571,237.5,2021,290.52115,17.371155,16.560783,0.8103714,1995-2014
CESM2,r4i1p1f1,ssp585,SSP5-8.5,San Francisco,CA,37.7749,-122.4194,38.16753926701571,237.5,2022,290.35513,17.20514,16.560783,0.6443558,1995-2014
CESM2,r4i1p1f1,ssp585,SSP5-8.5,San Francisco,CA,37.7749,-122.4194,38.16753926701571,237.5,2023,289.5192,16.369202,16.560783,-0.19158173,1995-2014
CESM2,r4i1p1f1,ssp585,SSP5-8.5,San Francisco,CA,37.7749,-122.4194,38.16753926701571,237.5,2024,290.352,17.201996,16.560783,0.64121246,1995-2014
CESM2,r4i1p1f1,ssp585,SSP5-8.5,San Francisco,CA,37.7749,-122.4194,38.16753926701571,237.5,2025,290.15707,17.00708,16.560783,0.4462967,1995-2014
CESM2,r4i1p1f1,ssp585,SSP5-8.5,San Francisco,CA,37.7749,-122.4194,38.16753926701571,237.5,2026,290.17426,17.024261,16.560783,0.4634781,1995-2014
CESM2,r4i1p1f1,ssp585,SSP5-8.5,San Francisco,CA,37.7749,-122.4194,38.16753926701571,237.5,2027,290.09625,16.946259,16.560783,0.38547516,1995-2014
CESM2,r4i1p1f1,ssp585,SSP5-8.5,San Francisco,CA,37.7749,-122.4194,38.16753926701571,237.5,2028,289.9819,16.83191,16.560783,0.2711258,1995-2014
CESM2,r4i1p1f1,ssp585,SSP5-8.5,San Francisco,CA,37.7749,-122.4194,38.16753926701571,237.5,2029,290.55035,17.40036,16.560783,0.8395767,1995-2014
CESM2,r4i1p1f1,ssp585,SSP5-8.5,San Francisco,CA,37.7749,-122.4194,38.16753926701571,237.5,2030,290.1123,16.96231,16.560783,0.4015274,1995-2014
CESM2,r4i1p1f1,ssp585,SSP5-8.5,San Francisco,CA,37.7749,-122.4194,38.16753926701571,237.5,2031,290.02927,16.879272,16.560783,0.31848907,1995-2014
CESM2,r4i1p1f1,ssp585,SSP5-8.5,San Francisco,CA,37.7749,-122.4194,38.16753926701571,237.5,2032,291.47928,18.329285,16.560783,1.7685013,1995-2014
CESM2,r4i1p1f1,ssp585,SSP5-8.5,San Francisco,CA,37.7749,-122.4194,38.16753926701571,237.5,2033,290.31735,17.167358,16.560783,0.606575,1995-2014
CESM2,r4i1p1f1,ssp585,SSP5-8.5,San Francisco,CA,37.7749,-122.4194,38.16753926701571,237.5,2034,291.3993,18.249298,16.560783,1.6885147,1995-2014
CESM2,r4i1p1f1,ssp585,SSP5-8.5,San Francisco,CA,37.7749,-122.4194,38.16753926701571,237.5,2035,290.1171,16.967102,16.560783,0.40631866,1995-2014
CESM2,r4i1p1f1,ssp585,SSP5-8.5,San Francisco,CA,37.7749,-122.4194,38.16753926701571,237.5,2036,290.50098,17.350983,16.560783,0.7901993,1995-2014
CESM2,r4i1p1f1,ssp585,SSP5-8.5,San Francisco,CA,37.7749,-122.4194,38.16753926701571,237.5,2037,291.13458,17.984589,16.560783,1.4238052,1995-2014
CESM2,r4i1p1f1,ssp585,SSP5-8.5,San Francisco,CA,37.7749,-122.4194,38.16753926701571,237.5,2038,290.73215,17.582153,16.560783,1.0213699,1995-2014
CESM2,r4i1p1f1,ssp585,SSP5-8.5,San Francisco,CA,37.7749,-122.4194,38.16753926701571,237.5,2039,290.7691,17.61911,16.560783,1.0583267,1995-2014
CESM2,r4i1p1f1,ssp585,SSP5-8.5,San Francisco,CA,37.7749,-122.4194,38.16753926701571,237.5,2040,291.5806,18.430603,16.560783,1.8698196,1995-2014
CESM2,r4i1p1f1,ssp585,SSP5-8.5,San Francisco,CA,37.7749,-122.4194,38.16753926701571,237.5,2041,290.50565,17.355652,16.560783,0.79486847,1995-2014
CESM2,r4i1p1f1,ssp585,SSP5-8.5,San Francisco,CA,37.7749,-122.4194,38.16753926701571,237.5,2042,290.61615,17.466156,16.560783,0.9053726,1995-2014
CESM2,r4i1p1f1,ssp585,SSP5-8.5,San Francisco,CA,37.7749,-122.4194,38.16753926701571,237.5,2043,290.38998,17.23999,16.560783,0.67920685,1995-2014
CESM2,r4i1p1f1,ssp585,SSP5-8.5,San Francisco,CA,37.7749,-122.4194,38.16753926701571,237.5,2044,290.69116,17.541168,16.560783,0.9803848,1995-2014
CESM2,r4i1p1f1,ssp585,SSP5-8.5,San Francisco,CA,37.7749,-122.4194,38.16753926701571,237.5,2045,291.67825,18.52826,16.560783,1.9674759,1995-2014
CESM2,r4i1p1f1,ssp585,SSP5-8.5,San Francisco,CA,37.7749,-122.4194,38.16753926701571,237.5,2046,290.96024,17.810242,16.560783,1.2494583,1995-2014
CESM2,r4i1p1f1,ssp585,SSP5-8.5,San Francisco,CA,37.7749,-122.4194,38.16753926701571,237.5,2047,291.53714,18.387146,16.560783,1.8263626,1995-2014
CESM2,r4i1p1f1,ssp585,SSP5-8.5,San Francisco,CA,37.7749,-122.4194,38.16753926701571,237.5,2048,291.52548,18.375488,16.560783,1.8147049,1995-2014
CESM2,r4i1p1f1,ssp585,SSP5-8.5,San Francisco,CA,37.7749,-122.4194,38.16753926701571,237.5,2049,291.80914,18.65915,16.560783,2.0983658,1995-2014
CESM2,r4i1p1f1,ssp585,SSP5-8.5,San Francisco,CA,37.7749,-122.4194,38.16753926701571,237.5,2050,291.71527,18.565277,16.560783,2.0044937,1995-2014
CESM2,r4i1p1f1,ssp585,SSP5-8.5,San Francisco,CA,37.7749,-122.4194,38.16753926701571,237.5,2051,291.33817,18.188171,16.560783,1.627388,1995-2014
CESM2,r4i1p1f1,ssp585,SSP5-8.5,San Francisco,CA,37.7749,-122.4194,38.16753926701571,237.5,2052,291.9631,18.81311,16.560783,2.252327,1995-2014
CESM2,r4i1p1f1,ssp585,SSP5-8.5,San Francisco,CA,37.7749,-122.4194,38.16753926701571,237.5,2053,292.15427,19.004272,16.560783,2.443489,1995-2014
CESM2,r4i1p1f1,ssp585,SSP5-8.5,San Francisco,CA,37.7749,-122.4194,38.16753926701571,237.5,2054,291.5756,18.425598,16.560783,1.8648148,1995-2014
CESM2,r4i1p1f1,ssp585,SSP5-8.5,San Francisco,CA,37.7749,-122.4194,38.16753926701571,237.5,2055,292.33276,19.18277,16.560783,2.6219864,1995-2014
CESM2,r4i1p1f1,ssp585,SSP5-8.5,San Francisco,CA,37.7749,-122.4194,38.16753926701571,237.5,2056,292.14218,18.992188,16.560783,2.431404,1995-2014
CESM2,r4i1p1f1,ssp585,SSP5-8.5,San Francisco,CA,37.7749,-122.4194,38.16753926701571,237.5,2057,290.807,17.657013,16.560783,1.0962296,1995-2014
CESM2,r4i1p1f1,ssp585,SSP5-8.5,San Francisco,CA,37.7749,-122.4194,38.16753926701571,237.5,2058,291.97647,18.826477,16.560783,2.2656937,1995-2014
CESM2,r4i1p1f1,ssp585,SSP5-8.5,San Francisco,CA,37.7749,-122.4194,38.16753926701571,237.5,2059,291.38315,18.233154,16.560783,1.6723709,1995-2014
CESM2,r4i1p1f1,ssp585,SSP5-8.5,San Francisco,CA,37.7749,-122.4194,38.16753926701571,237.5,2060,291.96347,18.813477,16.560783,2.2526932,1995-2014
CESM2,r4i1p1f1,ssp585,SSP5-8.5,San Francisco,CA,37.7749,-122.4194,38.16753926701571,237.5,2061,291.64508,18.495087,16.560783,1.9343033,1995-2014
CESM2,r4i1p1f1,ssp585,SSP5-8.5,San Francisco,CA,37.7749,-122.4194,38.16753926701571,237.5,2062,291.12057,17.970581,16.560783,1.4097977,1995-2014
CESM2,r4i1p1f1,ssp585,SSP5-8.5,San Francisco,CA,37.7749,-122.4194,38.16753926701571,237.5,2063,291.831,18.681,16.560783,2.1202164,1995-2014
CESM2,r4i1p1f1,ssp585,SSP5-8.5,San Francisco,CA,37.7749,-122.4194,38.16753926701571,237.5,2064,292.69345,19.543457,16.560783,2.9826736,1995-2014
CESM2,r4i1p1f1,ssp585,SSP5-8.5,San Francisco,CA,37.7749,-122.4194,38.16753926701571,237.5,2065,291.93985,18.789856,16.560783,2.2290726,1995-2014
CESM2,r4i1p1f1,ssp585,SSP5-8.5,San Francisco,CA,37.7749,-122.4194,38.16753926701571,237.5,2066,291.80606,18.656067,16.560783,2.0952835,1995-2014
CESM2,r4i1p1f1,ssp585,SSP5-8.5,San Francisco,CA,37.7749,-122.4194,38.16753926701571,237.5,2067,290.74307,17.593079,16.560783,1.0322952,1995-2014
CESM2,r4i1p1f1,ssp585,SSP5-8.5,San Francisco,CA,37.7749,-122.4194,38.16753926701571,237.5,2068,292.39236,19.24237,16.560783,2.6815872,1995-2014
CESM2,r4i1p1f1,ssp585,SSP5-8.5,San Francisco,CA,37.7749,-122.4194,38.16753926701571,237.5,2069,292.78482,19.634827,16.560783,3.0740433,1995-2014
CESM2,r4i1p1f1,ssp585,SSP5-8.5,San Francisco,CA,37.7749,-122.4194,38.16753926701571,237.5,2070,292.8553,19.705292,16.560783,3.1445084,1995-2014
CESM2,r4i1p1f1,ssp585,SSP5-8.5,San Francisco,CA,37.7749,-122.4194,38.16753926701571,237.5,2071,291.99564,18.845642,16.560783,2.2848587,1995-2014
CESM2,r4i1p1f1,ssp585,SSP5-8.5,San Francisco,CA,37.7749,-122.4194,38.16753926701571,237.5,2072,292.13342,18.983429,16.560783,2.4226456,1995-2014
CESM2,r4i1p1f1,ssp585,SSP5-8.5,San Francisco,CA,37.7749,-122.4194,38.16753926701571,237.5,2073,292.0239,18.873901,16.560783,2.313118,1995-2014
CESM2,r4i1p1f1,ssp585,SSP5-8.5,San Francisco,CA,37.7749,-122.4194,38.16753926701571,237.5,2074,293.3258,20.175812,16.560783,3.6150284,1995-2014
CESM2,r4i1p1f1,ssp585,SSP5-8.5,San Francisco,CA,37.7749,-122.4194,38.16753926701571,237.5,2075,292.7692,19.619202,16.560783,3.0584183,1995-2014
CESM2,r4i1p1f1,ssp585,SSP5-8.5,San Francisco,CA,37.7749,-122.4194,38.16753926701571,237.5,2076,292.73734,19.587341,16.560783,3.026558,1995-2014
CESM2,r4i1p1f1,ssp585,SSP5-8.5,San Francisco,CA,37.7749,-122.4194,38.16753926701571,237.5,2077,292.1666,19.016602,16.560783,2.4558182,1995-2014
CESM2,r4i1p1f1,ssp585,SSP5-8.5,San Francisco,CA,37.7749,-122.4194,38.16753926701571,237.5,2078,292.08823,18.938232,16.560783,2.377449,1995-2014
CESM2,r4i1p1f1,ssp585,SSP5-8.5,San Francisco,CA,37.7749,-122.4194,38.16753926701571,237.5,2079,292.65207,19.502075,16.560783,2.9412918,1995-2014
CESM2,r4i1p1f1,ssp585,SSP5-8.5,San Francisco,CA,37.7749,-122.4194,38.16753926701571,237.5,2080,293.50076,20.350769,16.560783,3.7899857,1995-2014
CESM2,r4i1p1f1,ssp585,SSP5-8.5,San Francisco,CA,37.7749,-122.4194,38.16753926701571,237.5,2081,293.16812,20.018127,16.560783,3.457344,1995-2014
CESM2,r4i1p1f1,ssp585,SSP5-8.5,San Francisco,CA,37.7749,-122.4194,38.16753926701571,237.5,2082,293.23315,20.08316,16.560783,3.522377,1995-2014
CESM2,r4i1p1f1,ssp585,SSP5-8.5,San Francisco,CA,37.7749,-122.4194,38.16753926701571,237.5,2083,293.3306,20.180603,16.560783,3.6198196,1995-2014
CESM2,r4i1p1f1,ssp585,SSP5-8.5,San Francisco,CA,37.7749,-122.4194,38.16753926701571,237.5,2084,293.18967,20.039673,16.560783,3.4788895,1995-2014
CESM2,r4i1p1f1,ssp585,SSP5-8.5,San Francisco,CA,37.7749,-122.4194,38.16753926701571,237.5,2085,293.3226,20.172607,16.560783,3.611824,1995-2014
CESM2,r4i1p1f1,ssp585,SSP5-8.5,San Francisco,CA,37.7749,-122.4194,38.16753926701571,237.5,2086,292.8377,19.687714,16.560783,3.1269302,1995-2014
CESM2,r4i1p1f1,ssp585,SSP5-8.5,San Francisco,CA,37.7749,-122.4194,38.16753926701571,237.5,2087,292.99863,19.848633,16.560783,3.2878494,1995-2014
CESM2,r4i1p1f1,ssp585,SSP5-8.5,San Francisco,CA,37.7749,-122.4194,38.16753926701571,237.5,2088,293.60913,20.459137,16.560783,3.8983536,1995-2014
CESM2,r4i1p1f1,ssp585,SSP5-8.5,San Francisco,CA,37.7749,-122.4194,38.16753926701571,237.5,2089,293.80954,20.659546,16.560783,4.0987625,1995-2014
CESM2,r4i1p1f1,ssp585,SSP5-8.5,San Francisco,CA,37.7749,-122.4194,38.16753926701571,237.5,2090,293.39783,20.247833,16.560783,3.6870499,1995-2014
CESM2,r4i1p1f1,ssp585,SSP5-8.5,San Francisco,CA,37.7749,-122.4194,38.16753926701571,237.5,2091,293.91217,20.762177,16.560783,4.201393,1995-2014
CESM2,r4i1p1f1,ssp585,SSP5-8.5,San Francisco,CA,37.7749,-122.4194,38.16753926701571,237.5,2092,294.65726,21.507263,16.560783,4.94648,1995-2014
CESM2,r4i1p1f1,ssp585,SSP5-8.5,San Francisco,CA,37.7749,-122.4194,38.16753926701571,237.5,2093,293.21286,20.062866,16.560783,3.5020828,1995-2014
CESM2,r4i1p1f1,ssp585,SSP5-8.5,San Francisco,CA,37.7749,-122.4194,38.16753926701571,237.5,2094,294.59604,21.446045,16.560783,4.8852615,1995-2014
CESM2,r4i1p1f1,ssp585,SSP5-8.5,San Francisco,CA,37.7749,-122.4194,38.16753926701571,237.5,2095,293.76816,20.618164,16.560783,4.0573807,1995-2014
CESM2,r4i1p1f1,ssp585,SSP5-8.5,San Francisco,CA,37.7749,-122.4194,38.16753926701571,237.5,2096,295.2374,22.087402,16.560783,5.526619,1995-2014
CESM2,r4i1p1f1,ssp585,SSP5-8.5,San Francisco,CA,37.7749,-122.4194,38.16753926701571,237.5,2097,294.25113,21.101135,16.560783,4.540352,1995-2014
CESM2,r4i1p1f1,ssp585,SSP5-8.5,San Francisco,CA,37.7749,-122.4194,38.16753926701571,237.5,2098,294.8795,21.729492,16.560783,5.168709,1995-2014
CESM2,r4i1p1f1,ssp585,SSP5-8.5,San Francisco,CA,37.7749,-122.4194,38.16753926701571,237.5,2099,295.6298,22.479797,16.560783,5.919014,1995-2014
CESM2,r4i1p1f1,ssp585,SSP5-8.5,San Francisco,CA,37.7749,-122.4194,38.16753926701571,237.5,2100,294.04233,20.892334,16.560783,4.3315506,1995-2014
